Изображения,Название,Артикул,Цена,Валюта,Наличие,Бренд,Категория,Подкатегория,Раздел,URL,Описание,Код товара,Напряжение,Мощность,Ширина,Глубина,Высота,Вес,Количество мест,Размеры,Остаток,Файлы,Старая цена,Видео,Вес (без упаковки),Родина бренда,Страна-производитель,Объем,Вес (с упаковкой)
https://cdn.entero.ru/mp@2x/b7/77/b7773c03604e39dfe3155eacc4f0a528.jpg;https://cdn.entero.ru/mp@2x/52/ed/52ed09984af5dc65a48fbcec79836507.jpg;https://cdn.entero.ru/mp@2x/a2/3c/a23c1ba09ddb5876efe020abfbdce99f.jpg;https://cdn.entero.ru/mp@2x/87/ec/87ec6fae05f3b6bf9083af4ce5b57cc1.jpg;https://cdn.entero.ru/mp@2x/3b/9d/3b9d7ba772118ac9fe07b3b86a259e85.jpg;https://cdn.entero.ru/mp@2x/9c/4f/9c4f4753fae5054c43207ebe4015f273.jpg;https://cdn.entero.ru/mp@2x/e7/dd/e7dd1630279e9f7597997cc446085081.jpg,Аэрофритюрница CASO AF 600 XL,Аэрофритюрница CASO AF 600 XL,18300,RUB,Да,CASO,Бытовая техника,Техника для кухни,Фритюрницы,https://entero.ru/item/251560,"<p>Аэрофритюрница <b class=""b""><a style=""text-decoration:none;cursor:text;"" href=""http://entero.ru/item/251560"">CASO AF 600 XL</a></b> предназначена для приготовления различных продуктов без масла в частных домах, квартирах, отелях и офисах. Модель оснащена сенсорной панелью управления с дисплеем, большой съемной корзиной для жарки и нескользящими ножками. </p>

<p><b>Особенности: </b></p>

<ul>
<li>12 автоматических программ</li>
<li>Равномерное распределение тепла за счет конвекции</li>
<li>Быстрый нагрев</li>
<li>Регулировка температуры</li>
<li>Функция Shake для равномерного обжаривания и получения хрустящей корочки</li>
<li>Ручка Cool Touch</li>
<li>Таймер на 60 мин. (до 480 мин. в программе ""Сушка"") со звуковым сигналом по истечении времени</li>
<li>Легкая очистка</li>
</ul>

<p><b>Дополнительные характеристики:</b></p>

<ul>
<li>Температурный режим: от 50 до 200 °C</li>
<li>Шаг регулировки температуры: 5 °C</li>
<li>Загрузка продукта: до 1,2 кг</li>
<li>Габариты в упаковке: 305х370х380 мм</li>
</ul>",251560,220 В,1.7 кВт,280 мм,300 мм,370 мм,,,,0,https://entero.ru/manuals/308817/%D0%98%D0%BD%D1%81%D1%82%D1%80%D1%83%D0%BA%D1%86%D0%B8%D1%8F%20%D0%BD%D0%B0%20CASO%20AF%20600%20XL.pdf,19063,,6.4 кг,Германия,Китай,6 л,
https://cdn.entero.ru/mp@2x/ba/78/ba78e89009407572fab98cdd24d60ad3.jpg;https://cdn.entero.ru/mp@2x/8f/39/8f39d1b33528ccdf8bec0c86bf603011.jpg;https://cdn.entero.ru/mp@2x/0d/ba/0dbae3b069144b9e0f065b7f06aab3f8.jpg,Фритюрница Clatronic FR 3586,Фритюрница Clatronic FR 3586,7990,RUB,Да,,Бытовая техника,Техника для кухни,Фритюрницы,https://entero.ru/item/172593,"<p><span class=""b"">Фритюрница</span><b class=""b""> <a style=""text-decoration:none;cursor:text;"" href=""http://entero.ru/item/172593"">Clatronic FR 3586</a></b> предназначена для приготовления различных продуктов в большом количестве горячего масла или жира в частных домах и квартирах. Модель оснащена термостатом с контрольной лампой, съемным контейнером для масла и термоизолированной ручкой. Корпус, крышка и нагревательный элемент выполнены из нержавеющей стали.</p>

<p><b>Особенности: </b></p>

<ul>
<li>Плавная регулировка температуры</li>
<li>Технология холодной зоны</li>
<li>Нагревательный элемент погруженный в масло</li>
<li>Резервуар для конденсата</li>
<li>Защита от перегрева</li>
<li>Отсек для хранения кабеля</li>
</ul>

<p><b>Характеристики:</b></p>

<ul>
<li>Объем: 3 л</li>
<li>Напряжение: 220 В</li>
<li>Мощность: 2 кВт</li>
</ul>",172593,,,,,,,,,0,https://entero.ru/manuals/199090/%D0%98%D0%BD%D1%81%D1%82%D1%80%D1%83%D0%BA%D1%86%D0%B8%D1%8F%20%D0%BD%D0%B0%20Clatronic%20FR%203586.pdf,10653,,,,,,
https://cdn.entero.ru/mp@2x/a6/f1/a6f103bf6524cc9fc039f16225a09777.jpg;https://cdn.entero.ru/mp@2x/be/e4/bee41748057a7671453a238dd0678e94.jpg;https://cdn.entero.ru/mp@2x/82/ee/82ee7407bc7b470a06991d96e0ab4d02.jpg;https://cdn.entero.ru/mp@2x/84/ba/84baaa213a67533113eb4497d9375f7a.jpg;https://cdn.entero.ru/mp@2x/0e/a6/0ea62315f1c2bca71afb0a6dcfd3b5fd.jpg;https://cdn.entero.ru/mp@2x/d6/58/d6580e20eeb5590ac1d5721c406d5531.jpg;https://cdn.entero.ru/mp@2x/9b/3d/9b3d771c174322ac723b0647dada2495.jpg;https://cdn.entero.ru/mp@2x/cd/f6/cdf6ca598e981acf3bf617eed439de3e.jpg,Аэрофритюрница CASO AirFry Chef 1700,Аэрофритюрница CASO AirFry Chef 1700,22608,RUB,Да,CASO,Бытовая техника,Техника для кухни,Фритюрницы,https://entero.ru/item/232023,"<p><span class=""b"">Аэрофритюрница</span><b class=""b""> <a style=""text-decoration:none;cursor:text;"" href=""http://entero.ru/item/232023"">CASO AirFry Chef 1700</a></b> предназначена для приготовления различных блюд без использования масла, а также сушки фруктов, ягод и трав в домашних условиях. Модель оснащена 6 нагревательными элементами, откидной дверцей с горизонтальной рукояткой и смотровым окном, камерой с 3 уровнями для установки противней и электромеханической панелью управления с функциональными кнопками, круговым регулятором и информативным дисплеем. Корпус выполнен из стали с покрытием черного цвета, внутренняя облицовка камеры и нагревательные элементы – из нержавеющей стали.</p>

<p>В комплект поставки входят решетка для гриля, противень, решетчатая корзина, вертел, съемный поддон для крошек и капель.</p>

<p><b>Особенности: </b></p>

<ul>
<li>12 автоматических программ</li>
<li>Система быстрого разогрева с точным контролем температуры Rapid HeatControl</li>
<li>Равномерное распределение потока горячего воздуха PowerConvection</li>
<li>Таймер для настройки длительности приготовления</li>
<li>Цифровая индикация температуры</li>
<li>Светодиодные индикаторы программ</li>
<li>Автоматическое отключение</li>
<li>Подсветка внутреннего объема</li>
<li>Легкость очистки камеры</li>
<li>Эргономичный стильный дизайн</li>
</ul>

<p><b>Характеристики:</b></p>

<ul>
<li>Диапазон регулировки температуры: от 40 до 230 °C</li>
<li>Шаг регулировки температуры: 5 °C</li>
<li>Диапазон регулировки таймера:
<ul>
<li>Приготовление: от 1 до 120 мин.</li>
<li>Сушка: до 240 мин.</li>
</ul>
</li>
<li>Шаг регулировки таймера: 1 мин.</li>
</ul>",232023,220 В,1.7 кВт,405 мм,390 мм,350 мм,,,,0,,24574,,6.9 кг,Германия,Китай,22 л,
https://cdn.entero.ru/mp@2x/41/4a/414afb500fac026f638517f7e779080d.jpg;https://cdn.entero.ru/mp@2x/4a/07/4a07cbdc6b1f56b5d16a1fc8d14388c0.jpg;https://cdn.entero.ru/mp@2x/0c/35/0c35a78bfc782f8642502c5efcbc0aee.jpg;https://cdn.entero.ru/mp@2x/41/54/4154d59d8576eddd90439e1984e6bb92.jpg,Фритюрница Rommelsbacher FRP 2135/E,Фритюрница Rommelsbacher FRP 2135/E,22986,RUB,Да,Rommelsbacher,Бытовая техника,Техника для кухни,Фритюрницы,https://entero.ru/item/209602,"<p>Фритюрница <b class=""b""><a style=""text-decoration:none;cursor:text;"" href=""http://entero.ru/item/209602"">Rommelsbacher FRP 2135/E</a></b> предназначена для приготовления различных продуктов в большом количестве горячего масла или жира в частных домах и квартирах. Модель оснащена панелью управления с 2 контрольными лампами питания и нагрева, съемным резервуаром для масла, большой корзиной для жарки и крышкой со смотровым окном и постоянным фильтром против запаха и дыма. Корпус, крышка и резервуар для масла выполнены из нержавеющей стали.</p>

<p><b>Особенности: </b></p>

<ul>
<li>Бесступенчатая регулировка температуры </li>
<li>Технология холодной зоны</li>
<li>Крышка нагревательного элемента с диффузором</li>
<li>Таймер до 30 мин. со звуковым сигналом</li>
<li>Емкость для сбора конденсата</li>
<li>Защита от перегрева</li>
<li>Полностью разбирается для очистки</li>
<li>Детали можно мыть в посудомоечной машине</li>
</ul>

<p><b>Дополнительные характеристики:</b></p>

<ul>
<li>Температурный режим: до 190 °C</li>
<li>Размер корзины: 220х165х70 мм</li>
</ul>",209602,220 В,2.1 кВт,285 мм,435 мм,310 мм,,,,0,https://entero.ru/manuals/245210/%D0%98%D0%BD%D1%81%D1%82%D1%80%D1%83%D0%BA%D1%86%D0%B8%D1%8F%20%D0%BD%D0%B0%20Rommelsbacher%20FRP%202135_E%20%28%D0%B0%D0%BD%D0%B3%D0%BB.%29.pdf,23944,,3.76 кг,Германия,Китай,3.5 л,
https://cdn.entero.ru/mp@2x/f9/46/f94681e686b93b12f73032643a8b6766.jpg;https://cdn.entero.ru/mp@2x/e0/3a/e03a4d52b0fa5026cd4bb44bd52a7879.jpg;https://cdn.entero.ru/mp@2x/dd/1b/dd1b2a4e99026acaf788ece0e46cb443.jpg;https://cdn.entero.ru/mp@2x/33/34/33343f760c8021506ec6847f391753d6.jpg;https://cdn.entero.ru/mp@2x/7b/c4/7bc43804b3bec2d4286c3c4761060b0e.jpg,Фритюрница-фондю Bomann FFR 1290 CB,FFR 1290 CB weis-grau 1L,4999,RUB,Да,Bomann,Бытовая техника,Техника для кухни,Фритюрницы,https://entero.ru/item/211301,"<p>Фритюрница-фондю <b class=""b""><a style=""text-decoration:none;cursor:text;"" href=""http://entero.ru/item/211301"">Bomann FFR 1290 CB</a></b> предназначена для приготовления различных продуктов в большом количестве горячего масла или жира и фондю в частных домах и квартирах. Модель оснащена панелью управления с дисплеем и регулятором температуры, корзиной для жарки со съемной ручкой и съемной крышкой. Теплоизолированный корпус выполнен из пластика.</p>

<p>В комплект поставки входят 6 вилок с цветными наконечниками и кольцо для фондю.</p>

<p><b>Особенности: </b></p>

<ul>
<li>Бесступенчатая регулировка температуры</li>
<li>Сменный фильтр против запахов и жира</li>
<li>На корпусе указана информация о времени и температуре приготовления различных продуктов</li>
<li>Защита от перегрева </li>
</ul>

<p><b>Дополнительные характеристики:</b></p>

<ul>
<li>Температурный режим: до 190 °C</li>
</ul>",211301,220 В,0.84 кВт,190 мм,190 мм,240 мм,,,,0,https://entero.ru/manuals/247799/%D0%98%D0%BD%D1%81%D1%82%D1%80%D1%83%D0%BA%D1%86%D0%B8%D1%8F%20%D0%BD%D0%B0%20Bomann%20FFR%201290%20CB.pdf,6492,,1.2 кг,Германия,Китай,1 л,
https://cdn.entero.ru/mp@2x/92/70/9270807d489efa8d314d8fc782e17103.jpg,Фритюрница-фондю Clatronic FFR 2916,Фритюрница-фондю Clatronic FFR 2916,4999,RUB,Да,,Бытовая техника,Техника для кухни,Фритюрницы,https://entero.ru/item/226479,"<p>Фритюрница-фондю <a style=""text-decoration:none;cursor:text;"" href=""http://entero.ru/item/226479""><b class=""b"">Clatronic FFR 2916</b></a> предназначена для приготовления различных продуктов в большом количестве горячего масла или жира и фондю в частных домах и квартирах. Модель оснащена бесступенчатым регулятором температуры, световыми индикаторами питания и нагрева, корзиной для жарки со съемной ручкой и съемной крышкой с фильтром против запахов. Корпус выполнен из белого и серого пластика.</p>

<p>В комплект поставки входят 6 вилок с цветными наконечниками и кольцо для фондю с держателями для вилок.</p>

<p><b>Особенности: </b></p>

<ul>
<li>Теплоизолированный корпус</li>
<li>Компактный размер</li>
<li>На корпусе указана информация о времени и температуре приготовления различных продуктов</li>
<li>Съемные детали можно мыть в посудомоечной машине</li>
<li>Защита от перегрева </li>
</ul>

<p><b>Дополнительные характеристики:</b></p>

<ul>
<li>Температурный режим: до 190 °C</li>
</ul>",226479,220 В,0.9 кВт,240 мм,190 мм,190 мм,,,,0,https://entero.ru/manuals/272910/%D0%98%D0%BD%D1%81%D1%82%D1%80%D1%83%D0%BA%D1%86%D0%B8%D1%8F%20%D0%BD%D0%B0%20Clatronic%20FFR%202916.pdf,6492,,0.9 кг,Германия,Китай,1 л,
https://cdn.entero.ru/mp@2x/13/61/136141d0af3240c999a9267307e90067.jpg;https://cdn.entero.ru/mp@2x/bf/0d/bf0d7d0f47bc58bd9a91e3c26a9d1977.jpg;https://cdn.entero.ru/mp@2x/34/32/34328d539c7b94bf2a004c74acb46264.jpg;https://cdn.entero.ru/mp@2x/bd/44/bd44797d176246f03ed4ddeed19e6323.jpg;https://cdn.entero.ru/mp@2x/5f/6d/5f6d0f2586930e6782dbd86af8e2fab0.jpg;https://cdn.entero.ru/mp@2x/86/c5/86c567d5d204e690acfaee0fef0c8690.jpg,Фритюрница-фондю Steba DF 95,DF 95 / 26.45.00,7510,RUB,Да,,Бытовая техника,Техника для кухни,Фритюрницы,https://entero.ru/item/303306,"<p><span class=""b"">Фритюрница-фондю</span><b class=""b""> <a style=""text-decoration:none;cursor:text;"" href=""http://entero.ru/item/303306"">Steba DF 95</a></b> используется в домашних условиях для приготовления фондю – национального блюда швейцарской кухни с сырной или шоколадной основой, а также выпечки и различных блюд с хрустящей корочкой путем обжаривания в большом объеме масла или жира. Модель оснащена кабелем питания с вилкой и электромеханической панелью управления. Внешняя облицовка корпуса, внутренняя поверхность крышки, корзина и вилки выполнены из нержавеющей стали, верх крышки, основание прибора, кольцо и рукоятки – из пластика черного цвета,.</p>

<p>В комплект поставки входят решетчатая корзина со съемной термоизолированной рукояткой, кольцо с фиксирующими пазами и 8 вилок для фондю с цветовой маркировкой.</p>

<p><b>Особенности: </b></p>

<ul>
<li>Бесступенчатая регулировка температуры с помощью термостата с поворотным переключателем</li>
<li>Светодиодный индикатор нагрева</li>
<li>Съемная крышка со смотровым окном и постоянным фильтром</li>
<li>Рекомендации по приготовлению различных продуктов на фронтальной панели</li>
<li>Надежная фиксация крышки и разблокировка с помощью поворотной рукоятки</li>
<li>Рукоятки для удобства транспортировки </li>
<li>Устойчивая нескользящая база</li>
<li>Компактные габариты для оптимизации пространства</li>
<li>Эргономичный стильный дизайн</li>
</ul>

<p><b>Характеристики:</b></p>

<ul>
<li>Диапазон рабочей температуры: от 80 до 190 °C</li>
<li>Габариты корзины: 75х130х120 мм</li>
</ul>",303306,220 В,0.84 кВт,245 мм,225 мм,195 мм,,,,0,https://entero.ru/manuals/363634/%D0%98%D0%BD%D1%81%D1%82%D1%80%D1%83%D0%BA%D1%86%D0%B8%D1%8F%20%D0%BD%D0%B0%20Steba%20DF%2095.pdf,9882,,,Германия,Китай,1.2 л,
https://cdn.entero.ru/mp@2x/ba/a9/baa960029e9db2b25d235dccc3608713.jpg;https://cdn.entero.ru/mp@2x/6a/cc/6accade2b48ba327d67421257cc5a932.jpg;https://cdn.entero.ru/mp@2x/53/09/5309a02d383f91e73b9b25caf12b7bb9.jpg;https://cdn.entero.ru/mp@2x/57/38/5738f6b592a0226a76be5442c40b5591.jpg;https://cdn.entero.ru/mp@2x/bc/90/bc90a77ebcc918cdf274a62df80bf442.jpg,Аэрофритюрница VIATTO VA-AF677,Аэрофритюрница VIATTO VA-AF677,7876,RUB,Да,VIATTO,Бытовая техника,Техника для кухни,Фритюрницы,https://entero.ru/item/197945,"<p>Аэрофритюрница <b class=""b""><a style=""text-decoration:none;cursor:text;"" href=""http://entero.ru/item/197945"">Viatto VA-AF677</a></b> предназначена для приготовления различных блюд без использования масла в частных домах и квартирах. Модель оснащена электронной панелью управления с дисплеем. Корпус выполнен из пластика, чаша - из металла с антипригарным покрытием.</p>

<p><b>Особенности:</b></p>

<ul>
<li>8 встроенных программ</li>
<li>Режим ручной настройки</li>
<li>Таймер</li>
</ul>

<p><b>Дополнительные характеристики:</b></p>

<ul>
<li>Объем чаши: 6 л</li>
<li>Температурный режим: от 30 до 200 °C</li>
<li>Габариты в упаковке: 480х376х424 мм</li>
</ul>",197945,220 В,1.8 кВт,320 мм,320 мм,350 мм,7 кг,1,480x376x424 мм,147,https://entero.ru/manuals/408528/%D0%98%D0%BD%D1%81%D1%82%D1%80%D1%83%D0%BA%D1%86%D0%B8%D1%8F%20%D0%BD%D0%B0%20VIATTO%20VA-AF677.pdf;https://entero.ru/manuals/408529/%D0%94%D0%B5%D0%BA%D0%BB%D0%B0%D1%80%D0%B0%D1%86%D0%B8%D1%8F%20%D0%BE%20%D1%81%D0%BE%D0%BE%D1%82%D0%B2%D0%B5%D1%82%D1%81%D1%82%D0%B2%D0%B8%D0%B8.pdf;https://entero.ru/manuals/463324/%D0%92%D0%B7%D1%80%D1%8B%D0%B2-%D1%81%D1%85%D0%B5%D0%BC%D0%B0%20%D0%BD%D0%B0%20VIATTO%20VA-AF677.pdf;https://entero.ru/manuals/463325/%D0%A1%D0%B5%D1%80%D1%82%D0%B8%D1%84%D0%B8%D0%BA%D0%B0%D1%82%20%D1%81%D0%BE%D0%BE%D1%82%D0%B2%D0%B5%D1%82%D1%81%D1%82%D0%B2%D0%B8%D1%8F.pdf,,,6.82 кг,Китай,Китай,6 л,
https://cdn.entero.ru/mp@2x/f9/e6/f9e629da6e19347abfc199b097ed3bfd.jpg;https://cdn.entero.ru/mp@2x/08/70/08702954896fe06a00b61b29e031ae0f.jpg;https://cdn.entero.ru/mp@2x/cd/9e/cd9e60e165a6739e83f9d20b4cae7da6.jpg;https://cdn.entero.ru/mp@2x/90/ad/90ad170e19819a1e9649b2aaf68a9a73.jpg,Аэрофритюрница Geniard GA-AF539T,Аэрофритюрница Geniard GA-AF539T,8378,RUB,Да,,Бытовая техника,Техника для кухни,Фритюрницы,https://entero.ru/item/375883,"<p><span class=""b"">Аэрофритюрница</span><b class=""b""> <a style=""text-decoration:none;cursor:text;"" href=""http://entero.ru/item/375883"">Geniard GA-AF539T</a></b> предназначена для приготовления различных продуктов без масла в частных домах и квартирах. Модель оснащена сенсорной панелью управления с панелью. Устройство сочетает в себе преимущества фритюрницы, духовки и гриля. Прозрачная чаше позволяет контролировать процесс приготовления блюда. 3D-циркуляция воздуха обеспечивает оптимальное сочетание хрустящей внешней корочки и нежного внутреннего наполнения блюда. Чаша выполнена из стекла.</p>

<p><b>Особенности:</b></p>

<ul>
<li>8 программ: картофель фри, крылышки, курица, стейк, креветки, рыба, разморозка и ручной режим</li>
<li>Автоматический контроль температуры</li>
<li>Таймер</li>
<li>Термостойкая ручка</li>
<li>Мытье чаши в посудомоечной машине</li>
</ul>

<p><b>Дополнительные характеристики:</b></p>

<ul>
<li>Температура: от +40 до +200 °С</li>
<li>Таймер: от 1 до 60 мин.</li>
<li>Угол обзора чаши: 360 °</li>
</ul>",375883,220 В,от 1.2 до 1.4 кВт,270 мм,270 мм,290 мм,5.5 кг,1,392x340x330 мм,143,https://entero.ru/manuals/513926/%D0%98%D0%BD%D1%81%D1%82%D1%80%D1%83%D0%BA%D1%86%D0%B8%D1%8F%20%D0%BD%D0%B0%20Geniard%20GA-AF539T.pdf;https://entero.ru/manuals/513927/%D0%94%D0%B5%D0%BA%D0%BB%D0%B0%D1%80%D0%B0%D1%86%D0%B8%D1%8F%20%D0%BE%20%D1%81%D0%BE%D0%BE%D1%82%D0%B2%D0%B5%D1%82%D1%81%D1%82%D0%B2%D0%B8%D0%B8.pdf;https://entero.ru/manuals/513928/%D0%A1%D0%B5%D1%80%D1%82%D0%B8%D1%84%D0%B8%D0%BA%D0%B0%D1%82%20%D1%81%D0%BE%D0%BE%D1%82%D0%B2%D0%B5%D1%82%D1%81%D1%82%D0%B2%D0%B8%D1%8F.pdf;https://entero.ru/manuals/513929/%D0%92%D0%B7%D1%80%D1%8B%D0%B2-%D1%81%D1%85%D0%B5%D0%BC%D0%B0%20%D0%BD%D0%B0%20Geniard%20GA-AF539T.pdf,,,,Россия,Китай,5.5 л,
https://cdn.entero.ru/mp@2x/e8/ce/e8cee964e0e381e707c9e9f119b5226d.jpg;https://cdn.entero.ru/mp@2x/c4/ae/c4ae8e0ed79ed2781350c6103a264af6.jpg;https://cdn.entero.ru/mp@2x/9d/c2/9dc2574dfdd044f8c7016fc230d40e8c.jpg,Фритюрница Clatronic FR 3587,Фритюрница Clatronic FR 3587,8990,RUB,Да,,Бытовая техника,Техника для кухни,Фритюрницы,https://entero.ru/item/172600,"<p><span class=""b"">Фритюрница</span><b class=""b""> <a style=""text-decoration:none;cursor:text;"" href=""http://entero.ru/item/172600"">Clatronic FR 3587</a></b> предназначена для приготовления различных продуктов в большом количестве горячего масла или жира в частных домах и квартирах. Модель оснащена термостатом с контрольной лампой, съемным контейнером для масла, крышкой со смотровым окном и термоизолированной ручкой. Корпус, крышка и нагревательный элемент выполнены из нержавеющей стали.</p>

<p><b>Особенности: </b></p>

<ul>
<li>Плавная регулировка температуры</li>
<li>Технология холодной зоны</li>
<li>Нагревательный элемент погруженный в масло</li>
<li>Сменный фильтр от запахов и дыма</li>
<li>Резервуар для конденсата</li>
<li>Защита от перегрева</li>
<li>Отсек для хранения кабеля</li>
</ul>

<p><b>Характеристики:</b></p>

<ul>
<li>Объем: 3 л</li>
<li>Напряжение: 220 В</li>
<li>Мощность: 2 кВт</li>
</ul>",172600,,,,,,,,,0,https://entero.ru/manuals/199116/%D0%98%D0%BD%D1%81%D1%82%D1%80%D1%83%D0%BA%D1%86%D0%B8%D1%8F%20%D0%BD%D0%B0%20Clatronic%20FR%203587.pdf,11829,,,,,,
https://cdn.entero.ru/mp@2x/1b/09/1b0906670707e0b3cfc123c839376052.jpg;https://cdn.entero.ru/mp@2x/51/4d/514db271e85ee47ca95d9365fddbfeeb.jpg;https://cdn.entero.ru/mp@2x/f9/02/f902529ef9e06ac1ab2dc66a220e335b.jpg,Фритюрница Clatronic FR 3649,Фритюрница Clatronic FR 3649,8999,RUB,Да,,Бытовая техника,Техника для кухни,Фритюрницы,https://entero.ru/item/172673,"<p><span class=""b"">Фритюрница</span><b class=""b""> <a style=""text-decoration:none;cursor:text;"" href=""http://entero.ru/item/172673"">Clatronic FR 3649</a></b> предназначена для приготовления различных продуктов в большом количестве горячего масла или жира в частных домах и квартирах. Модель оснащена термостатом, контрольными лампами питания и нагрева, съемной откидной крышкой со смотровым окном и теплоизолированными ручками для переноски. Корпус выполнен из нержавеющей стали, контейнер для масла имеет антипригарное покрытие.</p>

<p><b>Особенности: </b></p>

<ul>
<li>Плавная регулировка температуры</li>
<li>Фильтр от запахов и дыма</li>
<li>Защита от перегрева</li>
</ul>

<p><b>Характеристики:</b></p>

<ul>
<li>Температурный режим: от 130 до 190 °C</li>
<li>Объем: 2,5 л</li>
<li>Напряжение: 220 В</li>
<li>Мощность: 1,6 кВт</li>
<li>Габариты: 310х310х230 мм</li>
</ul>",172673,,,,,,,,,0,https://entero.ru/manuals/199291/%D0%98%D0%BD%D1%81%D1%82%D1%80%D1%83%D0%BA%D1%86%D0%B8%D1%8F%20%D0%BD%D0%B0%20Clatronic%20FR%203649.pdf,,,,,,,
https://cdn.entero.ru/mp@2x/aa/3f/aa3fc62fd3d12cf558f514b40704e38d.jpg;https://cdn.entero.ru/mp@2x/5d/0c/5d0c0a9ebd71175d66c0d1f52033b0fe.jpg;https://cdn.entero.ru/mp@2x/2e/f8/2ef8b7ebac04cf26010948d0ca0d1933.jpg,Фритюрница Taurus Fry 3,Фритюрница Taurus Fry 3,9443,RUB,Да,Taurus,Бытовая техника,Техника для кухни,Фритюрницы,https://entero.ru/item/290731,"<p>Фритюрница <b class=""b""><a style=""text-decoration:none;cursor:text;"" href=""http://entero.ru/item/290731"">Taurus Fry 3</a></b> предназначена для приготовления различных продуктов в большом количестве горячего масла или жира в частных домах и квартирах. Модель оснащена регулятором температуры, световым индикатором нагрева, съемной корзиной для жарки и нескользящими ножками. Корпус выполнен из нержавеющей стали, чаша - эмалированная.</p>

<p><b>Особенности:</b></p>

<ul>
<li>Съемная ручка корзины</li>
<li>Отметки минимального / максимального уровня масла</li>
<li>Съемные детали можно мыть в посудомоечной машине</li>
<li>Защита от перегрева</li>
</ul>

<p><b>Дополнительные характеристики:</b></p>

<ul>
<li>Температурный режим: от 150 до 190 °C</li>
<li>Объем чаши: 3 л</li>
<li>Загрузка продукта: до 1 кг</li>
</ul>",290731,220 В,2 кВт,400 мм,240 мм,200 мм,,,,0,https://entero.ru/manuals/353138/%D0%98%D0%BD%D1%81%D1%82%D1%80%D1%83%D0%BA%D1%86%D0%B8%D1%8F%20%D0%BD%D0%B0%20Taurus%20Fry%203.pdf,,,,Испания,Китай,3 л,
https://cdn.entero.ru/mp@2x/2f/9d/2f9df51bc5a6a94ba941c090a6cba5e1.jpg;https://cdn.entero.ru/mp@2x/54/e3/54e3dfae1cb51b86a5afd6feac70331c.jpg;https://cdn.entero.ru/mp@2x/d7/37/d737f144d2536adb05ed2bd5a58a099f.jpg;https://cdn.entero.ru/mp@2x/c0/ae/c0ae171aa6f3080436829cb61dcc49f5.jpg;https://cdn.entero.ru/mp@2x/be/dc/bedc404f2c4ae55f30bd845aea1845f0.jpg;https://cdn.entero.ru/mp@2x/31/7f/317fa7ea4eb98e575523b4ddb376ac64.jpg,Аэрофритюрница Profi Cook PC-FR 1294 H,PC-FR 1294 H inox,9443,RUB,Да,,Бытовая техника,Техника для кухни,Фритюрницы,https://entero.ru/item/375325,"<p><span class=""b"">Аэрофритюрница</span><b class=""b""> <a style=""text-decoration:none;cursor:text;"" href=""http://entero.ru/item/375325"">Profi Cook PC-FR 1294 H</a></b> предназначена для приготовления различных продуктов без масла в частных домах и квартирах. Модель оснащена светодиодным дисплеем с сенсорным управлением и индивидуальной настройкой времени и температуры. Антипригарное покрытие чаши обеспечивает легкое мытье. Вставки выполнены из нержавеющей стали. </p>

<p><b>Особенности:</b></p>

<ul>
<li>8 автоматических программ</li>
<li>Плавная регулировка нагрева</li>
<li>Автоматическое отключение</li>
<li>Защита от перегрева</li>
<li>Использование горячего воздуха для приготовления</li>
<li>Экономия энергии</li>
<li>Быстрое равномерное приготовление</li>
<li>Ручка Cool Touch</li>
</ul>

<p><b>Дополнительные характеристики:</b></p>

<ul>
<li>Температурный режим: от 80 до 200 °C</li>
<li>Частота тока: от 50 до 60 Гц</li>
<li>Цвет: нержавеющая сталь, черный</li>
</ul>",375325,220 В,1.6 кВт,260 мм,280 мм,320 мм,,,,0,https://entero.ru/manuals/508864/%D0%98%D0%BD%D1%81%D1%82%D1%80%D1%83%D0%BA%D1%86%D0%B8%D1%8F%20%D0%BD%D0%B0%20Profi%20Cook%20PC-FR%201294%20H.pdf,,,,Германия,Китай,6.5 л,
https://cdn.entero.ru/mp@2x/4e/66/4e6682061d6b9d63c6435f0adce7722b.jpg;https://cdn.entero.ru/mp@2x/9d/5e/9d5e6c4cacb9245fb86e4ebfe14fa98c.jpg;https://cdn.entero.ru/mp@2x/7f/6c/7f6cffb9e556fb17e9651a21381a9cf6.jpg;https://cdn.entero.ru/mp@2x/ab/de/abdec043c492bf8e9b48caf39e771b1a.jpg;https://cdn.entero.ru/mp@2x/b6/45/b645a35af7ab0aac32a13b56cb8d4274.jpg;https://cdn.entero.ru/mp@2x/19/6f/196f268c567d9b67692ffee83f8f73c2.jpg;https://cdn.entero.ru/mp@2x/13/58/1358b7d3a497372acc909eecab025630.jpg;https://cdn.entero.ru/mp@2x/49/ac/49ac123efe00b6c9e94ed03ab1559e71.jpg;https://cdn.entero.ru/mp@2x/a0/2c/a02ce85a80c505e4206f55b84a32f6c7.jpg,Фритюрница Steba DF 180,Фритюрница Steba DF 180,9450,RUB,Да,,Бытовая техника,Техника для кухни,Фритюрницы,https://entero.ru/item/168820,"<p><span class=""b"">Фритюрница</span><b class=""b""> <a style=""text-decoration:none;cursor:text;"" href=""http://entero.ru/item/168820"">Steba DF 180</a></b> предназначена для приготовления различных продуктов в большом количестве горячего масла или жира в частных домах и квартирах. Модель оснащена панелью управления с поворотным регулятором и светодиодным индикатором температуры, съемным резервуаром для масла и крышкой со смотровым окном. Корпус выполнен из нержавеющей стали.</p>

<p><b>Особенности: </b></p>

<ul>
<li>Полностью разборная конструкция</li>
<li>Бесступенчатая регулировка температуры </li>
<li>Наличие холодной зоны</li>
</ul>

<p><b>Характеристики:</b></p>

<ul>
<li>Температурный режим: до 190 °C</li>
<li>Объем: 3 л</li>
<li>Максимальный вес продуктов: 600 г</li>
<li>Размер корзины: 140х240х80 мм</li>
<li>Напряжение: 230 В</li>
<li>Мощность: 2 кВт</li>
<li>Габариты: 160x410x210 мм</li>
<li>Вес: 2,8 кг</li>
</ul>",168820,,,,,,,,,0,https://entero.ru/manuals/194816/%D0%98%D0%BD%D1%81%D1%82%D1%80%D1%83%D0%BA%D1%86%D0%B8%D1%8F%20%D0%BD%D0%B0%20Steba%20DF%20180%20%28%D0%B0%D0%BD%D0%B3%D0%BB.%29.pdf,,,,,,,
https://cdn.entero.ru/mp@2x/b4/55/b4556b64148e597e1d4e74c400cd6fe7.jpg;https://cdn.entero.ru/mp@2x/67/ab/67abee6cd1ff86ce6483471dbaa92aa1.jpg;https://cdn.entero.ru/mp@2x/20/7b/207b940f4458632f3b9991e3c0780593.jpg;https://cdn.entero.ru/mp@2x/87/6a/876a979d7563406af91aa80dac66e204.jpg;https://cdn.entero.ru/mp@2x/5a/db/5adb7a809c1d3b68e75e9e22552998a8.jpg,Аэрофритюрница Taurus Air Fry Digital,Аэрофритюрница Taurus Air Fry Digital,9999,RUB,Да,Taurus,Бытовая техника,Техника для кухни,Фритюрницы,https://entero.ru/item/338890,"<p><span class=""b"">Аэрофритюрница</span><b class=""b""> <a style=""text-decoration:none;cursor:text;"" href=""http://entero.ru/item/338890"">Taurus Air Fry Digital</a></b> предназначена для приготовления различных пищевых продуктов без использования масла в отелях, офисах, а также домашних условиях. Модель оснащена цифровым сенсорным дсплеем и ненагревающейся рукояткой. Чаша для жарки и корзина имеют антипригарное покрытие, все элементы оборудования выполнены из материалов, не содержащих BPA и PFOA.</p>

<p><b>Особенности: </b></p>

<ul>
<li>Регулировка температуры</li>
<li>8 предустановленных программ</li>
<li>Таймер до 60 мин.</li>
<li>Технология Air System: жарка на горячем воздухе</li>
<li>Звуковой сигнал об окончании приготовления</li>
<li>Съемные детали можно мыть в посудомоечной машине</li>
<li>Нескользящие опоры</li>
<li>Защита от перегрева</li>
</ul>

<p><b>Дополнительные характеристики:</b></p>

<ul>
<li>Диапазон регулировки температуры: от 40 до 200 °C</li>
<li>Максимальная загрузка: 800 г</li>
</ul>",338890,220 В,1.3 кВт,275 мм,360 мм,330 мм,,,,0,https://entero.ru/manuals/401656/%D0%98%D0%BD%D1%81%D1%82%D1%80%D1%83%D0%BA%D1%86%D0%B8%D1%8F%20%D0%BD%D0%B0%20Taurus%20Air%20Fry%20Digital.pdf,,,4.59 кг,Испания,Китай,3.5 л,
https://cdn.entero.ru/mp@2x/3d/ba/3dba1de590d09626791824a52e0b4c30.jpg;https://cdn.entero.ru/mp@2x/6b/59/6b59baa8e3f44c22a650652dbc9cb935.jpg;https://cdn.entero.ru/mp@2x/d3/a9/d3a956b95faef13535c3b2de4132e288.jpg;https://cdn.entero.ru/mp@2x/d8/18/d8182e686c2e994b754b710ab88a53e3.jpg,Аэрофритюрница Geniard GA-AFK12A,Аэрофритюрница Geniard GA-AFK12A,10685,RUB,Да,,Бытовая техника,Техника для кухни,Фритюрницы,https://entero.ru/item/375881,"<p><span class=""b"">Аэрофритюрница</span><b class=""b""> <a style=""text-decoration:none;cursor:text;"" href=""http://entero.ru/item/375881"">Geniard GA-AFK12A</a></b> предназначена для приготовления различных продуктов без масла в частных домах и квартирах. Модель оснащена наклонной сенсорной панелью управления с дисплеем. Устройство сочетает в себе преимущества фритюрницы, духовки и гриля. 3D-циркуляция воздуха обеспечивает оптимальное сочетание хрустящей внешней корочки и нежного внутреннего наполнения блюда. Точный контроль температуры и равномерное распределение тепла позволяет жарить до хрустящей корочки, быстро запекать и размораживать продукты.</p>

<p><b>Особенности:</b></p>

<ul>
<li>12 автоматических программ: разогрев, размораживание, поддержание тепла, приготовление сухофруктов, хлеба, выпечки, жареной курицы, мяса, чипсов, картофеля фри, рыбы и креветок</li>
<li>Двухрежимное управление</li>
<li>Открытие дверцы в нескольких положениях</li>
<li>Внутреннее освещение</li>
<li>Точная настройка температуры и времени приготовления</li>
</ul>",375881,220 В,1.8 кВт,310 мм,360 мм,370 мм,7.5 кг,1,443x382x462 мм,33,https://entero.ru/manuals/513910/%D0%98%D0%BD%D1%81%D1%82%D1%80%D1%83%D0%BA%D1%86%D0%B8%D1%8F%20%D0%BD%D0%B0%20Geniard%20GA-AFK12A.pdf;https://entero.ru/manuals/513911/%D0%94%D0%B5%D0%BA%D0%BB%D0%B0%D1%80%D0%B0%D1%86%D0%B8%D1%8F%20%D0%BE%20%D1%81%D0%BE%D0%BE%D1%82%D0%B2%D0%B5%D1%82%D1%81%D1%82%D0%B2%D0%B8%D0%B8.pdf;https://entero.ru/manuals/513912/%D0%A1%D0%B5%D1%80%D1%82%D0%B8%D1%84%D0%B8%D0%BA%D0%B0%D1%82%20%D1%81%D0%BE%D0%BE%D1%82%D0%B2%D0%B5%D1%82%D1%81%D1%82%D0%B2%D0%B8%D1%8F.pdf;https://entero.ru/manuals/513913/%D0%92%D0%B7%D1%80%D1%8B%D0%B2-%D1%81%D1%85%D0%B5%D0%BC%D0%B0%20%D0%BD%D0%B0%20Geniard%20GA-AFK12A.pdf,11130,,,Россия,Китай,12 л,
https://cdn.entero.ru/mp@2x/0e/02/0e02f41d97c61604013cfe5ca68f677d.jpg;https://cdn.entero.ru/mp@2x/7d/8c/7d8cbc8a8ae955df52db93c85ee4476c.jpg;https://cdn.entero.ru/mp@2x/61/d6/61d6740a37e51956d36df9e7c996fc58.jpg;https://cdn.entero.ru/mp@2x/4b/f0/4bf0fb4e3c28b78cdb54e5fde5163498.jpg;https://cdn.entero.ru/mp@2x/db/d6/dbd6de7498e280ce0d60835855fe9e3f.jpg,Аэрофритюрница CASO AF 250,Аэрофритюрница CASO AF 250,11651,RUB,Да,CASO,Бытовая техника,Техника для кухни,Фритюрницы,https://entero.ru/item/116853,"<p><span class=""b"">Аэрофритюрница</span><b class=""b""> <a style=""text-decoration:none;cursor:text;"" href=""http://entero.ru/item/116853"">CASO AF 250</a></b> предназначена для приготовления различных продуктов без масла в частных домах, квартирах, отелях и офисах. Модель оснащена сенсорной панелью управления с белым дисплеем, большой корзиной для жарки и подставкой с прорезиненными ножками. </p>

<p><b>Особенности: </b></p>

<ul>
<li>4 программы</li>
<li>Интеллектуальная система воздушного потока для эффективного распределения тепла</li>
<li>Выбор температуры и времени</li>
<li>Таймер на 60 мин. c интервалом 1 мин.</li>
<li>Автоматическое отключение</li>
<li>Предохранитель</li>
<li>Легкая очистка</li>
</ul>

<p><b>Характеристики:</b></p>

<ul>
<li>Температурный режим: от 60 до 200 °C</li>
<li>Объем: 3 л</li>
<li>Напряжение: 220 В</li>
<li>Мощность: 1,4 кВт</li>
<li>Габариты: 286x305x348 мм</li>
<li>Вес: 4,4 кг</li>
</ul>",116853,,,,,,,,,0,https://entero.ru/manuals/117541/%D0%98%D0%BD%D1%81%D1%82%D1%80%D1%83%D0%BA%D1%86%D0%B8%D1%8F%20%D0%BD%D0%B0%20CASO%20AF%20250%20%28%D0%B0%D0%BD%D0%B3%D0%BB.%29.pdf,,https://vk.com/video_ext.php?oid=-177656185&id=456240564&hd=2&autoplay=0,,,,,
https://cdn.entero.ru/mp@2x/21/ad/21ad477d1b194455857f16f38669487f.jpg;https://cdn.entero.ru/mp@2x/13/b6/13b6eddda80e8969ee36355b046a1345.jpg;https://cdn.entero.ru/mp@2x/22/37/2237693c5193847e4dd0cb4d4fb9d6cf.jpg;https://cdn.entero.ru/mp@2x/00/80/0080f959ffa2f096aa5fc6869c48fca3.jpg;https://cdn.entero.ru/mp@2x/2c/a1/2ca102fb31f36ebaa7b405243100fea6.jpg;https://cdn.entero.ru/mp@2x/88/d6/88d6e0c54ed26260362e575ccc0bc122.jpg;https://cdn.entero.ru/mp@2x/f0/b3/f0b3123f503c6aaeb5a3ab7edf2543b2.jpg;https://cdn.entero.ru/mp@2x/41/65/416557522c73dd7894672baf14571c78.jpg;https://cdn.entero.ru/mp@2x/5d/fe/5dfe0586125c9d7f09f6699a919f8bc9.jpg;https://cdn.entero.ru/mp@2x/e2/a8/e2a84a5fbb2af98fcb35ab3532ee74ba.jpg,Аэрофритюрница CASO AirFry 6.0,Аэрофритюрница CASO AirFry 6.0,11651,RUB,Да,CASO,Бытовая техника,Техника для кухни,Фритюрницы,https://entero.ru/item/374343,"<p><span class=""b"">Аэрофритюрница</span><b class=""b""> <a style=""text-decoration:none;cursor:text;"" href=""http://entero.ru/item/374343"">CASO AirFry 6.0</a></b> предназначена для приготовления различных продуктов без масла в частных домах, квартирах и отелях. Модель оснащена сенсорной панелью управления, большой корзиной для жарки и подсветкой. Внутренняя камера выполнена из нержавеющей стали. Равномерное распределение горячего воздуха гарантирует полное приготовление продуктов.</p>

<p><b>Особенности: </b></p>

<ul>
<li>8 программ: фри, пицца, курица, стейк, выпечка, овощи, рыба и разогрев</li>
<li>Настройка температуры и времени приготовления</li>
<li>Легкая очистка</li>
</ul>

<p><b>Характеристики:</b></p>

<ul>
<li>Температурный режим: от 50 до 200 °C</li>
<li>Таймер: от 1 до 60 мин.</li>
<li>Вес картофеля фри за 1 раз: 1,2 кг</li>
</ul>",374343,220 В,1.7 кВт,280 мм,390 мм,280 мм,3.95 кг,,,0,https://entero.ru/manuals/505299/%D0%98%D0%BD%D1%81%D1%82%D1%80%D1%83%D0%BA%D1%86%D0%B8%D1%8F%20%D0%BD%D0%B0%20CASO%20AirFry%206.0.pdf,12395,,,Германия,Китай,6 л,
https://cdn.entero.ru/mp@2x/f5/e4/f5e4197686fd082c884699ecdb3cf35e.jpg;https://cdn.entero.ru/mp@2x/b3/f0/b3f091cea575a73145fbbd975c97d59d.jpg;https://cdn.entero.ru/mp@2x/41/a5/41a5d2c1f68a086723c3da7865618661.jpg;https://cdn.entero.ru/mp@2x/85/af/85af45304284205faed2e27cb9605acb.jpg;https://cdn.entero.ru/mp@2x/26/01/2601d39f25d5f8ebe41d40b20653a71a.jpg;https://cdn.entero.ru/mp@2x/b0/c3/b0c3c5a892fd31dfa92f71d93a002bcf.jpg;https://cdn.entero.ru/mp@2x/18/b1/18b1ea7c593e4a0ff6e4fb7f168a03ba.jpg;https://cdn.entero.ru/mp@2x/ed/c4/edc4423adae19f8306b993bea7eb2c0a.jpg,Аэрофритюрница Clatronic FR 3782 H,Аэрофритюрница Clatronic FR 3782 H,12499,RUB,Да,,Бытовая техника,Техника для кухни,Фритюрницы,https://entero.ru/item/338939,"<p>Аэрофритюрница <a style=""text-decoration:none;cursor:text;"" href=""http://entero.ru/item/338939""><b class=""b"">ClatronicFR 3782 H</b></a> предназначена для приготовления различных продуктов горячим воздухом без масла в частных домах, квартирах, отелях и офисах. Модель оснащена сенсорной панелью управления со светодиодным дисплеем, съемной корзиной для жарки с двухслойным антипригарным покрытием и удобной ненагревающейся ручкой Cool Touch. Передняя часть корзины выполнена из нержавеющей стали.</p>

<p><b>Особенности: </b></p>

<ul>
<li>8 автоматических программ:
<ul>
<li>Пицца</li>
<li>Картошка фри</li>
<li>Стейк</li>
<li>Креветки</li>
<li>Рыба</li>
<li>Куриные ножки</li>
<li>Овощи</li>
<li>Ребра</li>
<li>Избранное</li>
<li>Экстра</li>
</ul>
</li>
<li>Настрока температуры и времени приготовления</li>
<li>Равномерное распределение тепла</li>
<li>Плавная регулировка температуры</li>
<li>Автоматическое отключение</li>
<li>Защита от перегрева</li>
<li>Нескользящие ножки</li>
<li>Класс защиты: I </li>
</ul>

<p><b>Дополнительные характеристики:</b></p>

<ul>
<li>Частота: от 50 до 60 Гц</li>
<li>Температурный режим: от 80 до 200 °C</li>
</ul>",338939,220 В,1.45 кВт,275 мм,340 мм,305 мм,,,,0,https://entero.ru/manuals/401752/%D0%98%D0%BD%D1%81%D1%82%D1%80%D1%83%D0%BA%D1%86%D0%B8%D1%8F%20%D0%BD%D0%B0%20Clatronic%20FR%203782%20H.pdf,13157,,4.1 кг,Германия,Китай,5 л,
https://cdn.entero.ru/mp@2x/94/32/94328614a7f2b6d2be5c0d79f2d3e868.jpg;https://cdn.entero.ru/mp@2x/d2/bb/d2bb9bc791e6cbb54041ce00e11eef5b.jpg;https://cdn.entero.ru/mp@2x/ed/ed/eded92f046c476218ef8bc97562549bd.jpg;https://cdn.entero.ru/mp@2x/8e/d2/8ed2515fff06d3fa196767c918303028.jpg;https://cdn.entero.ru/mp@2x/94/6c/946c6c6d02c6d4f3cc846bbc971f3081.jpg;https://cdn.entero.ru/mp@2x/13/83/13837eefe11da462e1dbe24db178e6ef.jpg;https://cdn.entero.ru/mp@2x/42/86/4286fff6e6c6cb89ae3cae0f8a4602d9.jpg;https://cdn.entero.ru/mp@2x/55/ac/55ac068e7a2ab63cf42290a73505ee88.jpg;https://cdn.entero.ru/mp@2x/3f/0a/3f0a7d8d8c15e499261eb1cb8228de6d.jpg,Фритюрница-фондю Steba DF 150 F,Фритюрница-фондю Steba DF 150 F,13502,RUB,Да,,Бытовая техника,Техника для кухни,Фритюрницы,https://entero.ru/item/209588,"<p>Фритюрница-фондю <b class=""b""><a style=""text-decoration:none;cursor:text;"" href=""http://entero.ru/item/209588"">Steba DF 150 F</a></b> предназначена для приготовления различных продуктов в большом количестве горячего масла или жира и фондю в частных домах и квартирах. Модель оснащена панелью управления с цифровым дисплеем и съемной крышкой со смотровым окном и постоянным фильтром. Корпус выполнен из нержавеющей стали.</p>

<p>В комплект поставки входят 8 вилок из нержавеющей стали с цветной маркировкой и кольцо для фондю.</p>

<p><b>Особенности: </b></p>

<ul>
<li>Бесступенчатая регулировка температуры</li>
<li>Таймер от 20 до 120 мин.</li>
<li>Защита от перегрева </li>
</ul>

<p><b>Дополнительные характеристики:</b></p>

<ul>
<li>Температурный режим: до 190 °C</li>
<li>Размер корзины: 170х155х90 мм</li>
<li>Загрузка:
<ul>
<li>Максимальная: 0,8 кг</li>
<li>Оптимальная: 0,5 кг</li>
</ul>
</li>
</ul>",209588,220 В,1.2 кВт,255 мм,260 мм,245 мм,,,,0,https://entero.ru/manuals/245186/%D0%98%D0%BD%D1%81%D1%82%D1%80%D1%83%D0%BA%D1%86%D0%B8%D1%8F%20%D0%BD%D0%B0%20Steba%20DF%20150%20F.pdf,14676,,2.9 кг,Германия,Китай,2.5 л,
https://cdn.entero.ru/mp@2x/d1/de/d1dee79b85dc7f9eb554b9d881d2da08.jpg;https://cdn.entero.ru/mp@2x/e0/99/e099ab1b7210daaf1742999751c24316.jpg;https://cdn.entero.ru/mp@2x/ce/f5/cef543bc4a259105406c845aaf2d62ae.jpg;https://cdn.entero.ru/mp@2x/ef/89/ef89d71ceb3aa67e22bf557d2626229b.jpg,Аэрофритюрница Black+Decker BXAF5500E,Аэрофритюрница Black+Decker BXAF5500E,13870,RUB,Да,,Бытовая техника,Техника для кухни,Фритюрницы,https://entero.ru/item/290854,"<p><span class=""b"">Аэрофритюрница</span><b class=""b""> <a style=""text-decoration:none;cursor:text;"" href=""http://entero.ru/item/290854"">Black+Decker BXAF5500E</a></b> предназначена для приготовления различных пищевых продуктов без использования масла в отелях, офисах, а также домашних условиях. Модель оснащена сенсорной панелью управления с цифровым дисплеем.</p>

<p><b>Особенности: </b></p>

<ul>
<li>12 автоматических программ</li>
<li>Регулировка температуры</li>
<li>Таймер до 60 мин.</li>
<li>Чашу для жарки и корзину можно мыть в посудомоечной машине</li>
</ul>

<p><b>Дополнительные характеристики:</b></p>

<ul>
<li>Диапазон регулировки температуры: от 80 до 200 °C</li>
</ul>",290854,220 В,1.8 кВт,,,,,,,0,,14448,,,США,Китай,5.5 л,
https://cdn.entero.ru/mp@2x/5d/a2/5da2eaeffbc8def32d1551a551c9837c.jpg;https://cdn.entero.ru/mp@2x/ff/99/ff9950e1e337aace99ebe6619775bfea.jpg;https://cdn.entero.ru/mp@2x/a0/2d/a02d7beddcc0721b0f7caf617106e4f1.jpg;https://cdn.entero.ru/mp@2x/06/3d/063da7c75f1934b8e633ab2910d71684.jpg;https://cdn.entero.ru/mp@2x/69/c6/69c6ff84ff6801339a3db50f29024012.jpg;https://cdn.entero.ru/mp@2x/df/aa/dfaae56046476610aed7a029cabf9822.jpg;https://cdn.entero.ru/mp@2x/fe/eb/feeb559fd1d075cec0dd5cb674d48145.jpg;https://cdn.entero.ru/mp@2x/d4/84/d484ba6d5ca637a972d79bcfa533c16d.jpg;https://cdn.entero.ru/mp@2x/df/94/df94778090ffc5de9f3e3958b4d93c1a.jpg,Аэрофритюрница Taurus Air Fry Digital 6S,Аэрофритюрница Taurus Air Fry Digital 6S,13933,RUB,Да,Taurus,Бытовая техника,Техника для кухни,Фритюрницы,https://entero.ru/item/290741,"<p><span class=""b"">Аэрофритюрница</span><b class=""b""> <a style=""text-decoration:none;cursor:text;"" href=""http://entero.ru/item/290741"">Taurus Air Fry Digital 6S</a></b> предназначена для приготовления различных пищевых продуктов без использования масла в отелях, офисах, а также домашних условиях. Модель оснащена цифровым сенсорным дсплеем и ненагревающейся рукояткой. Чаша для жарки и корзина имеют антипригарное покрытие, все элементы оборудования выполнены из материалов, не содержащих BPA и PFOA.</p>

<p><b>Особенности: </b></p>

<ul>
<li>Регулировка температуры</li>
<li>8 предустановленных программ</li>
<li>Таймер до 60 мин.</li>
<li>Звуковой сигнал об окончании приготовления</li>
<li>Съемные детали можно мыть в посудомоечной машине</li>
<li>Нескользящие опоры</li>
<li>Защита от перегрева</li>
</ul>

<p><b>Дополнительные характеристики:</b></p>

<ul>
<li>Диапазон регулировки температуры: от 80 до 200 °C</li>
<li>Максимальная загрузка: 1,2 кг</li>
</ul>",290741,220 В,1.7 кВт,,,,,,,0,https://entero.ru/manuals/353152/%D0%98%D0%BD%D1%81%D1%82%D1%80%D1%83%D0%BA%D1%86%D0%B8%D1%8F%20%D0%BD%D0%B0%20Taurus%20Air%20Fry%20Digital%206S.pdf,,,,Испания,Китай,5.5 л,
https://cdn.entero.ru/mp@2x/91/7c/917c52dc26882d404ed8546bc6842c60.jpg;https://cdn.entero.ru/mp@2x/be/46/be463354d46b0813f99943c88bdf5449.jpg;https://cdn.entero.ru/mp@2x/37/8e/378e90e0c55029f61dc28f84ea42b3c4.jpg;https://cdn.entero.ru/mp@2x/4a/74/4a74078507fc2b3a0be750a09700a23b.jpg,Аэрофритюрница Geniard GA-AFK25A,Аэрофритюрница Geniard GA-AFK25A,14417,RUB,Да,,Бытовая техника,Техника для кухни,Фритюрницы,https://entero.ru/item/375882,"<p><span class=""b"">Аэрофритюрница</span><b class=""b""> <a style=""text-decoration:none;cursor:text;"" href=""http://entero.ru/item/375882"">Geniard GA-AFK25A</a></b> предназначена для приготовления различных продуктов без масла в частных домах и квартирах. Модель оснащена сенсорной панелью управления с технологией smart touch. Устройство сочетает в себе преимущества фритюрницы, духовки и гриля. 3D-циркуляция воздуха обеспечивает оптимальное сочетание хрустящей внешней корочки и нежного внутреннего наполнения блюда. Точный контроль температуры и равномерное распределение тепла позволяет жарить до хрустящей корочки, быстро запекать и размораживать продукты.</p>

<p><b>Особенности:</b></p>

<ul>
<li>17 автоматических программ: подогрев, разморозка, сушка, поддержание тепла, жарка, тост, чипсы, приготовление сухофруктов, выпечки, птицы, курицы, крылышек, стейка, баранины, шашлыка, креветок и рыбы</li>
<li>Автоматический контроль температуры</li>
<li>Открытие дверцы в нескольких положениях</li>
<li>Внутреннее освещение</li>
</ul>

<p><b>Дополнительные характеристики:</b></p>

<ul>
<li>Температура: от +40 до +200 °С</li>
</ul>",375882,220 В,1.9 кВт,413 мм,450 мм,340 мм,10.4 кг,1,502x472x425 мм,8,https://entero.ru/manuals/513918/%D0%98%D0%BD%D1%81%D1%82%D1%80%D1%83%D0%BA%D1%86%D0%B8%D1%8F%20%D0%BD%D0%B0%20Geniard%20GA-AFK25A.pdf;https://entero.ru/manuals/513919/%D0%94%D0%B5%D0%BA%D0%BB%D0%B0%D1%80%D0%B0%D1%86%D0%B8%D1%8F%20%D0%BE%20%D1%81%D0%BE%D0%BE%D1%82%D0%B2%D0%B5%D1%82%D1%81%D1%82%D0%B2%D0%B8%D0%B8.pdf;https://entero.ru/manuals/513920/%D0%A1%D0%B5%D1%80%D1%82%D0%B8%D1%84%D0%B8%D0%BA%D0%B0%D1%82%20%D1%81%D0%BE%D0%BE%D1%82%D0%B2%D0%B5%D1%82%D1%81%D1%82%D0%B2%D0%B8%D1%8F.pdf;https://entero.ru/manuals/513921/%D0%92%D0%B7%D1%80%D1%8B%D0%B2-%D1%81%D1%85%D0%B5%D0%BC%D0%B0%20%D0%BD%D0%B0%20Geniard%20GA-AFK25A.pdf,,,,Россия,Китай,25 л,
https://cdn.entero.ru/mp@2x/5c/9b/5c9b8689f4b41e1cad0b54753776fa5a.jpg;https://cdn.entero.ru/mp@2x/77/18/77185b749abacadeb3e003655653db4a.jpg;https://cdn.entero.ru/mp@2x/3f/bf/3fbf95d517a4bd48624baa09fa99f263.jpg;https://cdn.entero.ru/mp@2x/f8/de/f8de372588b495a236e552371a9604f7.jpg;https://cdn.entero.ru/mp@2x/7f/41/7f41082a37bedc4aba933a9d4b6333ea.jpg;https://cdn.entero.ru/mp@2x/e6/d0/e6d02a913247e3ecf8381eaf0ccfd2cc.jpg,Аэрофритюрница Rommelsbacher FRH 1500,Аэрофритюрница Rommelsbacher FRH 1500,14419,RUB,Да,Rommelsbacher,Бытовая техника,Техника для кухни,Фритюрницы,https://entero.ru/item/338924,"<p>Аэрофритюрница <a style=""text-decoration:none;cursor:text;"" href=""http://entero.ru/item/338924""><b class=""b"">Rommelsbacher FRH 1500</b></a> предназначена для приготовления различных продуктов горячим воздухом без масла в частных домах, квартирах, отелях и офисах. Модель оснащена сенсорной панелью управления со светодиодным дисплеем, смотровым окном, съемной корзиной для жарки с двухслойным антипригарным покрытием, решеткой с силиконовыми прокладками и удобной ручкой. Вставка выполнена из нержавеющей стали.</p>

<p><b>Особенности: </b></p>

<ul>
<li>5 автоматических программ:
<ul>
<li>Предварительный нагрев </li>
<li>Картошка фри</li>
<li>Гриль/Птица</li>
<li>Гриль/Мясо</li>
<li>Выпечка</li>
<li>Избранное</li>
</ul>
</li>
<li>Настрока температуры и времени приготовления</li>
<li>Равномерное распределение тепла</li>
<li>Теплоизолированный корпус</li>
<li>Таймер на 60 минут</li>
<li>Низкий уровень шума</li>
<li>Защита от перегрева</li>
<li>Нескользящие ножки</li>
<li>Класс защиты: I </li>
<li>Цвет корпуса: чёрный / нержавеющая сталь</li>
</ul>

<p><b>Дополнительные характеристики:</b></p>

<ul>
<li>Частота: от 50 до 60 Гц</li>
<li>Температурный режим: 80 / 160 / 180 / 200 °C</li>
<li>Мощность в режиме ожидания: 0,5 Вт</li>
<li>Уровень шума: 45 дБ</li>
<li>Максимальная загрузка: 0,8 кг</li>
</ul>",338924,220 В,1.5 кВт,225 мм,285 мм,400 мм,,,,0,https://entero.ru/manuals/401696/%D0%98%D0%BD%D1%81%D1%82%D1%80%D1%83%D0%BA%D1%86%D0%B8%D1%8F%20%D0%BD%D0%B0%20Rommelsbacher%20FRH%201500.pdf,15673,,4.5 кг,Германия,Китай,5 л,
https://cdn.entero.ru/mp@2x/0f/17/0f177d0103c0405db9496cb414a38032.jpg;https://cdn.entero.ru/mp@2x/02/1b/021bcdaadf3ff8962a75330c8d0203a6.jpg;https://cdn.entero.ru/mp@2x/c0/e4/c0e43db5e154e2e9961cdd9eaf4da9a2.jpg;https://cdn.entero.ru/mp@2x/44/31/443135545bcdbfe4475ef4713540f5c1.jpg,Аэрофритюрница Steba HF 1000,Аэрофритюрница Steba HF 1000,14627,RUB,Да,,Бытовая техника,Техника для кухни,Фритюрницы,https://entero.ru/item/130464,"<p><span class=""b"">Аэрофритюрница</span><b class=""b""> <a style=""text-decoration:none;cursor:text;"" href=""http://entero.ru/item/130464"">Steba HF 1000</a></b> предназначена для приготовления различных продуктов без масла в частных домах, квартирах, отелях и офисах. Модель оснащена сенсорной панелью управления с ЖК дисплеем и чашей для жарки с антипригарным покрытием.</p>

<p><b>Особенности: </b></p>

<ul>
<li>Технология горячий воздух для быстрого и равномерного распределения тепла</li>
<li>Регулировка температуры </li>
<li>Таймер на 60 мин.</li>
<li>Пауза при открытии во время жарки без прерывания пограммы</li>
<li>Место для хранения кабеля</li>
</ul>

<p><b>Характеристики:</b></p>

<ul>
<li>Температурный режим: от 80 до 190 °C</li>
<li>Объем чаши: 3,5 л</li>
<li>Напряжение: 220 В</li>
<li>Мощность: 1,5 кВт</li>
<li>Габариты: 320x380x340 мм</li>
<li>Вес: 5,4 кг</li>
</ul>",130464,,,,,,,,,0,https://entero.ru/manuals/146249/%D0%98%D0%BD%D1%81%D1%82%D1%80%D1%83%D0%BA%D1%86%D0%B8%D1%8F%20%D0%BD%D0%B0%20Steba%20HF%201000%20%28%D0%B0%D0%BD%D0%B3%D0%BB.%29.pdf,15899,,,,,,
https://cdn.entero.ru/mp@2x/08/c3/08c3116d4a86f39065984cafe4674747.jpg;https://cdn.entero.ru/mp@2x/03/5d/035d7a0a033969a99961585cdbcd2985.jpg;https://cdn.entero.ru/mp@2x/9a/88/9a881c949e3866352782f0f28042e96c.jpg;https://cdn.entero.ru/mp@2x/6f/1a/6f1a8c6392a653a7ba579f0c813da990.jpg;https://cdn.entero.ru/mp@2x/47/9f/479fb7d7d6bc6719bbd7db38099841ff.jpg,Фритюрница Profi Cook PC-FR 1038,Фритюрница Profi Cook PC-FR 1038,14627,RUB,Да,,Бытовая техника,Техника для кухни,Фритюрницы,https://entero.ru/item/170052,"<p><span class=""b"">Фритюрница</span><b class=""b""> <a style=""text-decoration:none;cursor:text;"" href=""http://entero.ru/item/170052"">Profi Cook PC-FR 1038</a></b> предназначена для приготовления различных продуктов в большом количестве горячего масла или жира в частных домах и квартирах. Модель оснащена панелью управления с 2 светодиодными индикатороми, съемным резервуаром для масла и крышкой со смотровым окном и постоянным фильтром против запаха и дыма. Корпус, крышка, нагревательный элемент и резервуар для масла выполнены из нержавеющей стали.</p>

<p>В комплект поставки входят 2 малые и 1 большая корзина.</p>

<p><b>Особенности: </b></p>

<ul>
<li>Бесступенчатая регулировка температуры </li>
<li>Технология холодной зоны</li>
<li>Таймер до 30 мин.</li>
<li>Защита от перегрева</li>
<li>Место для хранения кабеля</li>
</ul>

<p><b>Характеристики:</b></p>

<ul>
<li>Температурный режим: от 130 до 190 °C</li>
<li>Объем: 5 л</li>
<li>Вместимость корзин:
<ul>
<li>Малая: 500 г</li>
<li>Большая: 1000 г</li>
</ul>
</li>
<li>Напряжение: 230 В</li>
<li>Мощность: 3 кВт</li>
<li>Габариты: 377x379x266 мм</li>
<li>Вес: 3,2 кг</li>
</ul>",170052,,,,,,,,,0,https://entero.ru/manuals/195960/%D0%98%D0%BD%D1%81%D1%82%D1%80%D1%83%D0%BA%D1%86%D0%B8%D1%8F%20%D0%BD%D0%B0%20Profi%20Cook%20PC-FR%201038.pdf,15397,,,,,,
https://cdn.entero.ru/mp@2x/93/cd/93cd431f0e5a39663a928961cd46f4c1.jpg;https://cdn.entero.ru/mp@2x/08/0b/080b2c6f15cdfe69a02c0939cb2f2555.jpg,Аэрофритюрница Clatronic FR 3804 H,FR 3804 H schwarz,15373,RUB,Да,,Бытовая техника,Техника для кухни,Фритюрницы,https://entero.ru/item/374807,"<p><span class=""b"">Аэрофритюрница</span><b class=""b""> <a style=""text-decoration:none;cursor:text;"" href=""http://entero.ru/item/374807"">Clatronic FR 3804 H</a></b> предназначена для приготовления различных продуктов без масла в частных домах и квартирах. Модель оснащена 2 сенсорными панелями для раздельного управления и 2 отдельными корзинами для жарки. Антипригарное покрытие обеспечивает легкое мытье. Система «Точно в срок» позволяет приготовить блюда с разным временем жарки в одно время.</p>

<p><b>Особенности: </b></p>

<ul>
<li>Одиночная и комбинированная эксплуатация</li>
<li>Отсутствие смешивания вкуса благодаря раздельным контейнерам</li>
<li>Одновременное приготовление 2 разных блюд</li>
<li>8 автоматических программ</li>
<li>Функция размораживания и поддержания тепла</li>
<li>Индивидуальная настройка времени и температуры</li>
<li>Низкий уровень образования дыма и запаха</li>
<li>Экономия времени и энергии при приготовлении</li>
<li>Автоматическое отключение</li>
<li>Защита от перегревания</li>
<li>2 отдельно регулируемых термостата</li>
</ul>

<p><b>Характеристики:</b></p>

<ul>
<li>Температурный режим: от 80 до 200 °C</li>
<li>Объем: 4+4 л</li>
<li>Частота тока: от 50 до 60 Гц</li>
</ul>",374807,220 В,2.7 кВт,,,,,,,0,https://entero.ru/manuals/506404/%D0%98%D0%BD%D1%81%D1%82%D1%80%D1%83%D0%BA%D1%86%D0%B8%D1%8F%20%D0%BD%D0%B0%20Clatronic%20FR%203804%20H.pdf,,,,Германия,Китай,8 л,
https://cdn.entero.ru/mp@2x/5f/d2/5fd2479779b6693b673fa646d05bf647.jpg;https://cdn.entero.ru/mp@2x/2c/05/2c05907979b33601359bf2a5552006a0.jpg;https://cdn.entero.ru/mp@2x/06/ed/06ed5b3b7d6c0381349513ea84a82571.jpg;https://cdn.entero.ru/mp@2x/89/e8/89e82259342a23334be3f69922f2a5cb.jpg;https://cdn.entero.ru/mp@2x/10/07/1007df7e55c7b3b1d07aefb9db7079ab.jpg;https://cdn.entero.ru/mp@2x/20/5a/205a06de8dda260930985ce84fb57a3f.jpg;https://cdn.entero.ru/mp@2x/28/da/28da4c6654ebc93ef9c02a5e1b7b95b7.jpg,Аэрофритюрница Steba HF 8000,Аэрофритюрница Steba HF 8000,16113,RUB,Да,,Бытовая техника,Техника для кухни,Фритюрницы,https://entero.ru/item/245496,"<p>Аэрофритюрница <a style=""text-decoration:none;cursor:text;"" href=""http://entero.ru/item/245496""><b class=""b"">Steba HF 8000</b></a> предназначена для приготовления различных продуктов без масла в частных домах, квартирах, отелях и офисах. Модель оснащена сенсорной панелью управления с ЖК дисплеем, чашей для жарки с антипригарным покрытием и ножками.</p>

<p><b>Особенности: </b></p>

<ul>
<li>8 автоматических программ</li>
<li>Технология горячий воздух для быстрого и равномерного распределения тепла</li>
<li>Регулировка температуры </li>
<li>Обжарка во фритюре с низким содержанием жира</li>
<li>Режим поддержания тепла</li>
<li>Таймер на 60 мин.</li>
<li>Изменение режима в процессе готовки</li>
<li>Предохранительный микровыключатель позволяет контролировать приготовление пищи во время жарки, не прерывая программу</li>
<li>Подходит для приготовления больших порций</li>
<li>Простота использования</li>
</ul>

<p><b>Дополнительные характеристики:</b></p>

<ul>
<li>Температурный режим: от 80 до 200 °C</li>
<li>Цвет: нержавеющая сталь / черный</li>
</ul>",245496,220 В,1.8 кВт,320 мм,390 мм,345 мм,,,,0,https://entero.ru/manuals/296700/%D0%98%D0%BD%D1%81%D1%82%D1%80%D1%83%D0%BA%D1%86%D0%B8%D1%8F%20%D0%BD%D0%B0%20Steba%20HF%208000%20%28%D0%BD%D0%B5%D0%BC.%29.pdf,,,6.1 кг,Германия,Китай,8 л,
https://cdn.entero.ru/mp@2x/cc/82/cc823bdf03ac384c27825dd4fc33d459.jpg;https://cdn.entero.ru/mp@2x/61/f5/61f540c8a930d34cb16db37c247736b6.jpg;https://cdn.entero.ru/mp@2x/e9/4e/e94ed6aae97aa22a072c9113e040b7cf.jpg;https://cdn.entero.ru/mp@2x/a2/2c/a22c7dd830858d37551a970e2950e3b6.jpg;https://cdn.entero.ru/mp@2x/94/08/9408c3bb9c3865a84ff6a1b161ffaf3b.jpg;https://cdn.entero.ru/mp@2x/48/70/4870e201aca54ea957bccc95dda38464.jpg;https://cdn.entero.ru/mp@2x/7e/30/7e30ad4c3946e6aa9add5dec7bea12eb.jpg;https://cdn.entero.ru/mp@2x/70/62/7062885855043c9f61f18dcdfea95ffe.jpg,Аэрофритюрница CASO AF 660 Duplex,3181,16850,RUB,Да,CASO,Бытовая техника,Техника для кухни,Фритюрницы,https://entero.ru/item/344118,"<p><span class=""b"">Аэрофритюрница</span><b class=""b""> <a style=""text-decoration:none;cursor:text;"" href=""http://entero.ru/item/344118"">CASO AF 660 Duplex</a></b> предназначена для приготовления различных продуктов без масла в частных домах, квартирах, отелях и офисах. Модель оснащена сенсорной панелью управления и большой корзиной для жарки. Ручка cool touch и нескользящие ножки гарантируют безопасное извлечение продуктов. Конвекция с равномерной мощностью обеспечивает равномерное распределение тепла по всей камере.</p>

<p><b>Особенности: </b></p>

<ul>
<li>12 автоматических программ для приготовления</li>
<li>Подходит для больших порций</li>
<li>Звуковой сигнал по окончании приготовления</li>
<li>Съемная корзина для жарки</li>
<li>Возможно приготовление целой курицы</li>
<li>Простой уход</li>
</ul>

<p><b>Характеристики:</b></p>

<ul>
<li>Температурный режим: от 50 °С до 200 °C</li>
<li>Вместимость: картофель фри весом до 1,2 кг</li>
<li>Напряжение: 230 В</li>
<li>Цвет: черный</li>
</ul>",344118,220 В,1.7 кВт,300 мм,385 мм,370 мм,,,,0,https://entero.ru/manuals/418347/%D0%98%D0%BD%D1%81%D1%82%D1%80%D1%83%D0%BA%D1%86%D0%B8%D1%8F%20%D0%BD%D0%B0%20CASO%20AF%20660%20Duplex.pdf,,,7.5 кг,Германия,Китай,6 л,
https://cdn.entero.ru/mp@2x/65/28/65283e87452392f1a3a1adfbb625be88.jpg;https://cdn.entero.ru/mp@2x/48/e2/48e2e7b8be6ba27920380014761c5f62.jpg,Аэрофритюрница Profi Cook PC-FR 1269 H,PC-FR 1269 H inox,16850,RUB,Да,,Бытовая техника,Техника для кухни,Фритюрницы,https://entero.ru/item/374808,"<p><span class=""b"">Аэрофритюрница</span><b class=""b""> <a style=""text-decoration:none;cursor:text;"" href=""http://entero.ru/item/374808"">Profi Cook PC-FR 1269 H</a></b> предназначена для приготовления различных продуктов без масла в частных домах и квартирах. Модель оснащена светодиодным дисплеем с сенсорным управлением и индивидуальной настройкой времени и температуры. Антипригарное покрытие обеспечивает легкое мытье. Передняя часть выполнена из нержавеющей стали.</p>

<p><b>Особенности:</b></p>

<ul>
<li>7 автоматических программ</li>
<li>Функция размораживания/поддержания тепла</li>
<li>Низкое образование дыма и запахов</li>
<li>Термостат с плавной регулировкой</li>
<li>Автоматическое отключение</li>
<li>Защита от перегрева</li>
</ul>

<p><b>Характеристики:</b></p>

<ul>
<li>Температурный режим: от 80 до 200 °C</li>
<li>Частота тока: от 50 до 60 Гц</li>
</ul>",374808,220 В,1.8 кВт,,,,,,,0,https://entero.ru/manuals/506410/%D0%98%D0%BD%D1%81%D1%82%D1%80%D1%83%D0%BA%D1%86%D0%B8%D1%8F%20%D0%BD%D0%B0%20Profi%20Cook%20PC-FR%201269%20H.pdf,18118,,,Германия,Китай,8 л,
https://cdn.entero.ru/mp@2x/34/a6/34a6beff15c24784bd95c04ef6c63168.jpg;https://cdn.entero.ru/mp@2x/6b/61/6b61781d0ccc02cde9ee0dc4f95a61fd.jpg;https://cdn.entero.ru/mp@2x/d4/e5/d4e51b927ca0a737272617090ac4bd2f.jpg;https://cdn.entero.ru/mp@2x/da/25/da250f4876ba69136498ee7ed6a651d4.jpg;https://cdn.entero.ru/mp@2x/f3/e9/f3e9e1b687fa14e3090f10b6769f4e30.jpg;https://cdn.entero.ru/mp@2x/fe/45/fe453899cc3d1145c652a887f2062b46.jpg,Аэрофритюрница Steba HF 5000 XL,Аэрофритюрница Steba HF 5000 XL,17932,RUB,Да,,Бытовая техника,Техника для кухни,Фритюрницы,https://entero.ru/item/168429,"<p><span class=""b"">Аэрофритюрница</span><b class=""b""> <a style=""text-decoration:none;cursor:text;"" href=""http://entero.by/item/168429"">Steba HF 5000 XL</a></b> предназначена для приготовления различных продуктов без масла в частных домах, квартирах, отелях и офисах. Модель оснащена сенсорной панелью управления с ЖК дисплеем и чашей для жарки с антипригарным покрытием с разделителем для продуктов.</p>

<p><b>Особенности: </b></p>

<ul>
<li>7 автоматических программ</li>
<li>Режим поддержания тепла</li>
<li>Технология горячий воздух для быстрого и равномерного распределения тепла</li>
<li>Изменение температуры и времени приготовления без прерывания программы</li>
<li>Таймер на 60 мин.</li>
<li>Пауза при открытии во время жарки без прерывания пограммы</li>
<li>Защита от перегрева</li>
<li>Место для хранения кабеля</li>
</ul>

<p><b>Характеристики:</b></p>

<ul>
<li>Температурный режим: от 80 до 200 °C</li>
<li>Объем чаши: 5,2 л</li>
<li>Напряжение: 220 В</li>
<li>Мощность: 1,8 кВт</li>
<li>Габариты: 345x420x370 мм</li>
<li>Вес: 6,1 кг</li>
</ul>",168429,,,,,,,,,0,https://entero.ru/manuals/194421/%D0%98%D0%BD%D1%81%D1%82%D1%80%D1%83%D0%BA%D1%86%D0%B8%D1%8F%20%D0%BD%D0%B0%20Steba%20HF%205000%20XL%20%28%D0%B0%D0%BD%D0%B3%D0%BB.%29.pdf,,,,,,,
https://cdn.entero.ru/mp@2x/7f/ae/7faed744e1f1ac763f1384f9620e1c2f.jpg;https://cdn.entero.ru/mp@2x/ae/74/ae74a269732929d1365b956024b61646.jpg;https://cdn.entero.ru/mp@2x/e3/3b/e33bd2a9bf77a959ec885a7abb2147bf.jpg;https://cdn.entero.ru/mp@2x/2e/cf/2ecfb1b91734ce57c7721f4b0cf90f98.jpg;https://cdn.entero.ru/mp@2x/27/a3/27a38bcb72346e28f3648dea7a9aa27e.jpg;https://cdn.entero.ru/mp@2x/57/40/57402a479e568d3dc22d6b8a62642c55.jpg;https://cdn.entero.ru/mp@2x/4c/b4/4cb417c31927182845dd350aa89cb3f7.jpg,Аэрофритюрница Black+Decker BXAFO1200E,ES9730030B,18295,RUB,Да,,Бытовая техника,Техника для кухни,Фритюрницы,https://entero.ru/item/283367,"<p><span class=""b"">Аэрофритюрница</span><b class=""b""> <a style=""text-decoration:none;cursor:text;"" href=""http://entero.ru/item/283367"">Black+Decker BXAFO1200E</a></b> предназначена для приготовления различных пищевых продуктов без использования масла в отелях, офисах, а также домашних условиях. Модель оснащена откидной дверью с горизонтальной термоизолированной рукояткой, смотровым окном, панелью управления с сенсорной клавиатурой, светодиодными цифровым дисплеем и лампами индикации. Корпус выполнен из пластика черного цвета с глянцевой поверхностью, рукоятка с фронтальной вставкой цвета нержавеющей стали.</p>

<p><b>Комплектация:</b></p>

<ul>
<li>Вращающаяся решетчатая корзина </li>
<li>Вертел для гриля</li>
<li>2 решетчатых противня</li>
<li>Поддон для сбора жира</li>
<li>Захват</li>
</ul>

<p><b>Особенности: </b></p>

<ul>
<li>Автоматические программы:
<ul>
<li>Курица</li>
<li>Рыба</li>
<li>Креветки</li>
<li>Пицца</li>
<li>Картофель фри</li>
<li>Шашлык</li>
<li>Стейк</li>
<li>Сушка фруктов и овощей</li>
</ul>
</li>
<li>Функции:
<ul>
<li>Регулировка температуры</li>
<li>Таймер для настройки длительности приготовления</li>
<li>Вращение вертела или корзины</li>
<li>Подсветка внутреннего объема</li>
</ul>
</li>
<li>Цифровая индикация температуры и оставшегося до завершения времени</li>
<li>Символьная индикация выбранной программы и активных функций</li>
<li>Звуковой сигнал для оповещения об окончании приготовления</li>
<li>Защита от перегрева</li>
<li>Возможность мойки аксессуаров в посудомоечной машине</li>
<li>Нескользящие опоры</li>
<li>Эргономичный стильный дизайн</li>
</ul>

<p><b>Характеристики:</b></p>

<ul>
<li>Диапазон регулировки температуры: от 40 до 200 °C</li>
<li>Максимальная заданная длительность: 6 ч</li>
</ul>",283367,220 В,1.7 кВт,,,,,,,0,https://entero.ru/manuals/349518/%D0%98%D0%BD%D1%81%D1%82%D1%80%D1%83%D0%BA%D1%86%D0%B8%D1%8F%20%D0%BD%D0%B0%20Black+Decker%20BXAFO1200E.pdf,,,7 кг,США,Китай,12 л,7.9 кг
https://cdn.entero.ru/mp@2x/af/97/af97ce02db4a1c5429bfc970644ca222.jpg;https://cdn.entero.ru/mp@2x/79/a6/79a6e1a95164d3f7c1bc5029791a2b49.jpg;https://cdn.entero.ru/mp@2x/8c/32/8c32d31a676e7cb569b4b2be739262c3.jpg;https://cdn.entero.ru/mp@2x/75/7d/757dc1c404b61cfbc1b61e396022c094.jpg;https://cdn.entero.ru/mp@2x/42/51/42517bd457f53f25f40581579ba2ea83.jpg,Аэрофритюрница Rommelsbacher FRH 1700,Аэрофритюрница Rommelsbacher FRH 1700,18756,RUB,Да,Rommelsbacher,Бытовая техника,Техника для кухни,Фритюрницы,https://entero.ru/item/338917,"<p>Аэрофритюрница <a style=""text-decoration:none;cursor:text;"" href=""http://entero.ru/item/338917""><b class=""b"">Rommelsbacher FRH 1700</b></a> предназначена для приготовления различных продуктов горячим воздухом без масла в частных домах, квартирах, отелях и офисах. Модель оснащена сенсорной панелью управления со светодиодным дисплеем, смотровым окном, съемной корзиной для жарки с двухслойным антипригарным покрытием, решеткой с силиконовыми прокладками и удобной ручкой. </p>

<p><b>Особенности: </b></p>

<ul>
<li>10 автоматических программ:
<ul>
<li>Предварительный нагрев </li>
<li>Картошка фри</li>
<li>Гриль/Птица</li>
<li>Гриль/Мясо</li>
<li>Овощи</li>
<li>Выпечка</li>
<li>Подогрев</li>
<li>Разморозка</li>
<li>Избранное</li>
<li>Экстра</li>
</ul>
</li>
<li>Настрока температуры и времени приготовления</li>
<li>Равномерное распределение тепла</li>
<li>Теплоизолированный корпус</li>
<li>Таймер на 60 минут</li>
<li>Низкий уровень шума</li>
<li>Защита от перегрева</li>
<li>Нескользящие ножки</li>
<li>Класс защиты: I </li>
</ul>

<p><b>Дополнительные характеристики:</b></p>

<ul>
<li>Частота: от 50 до 60 Гц</li>
<li>Температурный режим: от 80 до 200 °C</li>
<li>Шаг регулировки температуры: 5 °C</li>
<li>Мощность в режиме ожидания: 0,4 Вт</li>
<li>Уровень шума: 45 дБ</li>
<li>Максимальная загрузка: 1 кг</li>
</ul>",338917,220 В,1.7 кВт,250 мм,295 мм,415 мм,,,,0,https://entero.ru/manuals/401677/%D0%98%D0%BD%D1%81%D1%82%D1%80%D1%83%D0%BA%D1%86%D0%B8%D1%8F%20%D0%BD%D0%B0%20Rommelsbacher%20FRH%201700.pdf,,,5.4 кг,Германия,Китай,8 л,
https://cdn.entero.ru/mp@2x/9f/3e/9f3e227aa182ffcc4287fc74df7f7a2e.jpg;https://cdn.entero.ru/mp@2x/c5/0a/c50aa3046779305b77a34d7bec330986.jpg;https://cdn.entero.ru/mp@2x/5c/a6/5ca6714dfae264d380684fa3e011631e.jpg;https://cdn.entero.ru/mp@2x/58/2f/582f25175db13ad9964968314da06e97.jpg;https://cdn.entero.ru/mp@2x/71/b7/71b79f8e98e41823ad2d00edf5a5cc7f.jpg;https://cdn.entero.ru/mp@2x/01/6b/016b2655926a6e69b78a6489c6e049b4.jpg;https://cdn.entero.ru/mp@2x/d9/7d/d97d214ed719f0976cc597caddb197c8.jpg;https://cdn.entero.ru/mp@2x/ab/59/ab5999b03bc7265082354dd8f02fb8ed.jpg,Аэрофритюрница Profi Cook PC-FR 1200 H,Аэрофритюрница Profi Cook PC-FR 1200 H,19754,RUB,Да,,Бытовая техника,Техника для кухни,Фритюрницы,https://entero.ru/item/188397,"<p><span class=""b"">Аэрофритюрница</span><b class=""b""> <a style=""text-decoration:none;cursor:text;"" href=""http://entero.ru/item/188397"">Profi Cook PC-FR 1200 H</a></b> предназначена для приготовления различных продуктов горячим воздухом без масла в частных домах, квартирах, отелях и офисах. Модель оснащена сенсорной панелью управления со светодиодным дисплеем, термостатом с плавной регулировкой, большим смотровым окном и теплоизолированной ручкой. Передняя часть корпуса и крышка выполнены из нержавеющей стали.</p>

<p><b>Комплектация:</b></p>

<ul>
<li>Вращающаяся корзина для жарки</li>
<li>8 вращающихся шампуров для мяса</li>
<li>Вертел для курицы-гриль</li>
<li>2 решетки для приготовления разных блюд</li>
<li>Противень для выпечки / поддон для сбора жира</li>
<li>Захват</li>
</ul>

<p><b>Особенности: </b></p>

<ul>
<li>9 автоматических программ</li>
<li>Настрока температуры и времени приготовления</li>
<li>Функция дегидратора</li>
<li>4 уровня высоты противней / решеток</li>
<li>Низкое выделение дыма и запаха</li>
<li>Таймер с сигналом окончания</li>
<li>Выключаемое освещение внутренней камеры</li>
<li>Защита от перегрева</li>
</ul>

<p><b>Характеристики:</b></p>

<ul>
<li>Температурный режим: до 200 °C</li>
<li>Объем: 11 л</li>
<li>Напряжение: 220 В</li>
<li>Мощность: 1,5 кВт</li>
<li>Габариты: 340x330x370 мм</li>
<li>Вес: 6,8 кг</li>
</ul>",188397,,,,,,,,,0,https://entero.ru/manuals/219121/%D0%98%D0%BD%D1%81%D1%82%D1%80%D1%83%D0%BA%D1%86%D0%B8%D1%8F%20%D0%BD%D0%B0%20Profi%20Cook%20PC-FR%201200%20H.pdf,20794,,,,,,
https://cdn.entero.ru/mp@2x/db/ad/dbadd89074ed3d54a183abd1c837942d.jpg;https://cdn.entero.ru/mp@2x/4d/cc/4dcc43912fce4b4030c02aaee11ef9f4.jpg;https://cdn.entero.ru/mp@2x/1e/fb/1efb8f80456efd945c2c57a4a632b2ca.jpg;https://cdn.entero.ru/mp@2x/56/1a/561a7c51029dccf293e6e5d3663d4a5e.jpg,Аэрофритюрница Taurus Air Fry Digital 360,Аэрофритюрница Taurus Air Fry Digital 360,19755,RUB,Да,Taurus,Бытовая техника,Техника для кухни,Фритюрницы,https://entero.ru/item/338893,"<p><span class=""b"">Аэрофритюрница</span><b class=""b""> <a style=""text-decoration:none;cursor:text;"" href=""http://entero.ru/item/338893"">Taurus Air Fry Digital 360</a></b> предназначена для приготовления различных пищевых продуктов без использования масла в отелях, офисах, а также домашних условиях. Модель оснащена цифровым сенсорным дсплеем и ненагревающейся рукояткой. Чаша для жарки и корзина имеют антипригарное покрытие, все элементы оборудования выполнены из материалов, не содержащих BPA и PFOA.</p>

<p><b>Особенности: </b></p>

<ul>
<li>Нижний и верхний нагрев</li>
<li>Регулировка температуры</li>
<li>10 предустановленных программ</li>
<li>Таймер до 60 мин.</li>
<li>Технология Air System: жарка на горячем воздухе</li>
<li>Звуковой сигнал об окончании приготовления</li>
<li>Съемные детали можно мыть в посудомоечной машине</li>
<li>Нескользящие опоры</li>
<li>Защита от перегрева</li>
</ul>

<p><b>Дополнительные характеристики:</b></p>

<ul>
<li>Диапазон регулировки температуры: от 50 до 200 °C</li>
<li>Максимальная загрузка: 1500 г</li>
</ul>",338893,220 В,2.15 кВт,,,,,,,0,,,,,Испания,Китай,7.5 л,
https://cdn.entero.ru/mp@2x/ad/06/ad06e2659afbc22d4cda3d10dfe431dc.jpg;https://cdn.entero.ru/mp@2x/4e/56/4e568e26f70234594ceedef4418bac32.jpg;https://cdn.entero.ru/mp@2x/3f/c4/3fc49f027ff9138c7d9b4543c6e2cbfe.jpg;https://cdn.entero.ru/mp@2x/16/74/1674e5b659c263af59581575c3dfe772.jpg;https://cdn.entero.ru/mp@2x/6e/a9/6ea93ed97253dba2d420df3b1c3aae3b.jpg;https://cdn.entero.ru/mp@2x/71/91/719175908a564a1b406047d73bab66fd.jpg;https://cdn.entero.ru/mp@2x/13/e5/13e55466b4ed0e867b53ce63482c2623.jpg;https://cdn.entero.ru/mp@2x/cc/67/cc676365e043c8907a7e70a2991082bc.jpg,Аэрофритюрница Clatronic FR 3747 H,Аэрофритюрница Clatronic FR 3747 H,21499,RUB,Да,,Бытовая техника,Техника для кухни,Фритюрницы,https://entero.ru/item/188808,"<p><span class=""b"">Аэрофритюрница</span><b class=""b""> <a style=""text-decoration:none;cursor:text;"" href=""http://entero.ru/item/188808"">Clatronic FR 3747 H</a></b> предназначена для приготовления различных продуктов горячим воздухом без масла в частных домах, квартирах, отелях и офисах. Модель оснащена сенсорной панелью управления со светодиодным дисплеем, термостатом с плавной регулировкой, большим смотровым окном и теплоизолированной ручкой Cool Touch со вставкой из нержавеющей стали.</p>

<p><b>Комплектация:</b></p>

<ul>
<li>Вращающаяся корзина для жарки</li>
<li>Вертел для курицы-гриль</li>
<li>2 решетки для приготовления разных блюд</li>
<li>Противень для выпечки / поддон для сбора жира</li>
<li>Захват</li>
</ul>

<p><b>Особенности: </b></p>

<ul>
<li>9 автоматических программ</li>
<li>Настрока температуры и времени приготовления</li>
<li>Функция дегидратора</li>
<li>4 уровня высоты противней / решеток</li>
<li>Низкое выделение дыма и запаха</li>
<li>Таймер с сигналом окончания</li>
<li>Выключаемое освещение внутренней камеры</li>
<li>Защита от перегрева</li>
</ul>

<p><b>Характеристики:</b></p>

<ul>
<li>Температурный режим: до 200 °C</li>
<li>Объем: 11 л</li>
<li>Напряжение: 220 В</li>
<li>Мощность: 1,5 кВт</li>
<li>Габариты: 340x330x370 мм</li>
<li>Вес: 6,8 кг</li>
</ul>",188808,,,,,,,,,0,https://entero.ru/manuals/219631/%D0%98%D0%BD%D1%81%D1%82%D1%80%D1%83%D0%BA%D1%86%D0%B8%D1%8F%20%D0%BD%D0%B0%20Clatronic%20FR%203747%20H.pdf,22395,,,,,,
https://cdn.entero.ru/mp@2x/26/94/2694aeb969a4512f60fe4e6f9c65cfca.jpg;https://cdn.entero.ru/mp@2x/a9/98/a9985b33fbffecea55546a8e69e75fec.jpg;https://cdn.entero.ru/mp@2x/21/7d/217dc9633595d97c808c85cf30eab7d0.jpg;https://cdn.entero.ru/mp@2x/c4/72/c472594adeedbf2748bbde8e3d861828.jpg;https://cdn.entero.ru/mp@2x/69/24/6924b5fcf3d99697ae119090be32ee8c.jpg;https://cdn.entero.ru/mp@2x/bc/4d/bc4dd5339580f35e1d932577c6af0f7c.jpg;https://cdn.entero.ru/mp@2x/64/e8/64e83d34dde1301272cfe27a19438907.jpg,Аэрофритюрница Steba HF 9501 DUO BLACK,Аэрофритюрница Steba HF 9501 DUO BLACK,21909,RUB,Да,,Бытовая техника,Техника для кухни,Фритюрницы,https://entero.ru/item/345589,"<p>Аэрофритюрница <b class=""b""><a style=""text-decoration:none;cursor:text;"" href=""http://entero.ru/item/345589"">Steba HF 9501 DUO BLACK</a></b> предназначена для приготовления различных продуктов без масла в частных домах и квартирах. Модель оснащена дисплеем, прозрачным смотровым окном и внутренней подсветкой камеры. Горячий воздух равномерно распределяет тепло по всей камере. Элементы дизайна выполнены из нержавеющей стали.</p>

<p><b>Особенности:</b></p>

<ul>
<li>Режимы: жарка, запекание и приготовление на гриле</li>
<li>Защита от перегрева</li>
</ul>

<p><b>Дополнительные характеристики:</b></p>

<ul>
<li>Количество программ: 10</li>
<li>Общий объём корзин: 9,5 л</li>
<li>Объем корзины:
<ul>
<li>Большой: 6 л</li>
<li>Маленькой: 3,5 л</li>
</ul>
</li>
<li>Установка температуры: от 60 °С до 200 °C</li>
<li>Таймер: 60 мин.</li>
<li>Напряжение: 230 В</li>
<li>Цвет: черный</li>
</ul>",345589,,2.4 кВт,400 мм,380 мм,310 мм,,,,0,https://entero.ru/manuals/422279/%D0%98%D0%BD%D1%81%D1%82%D1%80%D1%83%D0%BA%D1%86%D0%B8%D1%8F%20%D0%BD%D0%B0%20Steba%20HF%209501%20DUO%20BLACK.pdf,23307,,7.5 кг,Германия,Китай,9.5 л,
https://cdn.entero.ru/mp@2x/5e/f6/5ef621ecb1901d8bc2465658e8b89615.jpg;https://cdn.entero.ru/mp@2x/2b/06/2b068a5105f624874c1fc4e24be67c86.jpg;https://cdn.entero.ru/mp@2x/04/1d/041d9c67368a83deb03089ad8ee88235.jpg;https://cdn.entero.ru/mp@2x/aa/e9/aae9d68c55e1e3c8f13ecd672a70b274.jpg;https://cdn.entero.ru/mp@2x/a0/2e/a02e697bbc6db5b6d756d27edc51fbb9.jpg;https://cdn.entero.ru/mp@2x/65/c5/65c51b6ea253fa94a2c5326d57c98a7e.jpg;https://cdn.entero.ru/mp@2x/6b/dd/6bdd1037894d4f29e7a42a817ce69731.jpg,Аэрофритюрница Steba HF 9500 DUO,Аэрофритюрница Steba HF 9500 DUO,23068,RUB,Да,,Бытовая техника,Техника для кухни,Фритюрницы,https://entero.ru/item/345578,"<p>Аэрофритюрница <b class=""b""><a style=""text-decoration:none;cursor:text;"" href=""http://entero.ru/item/345578"">Steba HF 9500 DUO</a></b> предназначена для приготовления различных продуктов без масла в частных домах и квартирах. Модель оснащена дисплеем, прозрачным смотровым окном и внутренней подсветкой камеры. Горячий воздух равномерно распределяет тепло по всей камере. Элементы дизайна выполнены из нержавеющей стали.</p>

<p><b>Особенности:</b></p>

<ul>
<li>Режимы: жарка, запекание и приготовление на гриле</li>
<li>Защита от перегрева</li>
</ul>

<p><b>Дополнительные характеристики:</b></p>

<ul>
<li>Количество программ: 10</li>
<li>Общий объём корзин: 9,5 л</li>
<li>Объем корзины:
<ul>
<li>Большой: 6 л</li>
<li>Маленькой: 3,5 л</li>
</ul>
</li>
<li>Установка температуры: от 60 °С до 200 °C</li>
<li>Таймер: 60 мин.</li>
<li>Напряжение: 230 В</li>
<li>Цвет: черный, нержавеющая сталь</li>
</ul>",345578,,2.4 кВт,400 мм,380 мм,310 мм,,,,0,https://entero.ru/manuals/422244/%D0%98%D0%BD%D1%81%D1%82%D1%80%D1%83%D0%BA%D1%86%D0%B8%D1%8F%20%D0%BD%D0%B0%20Steba%20HF%209500%20DUO.pdf,,,7.5 кг,Германия,Китай,9.5 л,
https://cdn.entero.ru/mp@2x/95/48/95481f9b661da8505d573b0f8158e9ad.jpg;https://cdn.entero.ru/mp@2x/3d/c6/3dc64b1edbfee2bc7e78faae5e4b17f2.jpg;https://cdn.entero.ru/mp@2x/9b/7c/9b7c75464b5da23be2adc055f6e5785b.jpg;https://cdn.entero.ru/mp@2x/f7/32/f7325edd74f5d21708fe1f82c6a96cc4.jpg;https://cdn.entero.ru/mp@2x/2c/89/2c89d2c002fbac643f5ba9cbd763f748.jpg;https://cdn.entero.ru/mp@2x/83/1e/831ecebacf9ae769dc5b4c131bdf254a.jpg;https://cdn.entero.ru/mp@2x/94/85/9485301b7e5fb0adb3a8e69c348afca5.jpg;https://cdn.entero.ru/mp@2x/ee/b9/eeb9cfbe2affe7538ca511b044dff46c.jpg;https://cdn.entero.ru/mp@2x/cf/79/cf795e1605d3993c6a0871945947b8c8.jpg;https://cdn.entero.ru/mp@2x/49/9c/499c08ffa580ae3ce7f3868054fd17c5.jpg,Аэрофритюрница CASO AirFry&Steam 700,Аэрофритюрница CASO AirFry&Steam 700,26064,RUB,Да,CASO,Бытовая техника,Техника для кухни,Фритюрницы,https://entero.ru/item/345577,"<p>Аэрофритюрница <a style=""text-decoration:none;cursor:text;"" href=""http://entero.ru/item/345577""><b class=""b"">CASO AirFry & Steam 700</b></a> предназначена для приготовления различных продуктов без масла в частных домах и квартирах. Модель оснащена сенсорной панелью управления, прозрачным смотровым окном и подсветкой камеры. Технология Even PowerConvection равномерно распределяет тепло по всей камере, функция Rapid HeatControl гарантирует быстрый старт без нагрева.</p>

<p><b>Особенности:</b></p>

<ul>
<li>Программы приготовления: AirFryer, на пару и AirFryer & Steam</li>
<li>Большой объем корзины и резервуара для воды</li>
<li>Звуковой сигнал окончания приготовления</li>
<li>10 предустановленных программ в 2 категориях:
<ul>
<li>AirFry: фри, выпечка, жарка, разогрев, поддержание тепла</li>
<li>Steam: приготовление на пару, выпечка на пару, сушка, очистка паром</li>
</ul>
</li>
</ul>

<p><b>Дополнительные характеристики:</b></p>

<ul>
<li>Температура приготовления:
<ul>
<li>AirFryer: от 60 до 200 °C</li>
<li>На пару: 100 °C</li>
<li>AirFryer&Steam: от 140 до 200 °C</li>
</ul>
</li>
<li>Вместмость корзины: целая курица-гриль или до 1,3 кг картофеля фри</li>
<li>Регулировка температуры: от 60 °С до 200 °C</li>
<li>Шаг температуры: 5 °С</li>
<li>Температура сушки: от 40 °С до 70 °С</li>
<li>Таймер: от 1 до 90 минут</li>
<li>Напряжение: 230 В</li>
</ul>",345577,,1.7 кВт,305 мм,435 мм,390 мм,,,,0,https://entero.ru/manuals/422243/%D0%98%D0%BD%D1%81%D1%82%D1%80%D1%83%D0%BA%D1%86%D0%B8%D1%8F%20%D0%BD%D0%B0%20CASO%20AirFry%20%26%20Steam%20700.pdf,27150,,7.5 кг,Германия,Китай,7 л,
https://cdn.entero.ru/mp@2x/ee/57/ee578b96f5ec7ba858cdbf7d8e48ea59.jpg;https://cdn.entero.ru/mp@2x/4b/31/4b31b2635320e03bc3adcadc8164931c.jpg;https://cdn.entero.ru/mp@2x/ac/91/ac918668b647c66714d23c5d0d0761b8.jpg;https://cdn.entero.ru/mp@2x/83/73/837333b570f87d0faba772f7e7d2f89b.jpg,Фритюрница Gemlux GL-DF-4MT,Фритюрница Gemlux GL-DF-4MT,0,RUB,Нет,Gemlux,Бытовая техника,Техника для кухни,Фритюрницы,https://entero.ru/item/104987,"<p>Фритюрница <b class=""b""><a style=""text-decoration:none;cursor:text;"" href=""http://entero.ru/item/104987"">Gemlux GL-DF-4MT</a></b> серии Platinum ​предназначена для приготовления различных блюд в большом колчиестве горячего масла или жира в частных домах и квартирах. Модель оснащена электронно-механическим управлением, таймером на 30 минут, съемным эмалированным котлом, корзиной для продуктов и крышкой со смотровым окном и фильтром. Корпус выполнен из нержавеющей стали и пластмассы.</p>

<p>В комплект поставки входят полноразмерная корзина для продуктов и 2 корзины половинного размера.</p>

<p><b>Характеристики:</b></p>

<ul>
<li>Объем ванны: 1х 4л</li>
<li>Напряжение: 220 В</li>
<li>Мощность: 2 кВт</li>
<li>Габариты: 275х429х272 мм</li>
<li>Вес: 5 кг</li>
</ul>",104987,,,,,,,,,0,https://entero.ru/manuals/95191/%D0%9F%D0%B0%D1%81%D0%BF%D0%BE%D1%80%D1%82%20%D0%BD%D0%B0%20Gemlux%20GL-DF-4MT.pdf;https://entero.ru/manuals/95187/%D0%9A%D0%B0%D1%82%D0%B0%D0%BB%D0%BE%D0%B3%20%D0%BE%D0%B1%D0%BE%D1%80%D1%83%D0%B4%D0%BE%D0%B2%D0%B0%D0%BD%D0%B8%D1%8F%20Gemlux.pdf,,,,,,,
https://cdn.entero.ru/mp@2x/39/6c/396cc191776dc5ff5bd6b3b0d3d88fa3.jpg;https://cdn.entero.ru/mp@2x/1e/6e/1e6ea742e8441737fccf0bb51080964a.jpg,Фритюрница Gemlux GL-DF-4D,Фритюрница Gemlux GL-DF-4D,0,RUB,Нет,Gemlux,Бытовая техника,Техника для кухни,Фритюрницы,https://entero.ru/item/85181,"<p>Фритюрница <b class=""b""><a style=""text-decoration:none;cursor:text;"" href=""http://entero.ru/item/85181"">Gemlux GL-DF-4D</a></b> серии Platinum ​предназначена для приготовления различных блюд в большом колчиестве горячего масла или жира в частных домах и квартирах. Модель оснащена электронным управлением с ЖК-дисплеем, таймером (0-60 мин.), съемным эмалированным котлом, корзиной для продуктов, крышкой со смотровым окном и фильтром для масла и удобными ручками для переноски. Корпус выполнен из нержавеющей стали.</p>

<p><b>Особенности:</b></p>

<ul>
<li>6 предустановленных программ:
<ul>
<li>Картофель: 190 °C, стандартное время: 10 мин.</li>
<li>Курица: 180 °C, стандартное время: 8 мин.</li>
<li>Креветки: 170 °C, стандартное время: 6 мин.</li>
<li>Рыба: 160 °C, стандартное время: 7 мин.</li>
<li>Тесто: 150 °C, стандартное время: 5 мин.</li>
<li>Грибы: 140 °C, стандартное время: 6 мин.</li>
</ul>
</li>
<li>Автоматическое отключение</li>
</ul>

<p><b>Характеристики:</b></p>

<ul>
<li>Объем ванны: 1х 4л</li>
<li>Напряжение: 220 В</li>
<li>Мощность: 2 кВт</li>
<li>Габариты: 275х429х273 мм</li>
<li>Вес: 4,18 кг</li>
</ul>",85181,,,,,,,,,0,https://entero.ru/manuals/69120/%D0%9A%D0%B0%D1%82%D0%B0%D0%BB%D0%BE%D0%B3%20%D0%BE%D0%B1%D0%BE%D1%80%D1%83%D0%B4%D0%BE%D0%B2%D0%B0%D0%BD%D0%B8%D1%8F%20Gemlux.pdf,,https://vk.com/video_ext.php?oid=-177656185&id=456240398&hd=2&autoplay=0,,,,,
https://cdn.entero.ru/mp@2x/cd/37/cd37de1efd439987b8357596403e198a.jpg;https://cdn.entero.ru/mp@2x/4f/9d/4f9d84ba50ab3e98a130c1635ea378f1.jpg;https://cdn.entero.ru/mp@2x/f3/53/f353be3cf4755f9b4cc735da2424ddc2.jpg,Аэрофритюрница Profi Cook PC-FR 1242 H,PC-FR 1242 H / 501242,25115,RUB,Нет,,Бытовая техника,Техника для кухни,Фритюрницы,https://entero.ru/item/303285,"<p>Аэрофритюрница <b class=""b""><a style=""text-decoration:none;cursor:text;"" href=""http://entero.ru/item/303285"">Profi Cook PC-FR 1242 H</a></b> используется в домашних условиях для приготовления различных блюд с хрустящей корочкой без использования масла либо с добавлением небольшого его количества благодаря принудительной циркуляции горячего воздуха в камере. Модель оснащена 2 выдвижными контейнерами со съемными решетчатыми поддонами, вертикальными рукоятками, кабелем питания с вилкой, сенсорной панелью управления, 2 цифровыми дисплеями и светодиодной подсветкой индикации. Корпус выполнен из ударопрочного пластика черного цвета с вставками из нержавеющей стали на фронтальных панелях.</p>

<p><b>Особенности:</b></p>

<ul>
<li>11 предустановленных программ приготовления:
<ul>
<li>Картофель фри</li>
<li>Котлеты</li>
<li>Куриные ножки</li>
<li>Стейк</li>
<li>Креветки</li>
<li>Рыба</li>
<li>Пицца</li>
<li>Бекон</li>
<li>Торт</li>
<li>Разогрев</li>
<li>Размораживание</li>
</ul>
</li>
<li>Ручной режим с установкой температуры и длительности приготовления</li>
<li>Цифровая индикация температуры и длительности</li>
<li>Интегрированные в клавиши символьные светодиодные индикаторы программ</li>
<li>Звуковая сигнализация для оповещения о готовности к загрузке после преднагрева, переворачивании продукта в середине цикла и окончании приготовления</li>
<li>Независимая или синхронная регулировка параметров обоих контейнеров</li>
<li>Простое управление с помощью легких прикосновений и удобного меню</li>
<li>Устойчивая нескользящая база</li>
<li>Компактные габариты для оптимизации пространства</li>
<li>Эргономичный стильный дизайн</li>
</ul>

<p><b>Дополнительные характеристики:</b></p>

<ul>
<li>Диапазон регулировки температуры: от 40 до 200 °C</li>
<li>Диапазон регулировки длительности: от 1 до 60 мин.</li>
</ul>",303285,220 В,2х1.2 кВт,400 мм,345 мм,325 мм,,,,0,https://entero.ru/manuals/363527/%D0%98%D0%BD%D1%81%D1%82%D1%80%D1%83%D0%BA%D1%86%D0%B8%D1%8F%20%D0%BD%D0%B0%20Profi%20Cook%20PC-FR%201242%20H.pdf,27005,,7.7 кг,Германия,Китай,2х4.5 л,
https://cdn.entero.ru/mp@2x/15/28/15288e3e29dabdfab61bc6117ed5a032.jpg;https://cdn.entero.ru/mp@2x/54/cb/54cb7ebf7b227d4a0adb99ed79bd5d7d.jpg;https://cdn.entero.ru/mp@2x/dd/d5/ddd5f86b1471ee3093a5acd97efb022e.jpg;https://cdn.entero.ru/mp@2x/c5/fc/c5fcb3359bf5b52b5b709e23e42fdf59.jpg;https://cdn.entero.ru/mp@2x/a9/06/a906c58d7cfe0953a6d8c32d003c6262.jpg;https://cdn.entero.ru/mp@2x/07/10/0710e2d0c00616e52d8780fb925259b0.jpg,Фритюрница-фондю Princess 182611,Фритюрница-фондю Princess 182611,4517,RUB,Нет,,Бытовая техника,Техника для кухни,Фритюрницы,https://entero.ru/item/211290,"<p>Фритюрница-фондю <b class=""b""><a style=""text-decoration:none;cursor:text;"" href=""http://entero.ru/item/211290"">Princess 182611</a></b> предназначена для приготовления различных продуктов в большом количестве горячего масла или жира и фондю в частных домах и квартирах. Модель оснащена регулятором температуры, световым индикатором нагрева, резервуаром для масла с антипригарным покрытием, корзиной для жарки с ручкой и съемной крышкой с фильтром против запахов и смотровым окном. Корпус выполнен из нержавеющей стали.</p>

<p>В комплект поставки входят 6 вилок с цветными наконечниками и кольцо для фондю.</p>

<p><b>Особенности: </b></p>

<ul>
<li>Компактный размер</li>
<li>На корпусе указана информация о времени и температуре приготовления различных продуктов</li>
<li>Съемные детали можно мыть в посудомоечной машине</li>
<li>Защита от перегрева </li>
</ul>

<p><b>Дополнительные характеристики:</b></p>

<ul>
<li>Температурный режим: до 190 °C</li>
</ul>",211290,220 В,0.84 кВт,,,,,,,0,https://entero.ru/manuals/247795/%D0%98%D0%BD%D1%81%D1%82%D1%80%D1%83%D0%BA%D1%86%D0%B8%D1%8F%20%D0%BD%D0%B0%20Princess%20182611%20%28%D0%B0%D0%BD%D0%B3%D0%BB.%29.pdf,,,,Нидерланды,Китай,1.2 л,
https://cdn.entero.ru/mp@2x/dc/00/dc004cec476ac88dc0a584b819da4558.jpg;https://cdn.entero.ru/mp@2x/0a/15/0a15c660eff70375a617a8efb8a4207d.jpg,Фритюрница Clatronic FR 3390,Фритюрница Clatronic FR 3390,5729,RUB,Нет,,Бытовая техника,Техника для кухни,Фритюрницы,https://entero.ru/item/172592,"<p><span class=""b"">Фритюрница</span><b class=""b""> <a style=""text-decoration:none;cursor:text;"" href=""http://entero.ru/item/172592"">Clatronic FR 3390</a></b> предназначена для приготовления различных продуктов в большом количестве горячего масла или жира в частных домах и квартирах. Модель оснащена термостатом, контрольными лампами питания и нагрева, съемной крышкой на пружине со смотровым окном и ручками для переноски. Контейнер для масла имеет антипригарное покрытие.</p>

<p><b>Особенности: </b></p>

<ul>
<li>Плавная регулировка температуры</li>
<li>Корзина для жарки поднимается / опускается при закрытой крыше</li>
<li>Фильтр от запахов и дыма</li>
<li>Теплоизолированный корпус</li>
<li>Резервуар для конденсата</li>
<li>Выключатель питания</li>
</ul>

<p><b>Характеристики:</b></p>

<ul>
<li>Температурный режим: от 130 до 190 °C</li>
<li>Объем: 2 л</li>
<li>Напряжение: 220 В</li>
<li>Мощность: 1,8 кВт</li>
</ul>",172592,,,,,,,,,0,https://entero.ru/manuals/199079/%D0%98%D0%BD%D1%81%D1%82%D1%80%D1%83%D0%BA%D1%86%D0%B8%D1%8F%20%D0%BD%D0%B0%20Clatronic%20FR%203390.pdf,,,,,,,
https://cdn.entero.ru/mp@2x/89/c6/89c65ef59ec2c55027aaa48c55b0e360.jpg;https://cdn.entero.ru/mp@2x/dd/7f/dd7f34f2c650da61b3895032acdb4f93.jpg;https://cdn.entero.ru/mp@2x/d8/0c/d80cb73260e62fc91367151b6f9666fe.jpg;https://cdn.entero.ru/mp@2x/7a/21/7a219b655e8a7799d5773da6ead89f8c.jpg,Фритюрница Taurus Fry Solution,Фритюрница Taurus Fry Solution,6990,RUB,Нет,Taurus,Бытовая техника,Техника для кухни,Фритюрницы,https://entero.ru/item/250446,"<p>Фритюрница <b class=""b""><a style=""text-decoration:none;cursor:text;"" href=""http://entero.ru/item/250446"">Taurus Fry Solution</a></b> предназначена для приготовления различных продуктов в большом количестве горячего масла или жира в частных домах и квартирах. Модель оснащена регулятором температуры, световым индикатором нагрева и нескользящими ножками. Корпус выполнен из нержавеющей стали, чаша - эмалированная, крышка - из пластика.</p>

<p><b>Особенности:</b></p>

<ul>
<li>Холодная зона для масла</li>
<li>2 ручки по бокам для переноски</li>
<li>Крышка со смотровым окном</li>
<li>Съемная ручка корзины</li>
<li>Съемные детали можно мыть в посудомоечной машине</li>
<li>Защита от перегрева</li>
</ul>

<p><b>Дополнительные характеристики:</b></p>

<ul>
<li>Температурный режим: от 150 до 190 °C</li>
<li>Загрузка продукта: до 0,5 кг</li>
</ul>",250446,220 В,2 кВт,,,,,,,0,https://entero.ru/manuals/307167/%D0%98%D0%BD%D1%81%D1%82%D1%80%D1%83%D0%BA%D1%86%D0%B8%D1%8F%20%D0%BD%D0%B0%20Taurus%20Fry%20Solution.pdf,,,,Испания,Китай,1.5 л,
https://cdn.entero.ru/mp@2x/1f/30/1f3011ec7aac15aa5ebb1fee03923063.jpg,Фритюрница Taurus Professional 2,Фритюрница Taurus Professional 2,8500,RUB,Нет,Taurus,Бытовая техника,Техника для кухни,Фритюрницы,https://entero.ru/item/250441,"<p>Фритюрница <b class=""b""><a style=""text-decoration:none;cursor:text;"" href=""http://entero.ru/item/250441"">Taurus Professional 2</a></b> предназначена для приготовления различных продуктов в большом количестве горячего масла или жира в частных домах и квартирах. Модель оснащена регулятором температуры, световым индикатором нагрева и нескользящими ножками. Корпус, чаша и крышка выполнены из нержавеющей стали.</p>

<p><b>Особенности:</b></p>

<ul>
<li>Холодная зона для масла</li>
<li>2 ручки по бокам для переноски</li>
<li>Опоры для подвешивания козины после жарки с целью удаления излишков масла</li>
<li>Съемные детали можно мыть в посудомоечной машине</li>
<li>Защита от перегрева</li>
<li>Отсек для хранения шнура</li>
</ul>

<p><b>Дополнительные характеристики:</b></p>

<ul>
<li>Температурный режим: до 190 °C</li>
<li>Загрузка продукта: до 0,6 кг</li>
</ul>",250441,220 В,1.7 кВт,,,,,,,0,,,,,Испания,Китай,2 л,
https://cdn.entero.ru/mp@2x/86/f9/86f921a7a92f87943c8c1f6b30b297bf.jpg,Фритюрница Taurus F3,Фритюрница Taurus F3,8750,RUB,Нет,Taurus,Бытовая техника,Техника для кухни,Фритюрницы,https://entero.ru/item/250445,"<p>Фритюрница <b class=""b""><a style=""text-decoration:none;cursor:text;"" href=""http://entero.ru/item/250445"">Taurus F3</a></b> предназначена для приготовления различных продуктов в большом количестве горячего масла или жира в частных домах и квартирах. Модель оснащена регулятором температуры, световым индикатором нагрева и нескользящими ножками. Корпус выполнен из нержавеющей стали, чаша - эмалированная, крышка - из пластика.</p>

<p><b>Особенности:</b></p>

<ul>
<li>2 ручки по бокам для переноски</li>
<li>Съемная ручка корзины</li>
<li>Съемные детали можно мыть в посудомоечной машине</li>
<li>Защита от перегрева</li>
</ul>

<p><b>Дополнительные характеристики:</b></p>

<ul>
<li>Температурный режим: от 150 до 190 °C</li>
<li>Загрузка продукта: до 1 кг</li>
</ul>",250445,220 В,2 кВт,,,,,,,0,https://entero.ru/manuals/307166/%D0%98%D0%BD%D1%81%D1%82%D1%80%D1%83%D0%BA%D1%86%D0%B8%D1%8F%20%D0%BD%D0%B0%20Taurus%20F3.pdf,,,,Испания,Китай,3 л,
https://cdn.entero.ru/mp@2x/e0/e5/e0e5d2edc014e187a35a9f951b81d77d.jpg;https://cdn.entero.ru/mp@2x/e7/2f/e72f66d454a69f96e323902f48ba0f61.jpg;https://cdn.entero.ru/mp@2x/96/a2/96a23d1cb800e1fd83bb61a9089173b8.jpg,Фритюрница Black+Decker BXDF2100E,Фритюрница Black+Decker BXDF2100E,9451,RUB,Нет,,Бытовая техника,Техника для кухни,Фритюрницы,https://entero.ru/item/252228,"<p>Фритюрница <b class=""b""><a style=""text-decoration:none;cursor:text;"" href=""http://entero.ru/item/252228"">Black+Decker BXDF2100E</a></b> предназначена для приготовления различных продуктов в большом количестве горячего масла или жира в частных домах и квартирах. Модель оснащена регулятором температуры и крышкой со смотровым окном и фильтром против запахов. Корпус выполнен из нержавеющей стали с покрытием, защищающим от отпечатков пальцев, чаша - эмалированная.</p>

<p><b>Особенности:</b></p>

<ul>
<li>Разбирается для очистки</li>
<li>Чашу для масла и корзину можно мыть в посудомоечной машине</li>
<li>Защита от перегрева</li>
</ul>

<p><b>Дополнительные характеристики:</b></p>

<ul>
<li>Температурный режим: от 130 до 190 °C</li>
</ul>",252228,220 В,2.1 кВт,,,,,,,0,https://entero.ru/manuals/309524/%D0%98%D0%BD%D1%81%D1%82%D1%80%D1%83%D0%BA%D1%86%D0%B8%D1%8F%20%D0%BD%D0%B0%20Black+Decker%20BXDF2100E.pdf,,,,США,Китай,3 л,
https://cdn.entero.ru/mp@2x/39/71/3971e8d226e3729dd12d9a2717aa62e8.jpg;https://cdn.entero.ru/mp@2x/dd/7c/dd7cd59d2aeee29b7b6a042d0a20d89a.jpg;https://cdn.entero.ru/mp@2x/d8/a6/d8a6569bdfcc0f4d489da3becc354a9d.jpg;https://cdn.entero.ru/mp@2x/13/06/130664be016c9c78e80a9ddfb30107e7.jpg;https://cdn.entero.ru/mp@2x/7e/ed/7eed30bbd5ae665fc5ef2d0e72229f4d.jpg;https://cdn.entero.ru/mp@2x/d7/fa/d7fa1a60c57da2072882f616b76fcdef.jpg,Аэрофритюрница Taurus Respire Analogic,973973000,9750,RUB,Нет,Taurus,Бытовая техника,Техника для кухни,Фритюрницы,https://entero.ru/item/283368,"<p><span class=""b"">Аэрофритюрница</span><b class=""b""> <a style=""text-decoration:none;cursor:text;"" href=""http://entero.ru/item/283368"">Taurus Respire Analogic</a></b> предназначена для приготовления различных пищевых продуктов без использования масла в отелях, офисах, а также домашних условиях. Модель оснащена съемным выдвижным контейнером с вертикальной рукояткой и простым электромеханическим управлением. Корпус обтекаемой формы выполнен из пластика черного цвета с глянцевой поверхностью.</p>

<p><b>Особенности: </b></p>

<ul>
<li>Регулировка температуры и длительности приготовления с помощью поворотных переключателей</li>
<li>Светодиодные индикаторы питания и нагрева</li>
<li>6 рецептов на верхней панели</li>
<li>Антипригарное покрытие</li>
<li>Защита от перегрева</li>
<li>Нескользящие опоры</li>
<li>Легкость очистки</li>
<li>Эргономичный стильный дизайн</li>
</ul>

<p><b>Характеристики:</b></p>

<ul>
<li>Диапазон регулировки температуры: от 40 до 200 °C</li>
<li>Максимальная заданная длительность: 30 мин.</li>
<li>Максимальная загрузка: 0,3 кг</li>
</ul>",283368,220 В,1 кВт,,,,,,,0,https://entero.ru/manuals/349558/%D0%98%D0%BD%D1%81%D1%82%D1%80%D1%83%D0%BA%D1%86%D0%B8%D1%8F%20%D0%BD%D0%B0%20Taurus%20Respire%20Analogic.pdf,,,,Испания,Китай,1.5 л,
https://cdn.entero.ru/mp@2x/90/ef/90efdee8877eb0d87d645d0730b43e73.jpg,Фритюрница Taurus Professional 2 Plus,Фритюрница Taurus Professional 2 Plus,10026,RUB,Нет,Taurus,Бытовая техника,Техника для кухни,Фритюрницы,https://entero.ru/item/250442,"<p>Фритюрница <b class=""b""><a style=""text-decoration:none;cursor:text;"" href=""http://entero.ru/item/250442"">Taurus Professional 2 Plus</a></b> предназначена для приготовления различных продуктов в большом количестве горячего масла или жира в частных домах и квартирах. Модель оснащена регулятором температуры, световым индикатором нагрева и нескользящими ножками. Корпус, чаша и крышка выполнены из нержавеющей стали.</p>

<p><b>Особенности:</b></p>

<ul>
<li>Фильтр для масла</li>
<li>Холодная зона для масла</li>
<li>2 ручки по бокам для переноски</li>
<li>Опоры для подвешивания козины после жарки с целью удаления излишков масла</li>
<li>Съемные детали можно мыть в посудомоечной машине</li>
<li>Защита от перегрева</li>
</ul>

<p><b>Дополнительные характеристики:</b></p>

<ul>
<li>Температурный режим: до 190 °C</li>
<li>Загрузка продукта: до 0,6 кг</li>
</ul>",250442,220 В,1.7 кВт,,,,,,,0,https://entero.ru/manuals/307163/%D0%98%D0%BD%D1%81%D1%82%D1%80%D1%83%D0%BA%D1%86%D0%B8%D1%8F%20%D0%BD%D0%B0%20Taurus%20Professional%202%20Plus.pdf,10444,,,Испания,Китай,2 л,
https://cdn.entero.ru/mp@2x/71/95/71953909c7ad0ec3b887a2d5a1c4ba2d.jpg;https://cdn.entero.ru/mp@2x/43/51/43518d80bf84c3b7443e2672fa33cceb.jpg,Фритюрница Taurus Professional 3 Plus,Фритюрница Taurus Professional 3 Plus,12990,RUB,Нет,Taurus,Бытовая техника,Техника для кухни,Фритюрницы,https://entero.ru/item/250443,"<p>Фритюрница <b class=""b""><a style=""text-decoration:none;cursor:text;"" href=""http://entero.ru/item/250443"">Taurus Professional 3 Plus</a></b> предназначена для приготовления различных продуктов в большом количестве горячего масла или жира в частных домах и квартирах. Модель оснащена регулятором температуры, световым индикатором нагрева и нескользящими ножками. Корпус, чаша и крышка выполнены из нержавеющей стали.</p>

<p><b>Особенности:</b></p>

<ul>
<li>Фильтр для масла</li>
<li>Холодная зона для масла</li>
<li>Крышка со смотровым окном</li>
<li>Система фильтров в крышке против запахов и дыма</li>
<li>2 ручки по бокам для переноски</li>
<li>Съемная ручка корзины</li>
<li>Опоры для подвешивания козины после жарки с целью удаления излишков масла</li>
<li>Съемные детали можно мыть в посудомоечной машине</li>
<li>Защита от перегрева</li>
</ul>

<p><b>Дополнительные характеристики:</b></p>

<ul>
<li>Температурный режим: от 150 до 190 °C</li>
<li>Загрузка продукта: до 1 кг</li>
</ul>",250443,220 В,2.1 кВт,200 мм,390 мм,230 мм,,,,0,https://entero.ru/manuals/307164/%D0%98%D0%BD%D1%81%D1%82%D1%80%D1%83%D0%BA%D1%86%D0%B8%D1%8F%20%D0%BD%D0%B0%20Taurus%20Professional%203%20Plus.pdf,,,,Испания,Китай,3 л,
https://cdn.entero.ru/mp@2x/db/74/db742d7de07a8d8e35997ee847706ab4.jpg;https://cdn.entero.ru/mp@2x/b8/34/b8345a7ba27318585f0ef90db2953e8a.jpg;https://cdn.entero.ru/mp@2x/3d/8f/3d8f7da261379de3701dff172dd9005d.jpg;https://cdn.entero.ru/mp@2x/aa/e3/aae31b36b1a16a9515945c6af2f71b09.jpg,Аэрофритюрница Profi Cook PC-FR 1239 H,PC-FR 1239 H / 501239,13636,RUB,Нет,,Бытовая техника,Техника для кухни,Фритюрницы,https://entero.ru/item/303286,"<p><span class=""b"">Аэрофритюрница</span><b class=""b""> <a style=""text-decoration:none;cursor:text;"" href=""http://entero.ru/item/303286"">Profi Cook PC-FR 1239 H</a></b> используется в домашних условиях для приготовления различных блюд с хрустящей корочкой без использования масла либо с добавлением небольшого его количества благодаря принудительной циркуляции горячего воздуха в камере. Модель оснащена выдвижным контейнером со съемным решетчатым поддоном, вертикальной рукояткой, кабелем питания с вилкой, сенсорной панелью управления, цифровым дисплеем и светодиодной подсветкой индикации. Корпус выполнен из ударопрочного пластика черного цвета со вставками из нержавеющей стали на рукоятке, верхней и фронтальных панелях.</p>

<p><b>Особенности: </b></p>

<ul>
<li>8 предустановленных программ приготовления:
<ul>
<li>Картофель фри</li>
<li>Куриные ножки</li>
<li>Ребрышки</li>
<li>Стейк</li>
<li>Креветки</li>
<li>Рыба</li>
<li>Торт</li>
<li>Размораживание / поддержание температуры</li>
</ul>
</li>
<li>Ручной режим с установкой температуры и длительности приготовления</li>
<li>Цифровая индикация температуры и длительности</li>
<li>Интегрированные в клавиши символьные светодиодные индикаторы программ</li>
<li>Звуковая сигнализация для подтверждения настроек и оповещения об окончании приготовления </li>
<li>Автоматический переход в режим ожидания по окончании приготовления и при длительном отсутствии действий</li>
<li>Простое управление с помощью легких прикосновений и удобного меню </li>
<li>Устойчивая нескользящая база</li>
<li>Компактные габариты для оптимизации пространства</li>
<li>Класс электрозащиты: I</li>
<li>Эргономичный стильный дизайн</li>
</ul>

<p><b>Характеристики:</b></p>

<ul>
<li>Диапазон регулировки температуры: от 60 до 200 °C</li>
<li>Диапазон регулировки длительности: от 1 до 60 мин.</li>
</ul>",303286,220 В,1.4 кВт,275 мм,350 мм,330 мм,,,,0,https://entero.ru/manuals/363528/%D0%98%D0%BD%D1%81%D1%82%D1%80%D1%83%D0%BA%D1%86%D0%B8%D1%8F%20%D0%BD%D0%B0%20Profi%20Cook%20PC-FR%201239%20H.pdf,,,4.3 кг,Германия,Китай,5.5 л,
https://cdn.entero.ru/mp@2x/06/fc/06fc6d45f4fb32d35bf8056ef7c7a278.jpg;https://cdn.entero.ru/mp@2x/27/81/27813b8f28a8e99b685fc54f79f1f0d3.jpg;https://cdn.entero.ru/mp@2x/b7/30/b73047e7428bea57c59ed89577d584e7.jpg,Фритюрница Taurus Professional 3 Plus Compact,Фритюрница Taurus Professional 3 Plus Compact,13750,RUB,Нет,Taurus,Бытовая техника,Техника для кухни,Фритюрницы,https://entero.ru/item/250444,"<p>Фритюрница <b class=""b""><a style=""text-decoration:none;cursor:text;"" href=""http://entero.ru/item/250444"">Taurus Professional 3 Plus Compact</a></b> предназначена для приготовления различных продуктов в большом количестве горячего масла или жира в частных домах и квартирах. Модель оснащена регулятором температуры, световым индикатором нагрева и нескользящими ножками. Корпус, чаша и крышка выполнены из нержавеющей стали.</p>

<p><b>Особенности:</b></p>

<ul>
<li>Фильтр для масла</li>
<li>Холодная зона для масла</li>
<li>Крышка со смотровым окном</li>
<li>Система фильтров в крышке против запахов и дыма</li>
<li>2 ручки по бокам для переноски</li>
<li>Съемная ручка корзины</li>
<li>Опоры для подвешивания козины после жарки с целью удаления излишков масла</li>
<li>Съемные детали можно мыть в посудомоечной машине</li>
<li>Защита от перегрева</li>
</ul>

<p><b>Дополнительные характеристики:</b></p>

<ul>
<li>Температурный режим: от 150 до 190 °C</li>
<li>Загрузка продукта: до 1 кг</li>
<li>Размер корзины: 170х220х90 мм</li>
</ul>",250444,220 В,2.6 кВт,210 мм,350 мм,220 мм,,,,0,https://entero.ru/manuals/307165/%D0%98%D0%BD%D1%81%D1%82%D1%80%D1%83%D0%BA%D1%86%D0%B8%D1%8F%20%D0%BD%D0%B0%20Taurus%20Professional%203%20Plus%20Compact.pdf,14785,,,Испания,Китай,3 л,
https://cdn.entero.ru/mp@2x/cf/dd/cfdd06501f7c604b3ff0c8041794960e.jpg;https://cdn.entero.ru/mp@2x/73/ec/73ec0ae4a4d7cfdec26872962421307f.jpg;https://cdn.entero.ru/mp@2x/50/44/50440c3fc6ed7b339db09c8bb4f626ee.jpg;https://cdn.entero.ru/mp@2x/31/f4/31f4e79a8bdddc50e62ea251a431ad1f.jpg,Набор для аэрофритюрницы CASO AF 250,Набор для аэрофритюрницы CASO AF 250,3615,RUB,Да,CASO,Бытовая техника,Техника для кухни,Фритюрницы,https://entero.ru/item/173053,"<p><span class=""b"">Набор для аэрофритюрницы</span><b class=""b""> <a style=""text-decoration:none;cursor:text;"" href=""http://entero.ru/item/173053"">CASO AF 250</a></b> предназначен для приготовления стейков, шашлыков, рыбы, гамбургеров и других продуктов в аэрофритюрнице AF 250 в частных домах и квартирах. В набор входят сковорода, решетка и 3 шампура.</p>

<p> </p>",173053,,,,,,,,,0,,,,,,,,
