Изображения,Название,Артикул,Цена,Валюта,Наличие,Бренд,Категория,Подкатегория,Раздел,URL,Описание,Код товара,Ширина,Глубина,Высота,Вес,Количество мест,Размеры,Остаток,Файлы,Старая цена,Вес (без упаковки),Родина бренда,Страна-производитель,Точность взвешивания
https://cdn.entero.ru/mp@2x/68/85/6885d58bcecbb8c3543a93f06a16a6a0.jpg,Весы кухонные Profi Cook PC-KW 1061,Весы кухонные Profi Cook PC-KW 1061,2156,RUB,Да,,Бытовая техника,Техника для кухни,Весы,https://entero.ru/item/226506,"<p>Электронные кухонные весы <a style=""text-decoration:none;cursor:text;"" href=""http://entero.ru/item/226506""><b class=""b"">Profi Cook PC-KW 1061</b></a> предназначены для взвешивания ингредиентов для блюд, лекарств, ювелирных изделий и прочих мелкогабаритных предметов в мастерских, аптеках, на предприятиях общественного питания и торговли, а также в быту. Модель оснащена кнопкой включения и выключения и большим LCD-дисплеем. Платформа выполнена из нержавеющей стали.</p>

<p><b>Особенности:</b></p>

<ul>
<li>Настольное размещение</li>
<li>Автоматическое отключение увеличивает срок службы батареи</li>
<li>Возможные единицы измерения: килограмм, фунт, ункция</li>
<li>Индикатор низкого заряда батареи</li>
<li>Простое управление</li>
<li>Тарокомпенсация</li>
<li>Питание от 3 батарей CR2032</li>
<li>Легкость очистки</li>
<li>Современный дизайн</li>
</ul>

<p><b>Дополнительные характеристики:</b></p>

<ul>
<li>Диапазон взвешивания: от 0,01 до 5 кг с шагом 0,001 кг</li>
</ul>",226506,165 мм,15 мм,220 мм,,,,0,,,,Германия,Китай,1 г
https://cdn.entero.ru/mp@2x/e7/b4/e7b4dfebd2e7d56d49a5b012b05361e7.jpg,Весы кухонные CASO Kitchen scale Slim,Весы кухонные CASO Kitchen scale Slim,2700,RUB,Да,CASO,Бытовая техника,Техника для кухни,Весы,https://entero.ru/item/170589,"<p>Кухонные весы <b class=""b""><a style=""text-decoration:none;cursor:text;"" href=""http://entero.ru/item/170589"">CASO Kitchen scale Slim</a></b> предназначены для взвешивания ингредиентов для блюд и различных предметов в частных домах и квартирах. Модель оснащена сенсорной панелью управления с цифровым дисплеем. Платформа выполнена из стекла.</p>

<p><b>Особенности:</b></p>

<ul>
<li>Батарейка в комплекте</li>
<li>Функция взвешивания тары</li>
<li>Автоматическое отключение</li>
<li>Компактный плоский корпус</li>
<li>Единицы измерения:
<ul>
<li>Граммы</li>
<li>Унции</li>
</ul>
</li>
</ul>

<p><b>Дополнительные характеристики:</b></p>

<ul>
<li>Максимальный вес: 5 кг</li>
<li>Питание: 1х 3В CR2032</li>
</ul>",170589,145 мм,200 мм,15 мм,,,,0,,,0.4 кг,,Китай,1 г
https://cdn.entero.ru/mp@2x/49/3e/493eb9c879a7fa2ab34a43e0a59f9649.jpg,Весы кухонные Profi Cook PC-KW 1040,Весы кухонные Profi Cook PC-KW 1040,5353,RUB,Да,,Бытовая техника,Техника для кухни,Весы,https://entero.ru/item/226496,"<p>Электронные кухонные весы <a style=""text-decoration:none;cursor:text;"" href=""http://entero.ru/item/226496""><b class=""b"">Profi Cook PC-KW 1040</b></a> предназначены для взвешивания ингредиентов для блюд, лекарств, ювелирных изделий и прочих мелкогабаритных предметов в мастерских, аптеках, на предприятиях общественного питания и торговли, а также в быту. Модель оснащена круглой платформой с бортиком, чашей и четким многофункциональным 5-значным ЖК-дисплеем с синей подсветкой. Корпус, чаша и площадка для взвешивания выполнены из нержавеющей стали.</p>

<p>Батарейки в комплект поставки не входят.</p>

<p><b>Особенности:</b></p>

<ul>
<li>Настольное размещение</li>
<li>Простое управление</li>
<li>Функция обнуления тары</li>
<li>Автоматическое отключение</li>
<li>Нескользящие ножки</li>
<li>Возможные единицы измерения: грамм, мл, унция, жидкая унция</li>
<li>Легкость очистки чаши</li>
<li>Питание от 2 батарей типа AA</li>
<li>Эргономичный дизайн</li>
</ul>

<p><b>Дополнительные характеристики:</b></p>

<ul>
<li>Напряжение батареи: 1,5 В</li>
<li>Объем чаши: 2 л</li>
<li>Диапазон взвешивания: от 0,01 до 5 кг с шагом 0,001 кг</li>
</ul>",226496,,,,,,,0,,6863,,Германия,Китай,1 г
https://cdn.entero.ru/mp@2x/0f/ca/0fca750f1e9b33f8b66dba7f832b1791.jpg;https://cdn.entero.ru/mp@2x/5b/a1/5ba1c916853367dd9e2c820991877f42.jpg;https://cdn.entero.ru/mp@2x/ca/09/ca091ba1551fb60a31c9434b7e300b28.jpg;https://cdn.entero.ru/mp@2x/80/58/80584c451faf75b8e38495b7c471509c.jpg;https://cdn.entero.ru/mp@2x/22/41/22413e48b1851ee599fe762425e6c300.jpg;https://cdn.entero.ru/mp@2x/97/23/97238bde4fb8b0fa1d75eef1e59c77af.jpg;https://cdn.entero.ru/mp@2x/8d/5d/8d5d6f8d3b434e847a0d0cea56db7cc8.jpg,Весы кухонные CASO L 15,Весы кухонные CASO L 15,6033,RUB,Да,CASO,Бытовая техника,Техника для кухни,Весы,https://entero.ru/item/191412,"<p>Кухонные весы <b class=""b""><a style=""text-decoration:none;cursor:text;"" href=""http://entero.ru/item/191412"">CASO L 15</a></b> предназначены для взвешивания ингредиентов для блюд и различных предметов в частных домах и квартирах. Модель оснащена сенсорной панелью управления с большим цифровым дисплеем. Платформа выполнена из нержавеющей стали.</p>

<p><b>Особенности:</b></p>

<ul>
<li>Функция взвешивания тары</li>
<li>Индикатор заряда батареи и перегрузки</li>
<li>Отключаемая функция кратковременного сохранения измеренного веса при снятии посуды</li>
<li>Автоматическое отключение</li>
</ul>

<p><b>Дополнительные характеристики:</b></p>

<ul>
<li>Максимальный вес: 15 кг</li>
<li>Размер платформы: 300х220 мм</li>
<li>Питание: 4х 1,5 В ( батарейки типа АА)</li>
</ul>",191412,310 мм,260 мм,30 мм,,,,0,https://entero.ru/manuals/222789/%D0%98%D0%BD%D1%81%D1%82%D1%80%D1%83%D0%BA%D1%86%D0%B8%D1%8F%20%D0%BD%D0%B0%20CASO%20L%2015.pdf,,1.1 кг,,Китай,1 г
https://cdn.entero.ru/mp@2x/73/00/7300cb549bb9462fa55a4adc1049fbde.jpg;https://cdn.entero.ru/mp@2x/75/5a/755ad8b0d886426685f7e4388d8441b8.jpg;https://cdn.entero.ru/mp@2x/94/f2/94f2f79919727ccb465767c290f2a87e.jpg;https://cdn.entero.ru/mp@2x/ba/09/ba09a41b37a99751d9f8a032a6dab208.jpg;https://cdn.entero.ru/mp@2x/d2/e5/d2e5e461d29291a79ff50ec61bce36ea.jpg,Весы кухонные Profi Cook PC-LW 1214,501214 / PC-LW 1214 inox,1797,RUB,Да,,Бытовая техника,Техника для кухни,Весы,https://entero.ru/item/283614,"<p>Кухонные весы <b class=""b""><a style=""text-decoration:none;cursor:text;"" href=""http://entero.ru/item/283614"">Profi Cook PC-LW 1214</a></b> предназначены для измерения массы небольшого количества сахара, муки, специй, а также других сыпучих ингридиентов и жидкостей в домашних условиях. Модель в форме ложки оснащена рукояткой с отверстием для подвешивания и панелью управления с жидкокристаллическимм дисплеем. Корпус выполнен из нержавеющей стали, мерная емкость – из пластика.</p>

<p><b>Особенности:</b></p>

<ul>
<li>Функциональные кнопки:
<ul>
<li>Тарирование</li>
<li>Удержание результата измерения на дисплее</li>
<li>Выбор единиц измерения</li>
</ul>
</li>
<li>Цифровая индикация массы в граммах или унциях</li>
<li>Индикация низкого заряда батарей</li>
<li>Прозрачная емкость с мерной шкалой объема</li>
<li>Питание дисплея от 2 батарей типа R03 (ААА)</li>
<li>Автоматическое отключение</li>
<li>Легкость очистки съемной емкости</li>
<li>Компактные габариты для портативного использования </li>
<li>Эргономичный дизайн</li>
</ul>

<p><b>Дополнительные характеристики:</b></p>

<ul>
<li>Номинальное напряжение батарей питания: 2х1,5 В</li>
<li>Длительность работы до автоматического отключения: 90 сек.</li>
<li>Максимальный предел взвешивания: 0,3 кг</li>
<li>Максимальный объем жидкости: 45 мл</li>
<li>Ширина рукоятки: 30 мм</li>
</ul>",283614,63 мм,225 мм,,,,,0,https://entero.ru/manuals/350700/%D0%98%D0%BD%D1%81%D1%82%D1%80%D1%83%D0%BA%D1%86%D0%B8%D1%8F%20%D0%BD%D0%B0%20Profi%20Cook%20PC-LW%201214.pdf,,0.07 кг,,Китай,0.1 г
https://cdn.entero.ru/mp@2x/ea/49/ea498ca4520a455588ff1d56e19d9d39.jpg,Весы кухонные P.L. Proff Cuisine DKS-5A (HONRI) настольные,DKS-5A (HONRI),1808,RUB,Да,,Бытовая техника,Техника для кухни,Весы,https://entero.ru/item/354231,"<p>Настольные электронные кухонные весы <a style=""text-decoration:none;cursor:text;"" href=""http://entero.ru/item/354231""><b class=""b"">P.L. Proff Cuisine DKS-5A (HONRI)</b></a> предназначены для взвешивания ингредиентов для блюд, лекарств, ювелирных изделий и прочих мелкогабаритных предметов в мастерских, аптеках, на предприятиях общественного питания и торговли, а также в домашних условиях. Модель оснащена круглой платформой и цифровым дисплеем. Корпус выполнен из пластика с белой поверхностью.</p>

<p><b>Дополнительные характеристики:</b></p>

<ul>
<li>Предел взвешивания: 5 кг</li>
</ul>",354231,232 мм,163 мм,37 мм,,,,0,,2477,0.3 кг,,Китай,1 г
https://cdn.entero.ru/mp@2x/19/b3/19b3eba1c842e8f3a8e3b7a3de0010a6.jpg,Весы кухонные P.L. Proff Cuisine DKS-5 (HONRI) настольные,DKS-5 (HONRI),1830,RUB,Да,,Бытовая техника,Техника для кухни,Весы,https://entero.ru/item/354232,"<p>Настольные электронные кухонные весы <a style=""text-decoration:none;cursor:text;"" href=""http://entero.ru/item/354232""><b class=""b"">P.L. Proff Cuisine DKS-5 (HONRI)</b></a> предназначены для взвешивания ингредиентов для блюд, лекарств, ювелирных изделий и прочих мелкогабаритных предметов в мастерских, аптеках, на предприятиях общественного питания и торговли, а также в домашних условиях. Модель оснащена круглой платформой и цифровым дисплеем. Корпус выполнен из пластика с белой поверхностью.</p>

<p><b>Дополнительные характеристики:</b></p>

<ul>
<li>Предел взвешивания: 5 кг</li>
</ul>",354232,127 мм,162 мм,34 мм,,,,0,,2346,0.1 кг,,Китай,1 г
https://cdn.entero.ru/mp@2x/ac/77/ac773eb3b5d3692dffd675c35ebcdcc2.jpg,Весы кухонные P.L. Proff Cuisine DKS-6S (HONRI) настольные,DKS-6S (HONRI),2735,RUB,Да,,Бытовая техника,Техника для кухни,Весы,https://entero.ru/item/354230,"<p>Настольные электронные кухонные весы <a style=""text-decoration:none;cursor:text;"" href=""http://entero.ru/item/354230""><b class=""b"">P.L. Proff Cuisine DKS-6S (HONRI)</b></a> предназначены для взвешивания ингредиентов для блюд, лекарств, ювелирных изделий и прочих мелкогабаритных предметов в мастерских, аптеках, на предприятиях общественного питания и торговли, а также в домашних условиях. Модель оснащена прямоугольной платформой и цифровым дисплеем. Корпус выполнен из пластика с серебристой поверхностью.</p>

<p><b>Дополнительные характеристики:</b></p>

<ul>
<li>Предел взвешивания: 10 кг</li>
</ul>",354230,212 мм,155 мм,32 мм,,,,0,,3506,0.3 кг,,Китай,1 г
https://cdn.entero.ru/mp@2x/e3/a3/e3a35764e34a19741ba24dc717680d86.jpg;https://cdn.entero.ru/mp@2x/19/8d/198d905b5ef22324047e70ba67f60577.jpg;https://cdn.entero.ru/mp@2x/24/27/242726003268bf9f49cea1c6e7288786.jpg;https://cdn.entero.ru/mp@2x/c7/21/c7212f169f6a93d6e8d81af74430171d.jpg;https://cdn.entero.ru/mp@2x/9e/bd/9ebd6e05e1ca483bc1f2b4d06ecd5407.jpg;https://cdn.entero.ru/mp@2x/a8/ac/a8ac91872001a1a4bf99d22738721641.jpg,Весы кухонные CASO Kitchen EcoMaster,Весы кухонные CASO Kitchen EcoMaster,3854,RUB,Да,CASO,Бытовая техника,Техника для кухни,Весы,https://entero.ru/item/170559,"<p>Кухонные весы <b class=""b""><a style=""text-decoration:none;cursor:text;"" href=""http://entero.ru/item/170559"">CASO Kitchen EcoMaster</a></b> предназначены для взвешивания ингредиентов для блюд и различных предметов в частных домах и квартирах. Модель оснащена цифровым ЖК-дисплеем и нескользящими ножками. Платформа выполнена из нержавеющей стали.</p>

<p><b>Особенности:</b></p>

<ul>
<li>Работают без батареек, за счет кинетической энергии (вращение ручки на 1 оборот - 3 мин. работы)</li>
<li>Функция взвешивания тары</li>
<li>Автоматическое отключение</li>
<li>Единицы измерения:
<ul>
<li>Граммы</li>
<li>Унции</li>
<li>Вода в мл</li>
<li>Молоко в мл</li>
</ul>
</li>
</ul>

<p><b>Дополнительные характеристики:</b></p>

<ul>
<li>Максимальный вес: 5 кг</li>
</ul>",170559,195 мм,185 мм,30 мм,,,,0,https://entero.ru/manuals/196241/%D0%98%D0%BD%D1%81%D1%82%D1%80%D1%83%D0%BA%D1%86%D0%B8%D1%8F%20%D0%BD%D0%B0%20CASO%20Kitchen%20EcoMaster.pdf,4878,0.3 кг,,Китай,1 г
https://cdn.entero.ru/mp@2x/34/41/3441e7731176231a390eebdf4daa6932.jpg;https://cdn.entero.ru/mp@2x/51/b1/51b1e2db1e67a173cf0d169859bd60ac.jpg;https://cdn.entero.ru/mp@2x/62/a4/62a4f0116df76a397ffbf2e769073f51.jpg;https://cdn.entero.ru/mp@2x/93/88/938897edcae5f2b76cd619102187a314.jpg;https://cdn.entero.ru/mp@2x/e1/fc/e1fc981adfe62fa06018fa15456b82aa.jpg;https://cdn.entero.ru/mp@2x/09/ea/09ea18f52b292965c8040044f600937d.jpg;https://cdn.entero.ru/mp@2x/26/b1/26b1c7527712ced73cc943a2c68bd323.jpg;https://cdn.entero.ru/mp@2x/78/3c/783c8ca42988b8053ec27f2ce81acfdc.jpg,Весы кухонные CASO FinoCompact,3201,3854,RUB,Да,CASO,Бытовая техника,Техника для кухни,Весы,https://entero.ru/item/278663,"<p>Кухонные весы <b class=""b""><a style=""text-decoration:none;cursor:text;"" href=""http://entero.ru/item/278663"">CASO FinoCompact</a></b> предназначены для взвешивания ингредиентов для блюд, специй, чая, кофе, лекарств и различных предметов в частных домах и квартирах. Модель оснащена светодиодным дисплеем и сенсорным управлением. Платформа выполнена из нержавеющей стали.</p>

<p>В комплект поставки входит чаша для взвешивания из матовой нержавеющей стали.</p>

<p><b>Особенности:</b></p>

<ul>
<li>Работает от батареек </li>
<li>Тарокомпенсация</li>
<li>Автоматическое отключение</li>
</ul>

<p><b>Дополнительные характеристики:</b></p>

<ul>
<li>Цвет: черный</li>
<li>Единицы измерения:
<ul>
<li>граммы: от 0,1 г до 500 г </li>
<li>унции: 0,01–17,7 унции</li>
<li>мл: 0,1–500 мл </li>
</ul>
</li>
<li>Тип батареек: 2x 1,5 В AAA (не входят в комплект)</li>
<li>Максимальный вес: 0,5 кг</li>
</ul>",278663,80 мм,115 мм,33 мм,,,,0,https://entero.ru/manuals/343830/%D0%98%D0%BD%D1%81%D1%82%D1%80%D1%83%D0%BA%D1%86%D0%B8%D1%8F%20%D0%BD%D0%B0%20CASO%20FinoCompact%20%28%D0%B0%D0%BD%D0%B3%D0%BB%29.pdf,4758,0.27 кг,Германия,Китай,0.1 г
https://cdn.entero.ru/mp@2x/dc/f5/dcf50948f16f47b92f329ef47c451f43.jpg;https://cdn.entero.ru/mp@2x/21/74/21740cf912510b409e6c67095ece8ddb.jpg;https://cdn.entero.ru/mp@2x/eb/39/eb39bcc92331dd6464318589408e2ad2.jpg;https://cdn.entero.ru/mp@2x/c0/ec/c0ecd66a9f81fb4c56381e9b5b0ff83b.jpg,Весы кухонные CASO KitchenEcostyle,Весы кухонные CASO KitchenEcostyle,4022,RUB,Да,CASO,Бытовая техника,Техника для кухни,Весы,https://entero.ru/item/232022,"<p>Кухонные весы <b class=""b""><a style=""text-decoration:none;cursor:text;"" href=""http://entero.ru/item/232022"">CASO KitchenEcostyle</a></b> предназначены для взвешивания ингредиентов для блюд и различных предметов в домашних условиях. Модель оснащена жидкокристаллическим цифровым дисплеем и нескользящими ножками. Платформа выполнена из нержавеющей стали с матовой поверхностью.</p>

<p><b>Особенности:</b></p>

<ul>
<li>Выдвижная секция для увеличения опорной плоскости взвешивания с механизмом преобразования кинетической энергии в электричество для работы дисплея без дополнительных источников питания</li>
<li>Функция взвешивания тары</li>
<li>Автоматическое отключение дисплея</li>
<li>Единицы измерения:
<ul>
<li>Граммы</li>
<li>Унции</li>
<li>Вода в мл</li>
<li>Молоко в мл</li>
</ul>
</li>
<li>Компактные габариты для удобства транспортировки и возможности портативной эксплуатации</li>
<li>Эргономичный дизайн</li>
</ul>

<p><b>Дополнительные характеристики:</b></p>

<ul>
<li>Длительность работы при выдвижении секции: 3 мин.</li>
<li>Максимальная масса продукта: 5 кг</li>
<li>Диаметр тары: от 50 до 180 мм</li>
</ul>",232022,65 мм,220 мм,30 мм,,,,0,,,0.18 кг,Германия,Китай,1 г
https://cdn.entero.ru/mp@2x/9b/82/9b82bfd0f431c4699b4f01c76dc0e104.jpg;https://cdn.entero.ru/mp@2x/89/15/89153e183e9df6e46a792bad92765233.jpg;https://cdn.entero.ru/mp@2x/91/47/914750579a5787ff472b0bbdd9172f55.jpg;https://cdn.entero.ru/mp@2x/9f/43/9f43e29c2010b5b1e4b9152205ab99ad.jpg;https://cdn.entero.ru/mp@2x/70/c4/70c438605dc1590e7722949d1fd77d5c.jpg,Весы кухонные CASO Kitchen EcoMate,Весы кухонные CASO Kitchen EcoMate,4245,RUB,Да,CASO,Бытовая техника,Техника для кухни,Весы,https://entero.ru/item/191402,"<p>Кухонные весы <a style=""text-decoration:none;cursor:text;"" href=""http://entero.ru/item/191402""><b class=""b"">CASO Kitchen EcoMate</b></a> предназначены для взвешивания ингредиентов для блюд и различных предметов в частных домах и квартирах. Модель оснащена цифровым ЖК-дисплеем и магнитным основанием, позволяющим хранить изделие на дверце холодильника. Платформа выполнена из нержавеющей стали.</p>

<p><b>Особенности:</b></p>

<ul>
<li>Работают без батареек, за счет кинетической энергии (движение поворотного рычага - 3 мин. работы)</li>
<li>Функция взвешивания тары</li>
<li>Автоматическое отключение</li>
<li>Единицы измерения:
<ul>
<li>Граммы</li>
<li>Унции</li>
<li>Вода в мл</li>
<li>Молоко в мл</li>
</ul>
</li>
</ul>

<p><b>Дополнительные характеристики:</b></p>

<ul>
<li>Максимальный вес: 5 кг</li>
<li>Диаметр платформы: 115 мм</li>
</ul>",191402,175 мм,115 мм,35 мм,,,,0,https://entero.ru/manuals/222777/%D0%98%D0%BD%D1%81%D1%82%D1%80%D1%83%D0%BA%D1%86%D0%B8%D1%8F%20%D0%BD%D0%B0%20CASO%20Kitchen%20EcoMate.pdf,,0.2 кг,,Китай,1 г
https://cdn.entero.ru/mp@2x/81/99/8199fde12412773a29f1deda7690bfc9.jpg;https://cdn.entero.ru/mp@2x/f1/f7/f1f7aef59f21ad8557de19692fe08bfc.jpg;https://cdn.entero.ru/mp@2x/0e/64/0e6418c96e55266ab03d9c372a90cc1b.jpg;https://cdn.entero.ru/mp@2x/9f/4a/9f4a92f39b3afe5304fc90b2b657473c.jpg;https://cdn.entero.ru/mp@2x/21/12/211278389e5e30f83265eb5af299cf4a.jpg;https://cdn.entero.ru/mp@2x/d1/29/d129b7711dd2f04f9d43bf159567fe42.jpg,Весы кухонные CASO LХ 20,Весы кухонные CASO LХ 20,4245,RUB,Да,CASO,Бытовая техника,Техника для кухни,Весы,https://entero.ru/item/232494,"<p>Кухонные весы <b class=""b""><a style=""text-decoration:none;cursor:text;"" href=""http://entero.ru/item/232494"">CASO LХ 20</a></b> предназначены для взвешивания ингредиентов для блюд и различных предметов в частных домах и квартирах. Модель оснащена сенсорной панелью управления с большим цифровым дисплеем. Платформа выполнена из стекла.</p>

<p><b>Особенности:</b></p>

<ul>
<li>Функция тарокомпенсации</li>
<li>Автоматическое отключение</li>
<li>Тонкий корпус</li>
</ul>

<p><b>Дополнительные характеристики:</b></p>

<ul>
<li>Максимальный вес: 20 кг</li>
<li>Питание: 2х 1,5 В ( батарейки типа ААА)</li>
</ul>",232494,300 мм,220 мм,20 мм,,,,0,,5177,0.96 кг,,Китай,5 г
https://cdn.entero.ru/mp@2x/41/dc/41dcaac5867223b778356e8bf1991d9e.jpg;https://cdn.entero.ru/mp@2x/b1/02/b1028b9d433e9b3e6ac8fd641e1a18d7.jpg;https://cdn.entero.ru/mp@2x/0e/a5/0ea56a085a71cd2657c2a21b2f612c66.jpg;https://cdn.entero.ru/mp@2x/55/e4/55e4adfb96581a75e09d279ea1c4abfc.jpg;https://cdn.entero.ru/mp@2x/0c/c8/0cc814efa80630ad4c50310c464e5b28.jpg;https://cdn.entero.ru/mp@2x/85/19/85195c2f890972ae44696af85a2d0ffc.jpg;https://cdn.entero.ru/mp@2x/c0/ca/c0cac427533f619f0f0e1323691b2ef5.jpg;https://cdn.entero.ru/mp@2x/66/15/6615694df8a66243d749cffe869b4d95.jpg;https://cdn.entero.ru/mp@2x/b5/1c/b51c071a575cc63a0c86040d84a84010.jpg,Весы кухонные CASO Kitchen Energy,Весы кухонные CASO Kitchen Energy,4454,RUB,Да,CASO,Бытовая техника,Техника для кухни,Весы,https://entero.ru/item/170580,"<p>Кухонные весы <b class=""b""><a style=""text-decoration:none;cursor:text;"" href=""http://entero.ru/item/170580"">CASO Kitchen Energy</a></b> предназначены для взвешивания ингредиентов для блюд и различных предметов в частных домах и квартирах. Модель оснащена цифровым дисплеем и нескользящими ножками. Платформа выполнена из матовой нержавеющей стали.</p>

<p><b>Особенности:</b></p>

<ul>
<li>Работают без батареек, за счет кинетической энергии (вращение ручки на 1 оборот - 1 мин. работы)</li>
<li>Функция взвешивания тары</li>
<li>Индикатор заряда</li>
<li>Единицы измерения:
<ul>
<li>Граммы</li>
<li>Унции</li>
<li>Функты</li>
<li>Вода в мл</li>
<li>Молоко в мл</li>
</ul>
</li>
</ul>

<p><b>Дополнительные характеристики:</b></p>

<ul>
<li>Максимальный вес: 5 кг</li>
</ul>",170580,190 мм,245 мм,35 мм,,,,0,https://entero.ru/manuals/196251/%D0%98%D0%BD%D1%81%D1%82%D1%80%D1%83%D0%BA%D1%86%D0%B8%D1%8F%20%D0%BD%D0%B0%20CASO%20Kitchen%20Energy%20%28%D0%B0%D0%BD%D0%B3%D0%BB.%29.pdf,,0.4 кг,,Китай,1 г
https://cdn.entero.ru/mp@2x/d0/15/d015621628aa6274787166b56da4f814.jpg;https://cdn.entero.ru/mp@2x/91/0f/910f6afc5faa08f95f32cb7786ae0d24.jpg;https://cdn.entero.ru/mp@2x/85/47/85476da52b91654ca0b7b95640588b0a.jpg;https://cdn.entero.ru/mp@2x/d8/2a/d82a6faf7f249d77d4a5efa7ca821793.jpg,Весы кухонные Profi Cook PC-KW 1263 кинетические,PC-KW 1263 / 501263,5035,RUB,Да,,Бытовая техника,Техника для кухни,Весы,https://entero.ru/item/303291,"<p>Кухонные весы <a style=""text-decoration:none;cursor:text;"" href=""http://entero.ru/item/303291""><b class=""b"">Profi Cook PC-KW 1263</b></a> предназначены для взвешивания ингредиентов для блюд, жидкостей, лекарственных препаратов и мелкогабаритных изделий в домашних условиях. Модель прямоугольной формы оснащена поворотной рукояткой и большим жидкокристаллическим дисплеем. Платформа выполнена из нержавеющей стали с сатинированной поверхностью.</p>

<p><b>Особенности:</b></p>

<ul>
<li>Функции:
<ul>
<li>Измерение объема воды</li>
<li>Измерение объема молока</li>
<li>Тарирование</li>
<li>Выбор единиц измерения: граммы, унции или миллилитры</li>
</ul>
</li>
<li>Цифровая индикация результата измерений </li>
<li>Самодиагностика с символьной индикацией низкого заряда, кодов перегрузки и отсутствия стабильного положения</li>
<li>Питание засчет кинетической энергии от вращения рукоятки без дополнительных источников заряда</li>
<li>Автоматическое отключение для энергосбережения</li>
<li>Нескользящие прорезиненные опоры</li>
<li>Компактные габариты для удобства эксплуатации, хранения и транспортировки </li>
<li>Эргономичный дизайн</li>
</ul>

<p><b>Дополнительные характеристики:</b></p>

<ul>
<li>Диапазон взвешивания: от 10 г до 5 кг</li>
<li>Длительность работы до автоматического отключения: 30 сек.</li>
</ul>",303291,188 мм,233 мм,30 мм,,,,0,https://entero.ru/manuals/363591/%D0%98%D0%BD%D1%81%D1%82%D1%80%D1%83%D0%BA%D1%86%D0%B8%D1%8F%20%D0%BD%D0%B0%20Profi%20Cook%20PC-KW%201263.pdf,7193,0.37 кг,Германия,Китай,1 г
https://cdn.entero.ru/mp@2x/a5/f2/a5f254c71aae0039cd82939ef85d7c1c.jpg;https://cdn.entero.ru/mp@2x/f9/9c/f99c5951ec673202ff3aa879e89b6945.jpg;https://cdn.entero.ru/mp@2x/c3/ee/c3ee03fcb07b027ec8a670fa09a3b2b6.jpg,Весы кухонные Profi Cook PC-KW 1247 механические,PC-KW 1247 / 501247,5547,RUB,Да,,Бытовая техника,Техника для кухни,Весы,https://entero.ru/item/303290,"<p>Кухонные весы <a style=""text-decoration:none;cursor:text;"" href=""http://entero.ru/item/303290""><b class=""b"">Profi Cook PC-KW 1247</b></a> предназначены для взвешивания различных пищевых продуктов, жидкостей, лекарственных препаратов и мелкогабаритных изделий в домашних условиях. Модель оснащена съемной чашей овальной формы и расположенным под наклоном круглым аналоговым циферблатом с легко читаемой шкалой и защитным остеклением. Корпус и чаша выполнены из нержавеющей стали с сатинированной поверхностью.</p>

<p><b>Особенности:</b></p>

<ul>
<li>Функция тарирования</li>
<li>Устойчивая база с нескользящими опорами</li>
<li>Возможность мойки чаши в посудомоечной машине</li>
<li>Компактные габариты для удобства эксплуатации, хранения и транспортировки </li>
<li>Эргономичный дизайн</li>
</ul>

<p><b>Дополнительные характеристики:</b></p>

<ul>
<li>Диапазон взвешивания: от 20 г до 5 кг</li>
<li>Объем чаши: 1 л</li>
</ul>",303290,205 мм,235 мм,253 мм,,,,0,https://entero.ru/manuals/363589/%D0%98%D0%BD%D1%81%D1%82%D1%80%D1%83%D0%BA%D1%86%D0%B8%D1%8F%20%D0%BD%D0%B0%20Profi%20Cook%20PC-KW%201247.pdf,6934,1.3 кг,Германия,Китай,10 г
https://cdn.entero.ru/mp@2x/24/20/2420ca607abe7329622b02455a41feac.jpg;https://cdn.entero.ru/mp@2x/4c/de/4cde5912c637e4b133f48b965ee8bef9.jpg;https://cdn.entero.ru/mp@2x/bb/8b/bb8b4b77f1806ba8ba8c25ea4b61a983.jpg;https://cdn.entero.ru/mp@2x/dc/fe/dcfeb6ad79b43e92e057b9ffa17f4625.jpg;https://cdn.entero.ru/mp@2x/b3/e1/b3e1f0d09e524b94d487d6d10f2c7a4b.jpg;https://cdn.entero.ru/mp@2x/16/b6/16b657aca204cff915dc647e1a46b0ef.jpg;https://cdn.entero.ru/mp@2x/0e/13/0e1363cb471e39f71436e24353bb336b.jpg,Весы кухонные CASO KitchenDuo,3291,6033,RUB,Да,CASO,Бытовая техника,Техника для кухни,Весы,https://entero.ru/item/344119,"<p>Кухонные весы <b class=""b""><a style=""text-decoration:none;cursor:text;"" href=""http://entero.ru/item/344119"">CASO KitchenDuo</a></b> предназначены для взвешивания ингредиентов для выпечки и приготовления пищи, а также подходят при заготовке трав и специй в частных домах и квартирах. Модель оснащена большим светодиодным дисплеем с сенсорным управлением, функцией автоматического отключения и тарокомпенсацией. Функция HOLD показывают последний измеренный вес для удобства взвешивания при скрытом дисплее. Платформа выполнена из высококачественной нержавеющей стали с покрытием, защищающим от отпечатков пальцев.</p>

<p><span style=""color:#FF0000;"">Батарейки в комплект поставки не входят.</span></p>

<p><b>Особенности:</b></p>

<ul>
<li>Единицы измерения: граммы, унции и миллилитры</li>
<li>Питание: 3х1,5 В ААA</li>
</ul>

<p><b>Дополнительные характеристики:</b></p>

<ul>
<li>Весы 2 в 1:
<ul>
<li>Обычные весы: для взвешивания до 15 кг с точностью в 1 г</li>
<li>Прецизионные весы: для взвешивания до 1 кг с точностью в 0,1 г</li>
</ul>
</li>
<li>Максимальный вес: 15 кг</li>
<li>Цвет корпуса: черный</li>
</ul>

<p><em><span style=""color:#FF0000;"">Внимание! Батарейки в комплект поставки не входят и приобретаются отдельно.</span></em></p>",344119,240 мм,200 мм,40 мм,,,,0,https://entero.ru/manuals/418353/%D0%98%D0%BD%D1%81%D1%82%D1%80%D1%83%D0%BA%D1%86%D0%B8%D1%8F%20%D0%BD%D0%B0%20CASO%20KitchenDuo.pdf,7357,0.72 кг,Германия,Китай,0.1 г
https://cdn.entero.ru/mp@2x/48/92/489263df32a00806039c3385a042ffd2.jpg;https://cdn.entero.ru/mp@2x/84/8d/848d0dc01cb1bde9f8df8f82cdbf9756.jpg,Кухонные весы Gemlux GL-KS10,Кухонные весы Gemlux GL-KS10,0,RUB,Нет,Gemlux,Бытовая техника,Техника для кухни,Весы,https://entero.ru/item/111331,"<p>Кухонные весы <b class=""b""><a style=""text-decoration:none;cursor:text;"" href=""http://entero.ru/item/111331"">Gemlux GL-KS10</a></b> серии Platinum предназначены для взвешивания ингредиентов для блюд в частных домах и квартирах. Модель оснащена сенсорным управлением с ЖК-дисплеем с крупными голубыми цифрами на сером фоне и прорезиненными ножками. Корпус выполнен из серебристой пластмассы, платформа - из ультратонкого закаленного стекла.</p>

<p>Батарейки в комплект поставки не входят и приобретаются отдельно.</p>

<p><b>Особенности:</b></p>

<ul>
<li>​Индикация перегрузки и низкого заряда батареи</li>
<li>Функция сброса веса тары</li>
<li>Автовыключение после 1 мин. в режиме ожидания</li>
<li>Единицы измерения: гр, мл, унция, фунт</li>
</ul>

<p><b>Дополнительные характеристики:</b></p>

<ul>
<li>Диапазон взвешивания: от 1 гр до 10 кг</li>
<li>Питание: 4 батарейки AAA</li>
</ul>",111331,269 мм,181 мм,22 мм,,,,0,https://entero.ru/manuals/107671/%D0%9F%D0%B0%D1%81%D0%BF%D0%BE%D1%80%D1%82%20%D0%BD%D0%B0%20Gemlux%20GL-KS10.pdf;https://entero.ru/manuals/107672/%D0%9A%D0%B0%D1%82%D0%B0%D0%BB%D0%BE%D0%B3%20%D0%BE%D0%B1%D0%BE%D1%80%D1%83%D0%B4%D0%BE%D0%B2%D0%B0%D0%BD%D0%B8%D1%8F%20Gemlux%202018.pdf,,0.8 кг,,Китай,1 г
https://cdn.entero.ru/mp@2x/87/18/871886f6098c91332ee631a543c50a1f.jpg,Кухонные весы Gemlux GL-KS1702A,Кухонные весы Gemlux GL-KS1702A,0,RUB,Нет,Gemlux,Бытовая техника,Техника для кухни,Весы,https://entero.ru/item/94194,"<p>Кухонные весы <b class=""b""><a style=""text-decoration:none;cursor:text;"" href=""http://entero.ru/item/94194"">Gemlux GL-KS1702A</a> </b>предназначены для взвешивания ингредиентов для блюд в частных домах и квартирах. Модель оснащена кнопочным управлением с ЖК-дисплеем. Корпус выполнен из черной пластмассы, платформа - из нержавеющей стали.</p>

<p><b>Особенности:</b></p>

<ul>
<li>​Индикация перезагрузки и низкого заряда батареи</li>
<li>Функция сброса веса тары</li>
<li>Автовыключение</li>
</ul>

<p><b>Дополнительные характеристики:</b></p>

<ul>
<li>Максимальный предел взвешивания: 5 кг</li>
</ul>",94194,217 мм,187 мм,16 мм,,,,0,https://entero.ru/manuals/83166/%D0%9A%D0%B0%D1%82%D0%B0%D0%BB%D0%BE%D0%B3%20%D0%BE%D0%B1%D0%BE%D1%80%D1%83%D0%B4%D0%BE%D0%B2%D0%B0%D0%BD%D0%B8%D1%8F%20Gemlux.pdf,,,,Китай,1 г
https://cdn.entero.ru/mp@2x/0e/65/0e65b98e77de43df76547e8e20fd891f.jpg;https://cdn.entero.ru/mp@2x/29/84/2984793891adf1a7546cf9ba1a1d1089.jpg;https://cdn.entero.ru/mp@2x/69/d0/69d023caa4d912f7db7c80b575c826a2.jpg,Кухонные весы HiSTORY IS-821,Кухонные весы HiSTORY IS-821,0,RUB,Нет,,Бытовая техника,Техника для кухни,Весы,https://entero.ru/item/263228,"<p>Кухонные весы <a style=""text-decoration:none;cursor:text;"" href=""http://entero.ru/item/263228""><b class=""b"">HiSTORY IS-821 </b></a>предназначены для взвешивания ингредиентов для блюд в частных домах и квартирах. Модель оснащена инверсным LCD-дисплеем и 4 высокочувствительными датчиками для высокой точности измерений. Корпус выполнен из пластика, платформа - из закаленного стекла.</p>

<p> В комплект поставки входят 2 батарейки CR2032.</p>

<p><b>Особенности:</b></p>

<ul>
<li>Функция вычета тары</li>
<li>Сенсорное управление</li>
<li>Легкая проверка калорий и холестерина 14 видов продуктов на выбор</li>
<li>Функция проверки калорийности и содержания холестерина для 14 основных видов продуктов</li>
<li>Измерение в граммах, унциях, фунтах и миллилитрах</li>
<li>​Индикация перезагрузки и низкого заряда батареи</li>
<li>Автовыключение</li>
</ul>

<p><b>Дополнительные характеристики:</b></p>

<ul>
<li>Напряжение: 2x3 В</li>
<li>Диапазон измерение: от 2 до 5000 г</li>
</ul>
<body id=""cke_pastebin"" style=""position: absolute; top: 2px; width: 1px; height: 319px; overflow: hidden; margin: 0px; padding: 0px; left: -1000px;"">
<table border=""0"" cellpadding=""0"" cellspacing=""0"" style=""border-spacing: 0px; color: rgb(102, 102, 102); font-family: Roboto, Helvetica, Arial, Lucida, sans-serif; font-size: 18px; background-color: rgb(255, 255, 255); user-select: text !important;"" width=""701"">
<tbody style=""box-sizing: border-box; user-select: text !important;"">
<tr style=""box-sizing: border-box; user-select: text !important;"">
<td class=""xl63"" style=""box-sizing: border-box; user-select: text !important;"">6 В (2 х 3 В)</td>
</tr>
</tbody>
</table>
</body>",263228,225 мм,20 мм,185 мм,,,,0,https://entero.ru/manuals/325676/%D0%98%D0%BD%D1%81%D1%82%D1%80%D1%83%D0%BA%D1%86%D0%B8%D1%8F%20%D0%BD%D0%B0%20HiSTORY%20IS-821.pdf,,0.53 кг,,Китай,1 г
https://cdn.entero.ru/mp@2x/4f/5c/4f5cb4dff4367e7f4699940a7ce3d023.jpg,Весы кухонные Clatronic KW 3367 EDS,Весы кухонные Clatronic KW 3367 EDS,1570,RUB,Нет,,Бытовая техника,Техника для кухни,Весы,https://entero.ru/item/226524,"<p>Электронные кухонные весы <a style=""text-decoration:none;cursor:text;"" href=""http://entero.ru/item/226524""><b class=""b"">Clatronic KW 3367 EDS</b></a> предназначены для взвешивания ингредиентов для блюд, лекарств, ювелирных изделий и прочих мелкогабаритных предметов в мастерских, аптеках, на предприятиях общественного питания и торговли, а также в быту. Модель оснащена большим LCD-дисплеем. Платформа выполнена из нержавеющей стали.</p>

<p>Батарейки в комплект поставки не входят.</p>

<p><b>Особенности:</b></p>

<ul>
<li>Настольное размещение</li>
<li>Автоматическое отключение увеличивает срок службы батареи</li>
<li>Возможные единицы измерения: грамм, килограмм, фунт</li>
<li>Простое управление</li>
<li>Тарокомпенсация</li>
<li>Питание от 2 батарей AAA</li>
<li>Легкость очистки</li>
<li>Современный дизайн</li>
</ul>

<p><b>Дополнительные характеристики:</b></p>

<ul>
<li>Диапазон взвешивания: от 0,01 до 5 кг с шагом 0,001 кг</li>
</ul>",226524,150 мм,20 мм,180 мм,,,,0,,,0.45 кг,Германия,Китай,1 г
https://cdn.entero.ru/mp@2x/cf/36/cf36cc6925d61e2629293b21b35524bb.jpg;https://cdn.entero.ru/mp@2x/2d/6c/2d6cd5b9dc2d85907c94200ec5a0725e.jpg;https://cdn.entero.ru/mp@2x/4d/73/4d73b29b96ba1f015948944a5a597120.jpg;https://cdn.entero.ru/mp@2x/69/89/698944182d2ec402134db8f8acc6cde1.jpg;https://cdn.entero.ru/mp@2x/56/29/56291bde5c7a35b07e28e3c1c018c02d.jpg,Весы кухонные SMEG KSC01BLMWW (черные матовые),8017709338220,15990,RUB,Нет,SMEG,Бытовая техника,Техника для кухни,Весы,https://entero.ru/item/340188,"<p>Электронные кухонные весы <a style=""text-decoration:none;cursor:text;"" href=""http://entero.ru/item/340188""><b class=""b"">SMEG KSC01BLMWW</b></a> из серии Collezione предназначены для взвешивания ингредиентов для блюд, лекарств, ювелирных изделий и прочих мелкогабаритных предметов в мастерских, аптеках, на предприятиях общественного питания и торговли, а также в быту. Модель оснащена круглой платформой, чашей и светодиодным дисплеем с белой подсветкой. Корпус выполнен из пластика, верхняя панель и кнопки - из алюминия, чаша - из нержавеющей стали.</p>

<p>Батарейки в комплект поставки входит зарядное устройство USB Type-C.</p>

<p><b>Особенности:</b></p>

<ul>
<li>Литий-ионный аккумулятор</li>
<li>Режим ожидания</li>
<li>Функция тарирования</li>
<li>Функция изменения единиц измерения: гр., мл., унция, жидкая унция</li>
<li>Съемная чаша с возможностью мытья в посудомоечной машине</li>
</ul>

<p><b>Дополнительные характеристики:</b></p>

<ul>
<li>Максимальный предел взвешивания: 5 кг / 5000 мл / 11 фунтов / 175 жидких унций</li>
<li>Вместимость чаши: 1,8 л / 60 унций </li>
<li>Время автономной работы: 36 часов</li>
<li>Емкость аккумуляторной батареи: 1200 мАч</li>
<li>Длина кабеля: 600 мм</li>
<li>Габариты в упаковке: 276х265х226 мм</li>
</ul>",340188,205 мм,205 мм,150 мм,2 кг,1,276x265x226 мм,0,https://entero.ru/manuals/404288/%D0%98%D0%BD%D1%81%D1%82%D1%80%D1%83%D0%BA%D1%86%D0%B8%D1%8F%20%D0%BD%D0%B0%20SMEG%20KSC01BLMWW.pdf,,1.1 кг,,Италия,1 г
https://cdn.entero.ru/mp@2x/2a/f3/2af32aff1cfead8aaa958e909e48f7ca.jpg,Весы кухонные Clatronic KW 3412,Весы кухонные Clatronic KW 3412,1898,RUB,Нет,,Бытовая техника,Техника для кухни,Весы,https://entero.ru/item/226505,"<p>Электронные кухонные весы <a style=""text-decoration:none;cursor:text;"" href=""http://entero.ru/item/226505""><b class=""b"">Clatronic KW 3412</b></a> предназначены для взвешивания ингредиентов для блюд, лекарств, ювелирных изделий и прочих мелкогабаритных предметов в мастерских, аптеках, на предприятиях общественного питания и торговли, а также в быту. Модель оснащена петлей для подвешивания и ЖК-дисплеем с синей подсветкой. Платформа выполнена из нержавеющей стали.</p>

<p>Батарейки в комплект поставки не входят.</p>

<p><b>Особенности:</b></p>

<ul>
<li>Простое управление</li>
<li>Тарокомпенсация</li>
<li>Автоматическое отключение увеличивает срок службы батареи</li>
<li>Возможные единицы измерения: килограмм, фунт, стоун</li>
<li>Питание от 3 батарей типа AAА</li>
<li>Легкость очистки</li>
<li>Современный дизайн</li>
</ul>

<p><b>Дополнительные характеристики:</b></p>

<ul>
<li>Диапазон взвешивания: от 0,01 до 5 кг с шагом 0,001 кг</li>
</ul>",226505,170 мм,15 мм,230 мм,,,,0,https://entero.ru/manuals/272921/%D0%98%D0%BD%D1%81%D1%82%D1%80%D1%83%D0%BA%D1%86%D0%B8%D1%8F%20%D0%BD%D0%B0%20Clatronic%20KW%203412.pdf,,0.47 кг,Германия,Китай,1 г
https://cdn.entero.ru/mp@2x/f2/35/f235cfba219f0f6ec500c3b6a6a7249b.jpg;https://cdn.entero.ru/mp@2x/0e/cf/0ecf0a24870fcd75d604cebdc610e466.jpg,Весы кухонные Taurus Easy Inox,Весы кухонные Taurus Easy Inox,2398,RUB,Нет,Taurus,Бытовая техника,Техника для кухни,Весы,https://entero.ru/item/250557,"<p>Кухонные весы <b class=""b""><a style=""text-decoration:none;cursor:text;"" href=""http://entero.ru/item/250557"">Taurus Easy Inox</a></b> предназначены для взвешивания ингредиентов для блюд и различных предметов в частных домах и квартирах. Модель оснащена дисплеем с подсветкой. Платформа выполнена из нержавеющей стали.</p>

<p><b>Особенности:</b></p>

<ul>
<li>Функция тарокомпенсации</li>
<li>Выбор единиц измерения</li>
<li>Автоотключение</li>
<li>Возможность крепления на стену для хранения</li>
</ul>

<p><b>Дополнительные характеристики:</b></p>

<ul>
<li>Максимальный вес: 5 кг</li>
</ul>",250557,154 мм,215 мм,15 мм,,,,0,https://entero.ru/manuals/307337/%D0%98%D0%BD%D1%81%D1%82%D1%80%D1%83%D0%BA%D1%86%D0%B8%D1%8F%20%D0%BD%D0%B0%20Taurus%20Easy%20Inox.pdf,,0.3 кг,Испания,Китай,1 г
https://cdn.entero.ru/mp@2x/d0/18/d018978a80550a9b902b7eba412b8bc2.jpg;https://cdn.entero.ru/mp@2x/bd/b1/bdb1ee5309cd810ae429c2289652d4f2.jpg;https://cdn.entero.ru/mp@2x/93/35/93357efbf654fadf79eba04a649be6b5.jpg,Весы кухонные Profi Cook PC-KW 1158 BT,Весы кухонные Profi Cook PC-KW 1158 BT,3153,RUB,Нет,,Бытовая техника,Техника для кухни,Весы,https://entero.ru/item/226501,"<p>Электронные кухонные весы <a style=""text-decoration:none;cursor:text;"" href=""http://entero.ru/item/226501""><b class=""b"">Profi Cook PC-KW 1158 BT</b></a> предназначены для взвешивания ингредиентов для блюд, лекарств, ювелирных изделий и прочих мелкогабаритных предметов в мастерских, аптеках, на предприятиях общественного питания и торговли, а также в быту. Модель оснащена большим ЖК-дисплеем. Платформа выполнена из нержавеющей стали.</p>

<p>Батарейки в комплект поставки не входят.</p>

<p><b>Особенности:</b></p>

<ul>
<li>Настольное размещение</li>
<li>Bluetooth</li>
<li>Дополнительные функции через смартфон или планшет</li>
<li>Анализ состава продуктов: калории, жир, белки, углеводы, холестерин</li>
<li>Индикатор низкого заряда батареи</li>
<li>Простое управление</li>
<li>Тарокомпенсация</li>
<li>Автоматическое отключение увеличивает срок службы батареи</li>
<li>Возможные единицы измерения: килограмм, грамм, унция, фунт</li>
<li>Питание от 2 батарей типа AAА</li>
<li>Плоский дизайн</li>
</ul>

<p><b>Дополнительные характеристики:</b></p>

<ul>
<li>Диапазон взвешивания: от 0,01 до 5 кг с шагом 0,001 кг</li>
</ul>",226501,,,,,,,0,,,,Германия,Китай,1 г
https://cdn.entero.ru/mp@2x/61/3f/613f3e35fcd4a56a13243af9ed676365.jpg;https://cdn.entero.ru/mp@2x/c1/ef/c1ef42620f958f7dd31b5848ea6dde1f.jpg;https://cdn.entero.ru/mp@2x/0f/98/0f98142b320c1e3eb4a313893f84af1e.jpg;https://cdn.entero.ru/mp@2x/a4/fe/a4fe0544cce51e25976be4ee8581e780.jpg;https://cdn.entero.ru/mp@2x/ab/7c/ab7c83200fce1a3567c71cb356720d47.jpg;https://cdn.entero.ru/mp@2x/64/ba/64bab44023aad67fee75ce4340f5623b.jpg,Весы кухонные SMEG KSC01EGMWW (изумрудно-зеленые матовые),8017709338206,15990,RUB,Нет,SMEG,Бытовая техника,Техника для кухни,Весы,https://entero.ru/item/340189,"<p>Электронные кухонные весы <a style=""text-decoration:none;cursor:text;"" href=""http://entero.ru/item/340189""><b class=""b"">SMEG KSC01EGMWW</b></a> из серии Collezione предназначены для взвешивания ингредиентов для блюд, лекарств, ювелирных изделий и прочих мелкогабаритных предметов в мастерских, аптеках, на предприятиях общественного питания и торговли, а также в быту. Модель оснащена круглой платформой, чашей и светодиодным дисплеем с белой подсветкой. Корпус выполнен из пластика, верхняя панель и кнопки - из алюминия, чаша - из нержавеющей стали.</p>

<p>Батарейки в комплект поставки входит зарядное устройство USB Type-C.</p>

<p><b>Особенности:</b></p>

<ul>
<li>Литий-ионный аккумулятор</li>
<li>Режим ожидания</li>
<li>Функция тарирования</li>
<li>Функция изменения единиц измерения: гр., мл., унция, жидкая унция</li>
<li>Съемная чаша с возможностью мытья в посудомоечной машине</li>
</ul>

<p><b>Дополнительные характеристики:</b></p>

<ul>
<li>Максимальный предел взвешивания: 5 кг / 5000 мл / 11 фунтов / 175 жидких унций</li>
<li>Вместимость чаши: 1,8 л / 60 унций </li>
<li>Время автономной работы: 36 часов</li>
<li>Емкость аккумуляторной батареи: 1200 мАч</li>
<li>Длина кабеля: 600 мм</li>
<li>Габариты в упаковке: 276х265х226 мм</li>
</ul>",340189,205 мм,205 мм,150 мм,,,,0,https://entero.ru/manuals/404291/%D0%98%D0%BD%D1%81%D1%82%D1%80%D1%83%D0%BA%D1%86%D0%B8%D1%8F%20%D0%BD%D0%B0%20SMEG%20KSC01EGMWW.pdf,16656,1.1 кг,,Италия,1 г
https://cdn.entero.ru/mp@2x/00/ea/00eaf608a40782998c88875968804716.jpg;https://cdn.entero.ru/mp@2x/e9/e6/e9e6efda8609a91217c03aa85393c9be.jpg;https://cdn.entero.ru/mp@2x/6c/2c/6c2cf2e5c5c5b121fd09c65c89cd0a33.jpg;https://cdn.entero.ru/mp@2x/b9/85/b98558a9bc7b63ef1169bbecc12a93ad.jpg;https://cdn.entero.ru/mp@2x/2f/7e/2f7e1ef9c62cf65e2a6df4241595f5a1.jpg;https://cdn.entero.ru/mp@2x/39/cc/39cc1b17bb97dbf5f8a99f6e97538f9d.jpg,Весы кухонные SMEG KSC01WHMWW (белые матовые),8017709338190,15990,RUB,Нет,SMEG,Бытовая техника,Техника для кухни,Весы,https://entero.ru/item/340190,"<p>Электронные кухонные весы <a style=""text-decoration:none;cursor:text;"" href=""http://entero.ru/item/340190""><b class=""b"">SMEG KSC01WHMWW</b></a> из серии Collezione предназначены для взвешивания ингредиентов для блюд, лекарств, ювелирных изделий и прочих мелкогабаритных предметов в мастерских, аптеках, на предприятиях общественного питания и торговли, а также в быту. Модель оснащена круглой платформой, чашей и светодиодным дисплеем с белой подсветкой. Корпус выполнен из пластика, верхняя панель и кнопки - из алюминия, чаша - из нержавеющей стали.</p>

<p>Батарейки в комплект поставки входит зарядное устройство USB Type-C.</p>

<p><b>Особенности:</b></p>

<ul>
<li>Литий-ионный аккумулятор</li>
<li>Режим ожидания</li>
<li>Функция тарирования</li>
<li>Функция изменения единиц измерения: гр., мл., унция, жидкая унция</li>
<li>Съемная чаша с возможностью мытья в посудомоечной машине</li>
</ul>

<p><b>Дополнительные характеристики:</b></p>

<ul>
<li>Максимальный предел взвешивания: 5 кг / 5000 мл / 11 фунтов / 175 жидких унций</li>
<li>Вместимость чаши: 1,8 л / 60 унций </li>
<li>Время автономной работы: 36 часов</li>
<li>Емкость аккумуляторной батареи: 1200 мАч</li>
<li>Длина кабеля: 600 мм</li>
<li>Габариты в упаковке: 276х265х226 мм</li>
</ul>",340190,205 мм,205 мм,150 мм,,,,0,https://entero.ru/manuals/404323/%D0%98%D0%BD%D1%81%D1%82%D1%80%D1%83%D0%BA%D1%86%D0%B8%D1%8F%20%D0%BD%D0%B0%20SMEG%20KSC01WHMWW.pdf,17011,1.1 кг,,Италия,1 г
https://cdn.entero.ru/mp@2x/9a/71/9a71e72004d2b4320b4f92f12ed1144a.jpg;https://cdn.entero.ru/mp@2x/a2/7d/a27d9ab48632b56ecc72efe2b5623df2.jpg;https://cdn.entero.ru/mp@2x/ab/f1/abf1bfefa6fa6b469df71070cda4e793.jpg;https://cdn.entero.ru/mp@2x/1d/39/1d39f5d566eb65a66121966c873916d3.jpg;https://cdn.entero.ru/mp@2x/2c/b0/2cb02809069c220aecf97964e283f087.jpg;https://cdn.entero.ru/mp@2x/f5/af/f5afb049b8a262670ec862858fbae8ab.jpg;https://cdn.entero.ru/mp@2x/1b/5a/1b5af10c8011ea525ece317d94c947eb.jpg;https://cdn.entero.ru/mp@2x/f3/cb/f3cbeaf4e73ce364046c49b0d25b98cc.jpg,Весы кухонные SMEG KSF01WHWW белые,KSF01WHWW,22990,RUB,Нет,SMEG,Бытовая техника,Техника для кухни,Весы,https://entero.ru/item/368792,"<p>Кухонные весы <a style=""text-decoration:none;cursor:text;"" href=""http://entero.ru/item/368792""><b class=""b"">Profi SMEG KSF01WHWW</b></a> предназначены для взвешивания различных пищевых продуктов, жидкостей, лекарственных препаратов и мелкогабаритных изделий в домашних условиях. Модель оснащена встроенной литий-ионной аккумуляторной батареей, платформой со съемной чашей круглого сечения, электромеханическим управлением, круглой панелью индикации с защитным остеклением, аналоговым циферблатом и светодиодным цифровым дисплеем с белой подсветкой. Корпус выполнен из пластика с глянцевой поверхностью белого цвета, основание – из пластика с поверхностью оттенка полированный хром, чаша и рычаг – из нержавеющей стали.</p>

<p>В комплект поставки входят USB-кабель, инструкция по эксплуатации, гарантийный талон и заводская упаковка.</p>

<p><span style=""color:#ff0000;"">Зарядное устройство не входит в комплект поставки и приобретается отдельно.</span></p>

<p><b>Особенности:</b></p>

<ul>
<li>Включение и выключение с помощью нажимной клавиши</li>
<li>Управление с помощью рычага с шарообразной рукояткой:
<ul>
<li>Функция тарирования</li>
<li>Выбор единиц индикации дисплея</li>
</ul>
</li>
<li>Индикация:
<ul>
<li>Вес в граммах / килограммах или унциях / фунтах на аналоговом циферблате</li>
<li>Вес или объем в граммах или миллилитрах, фунтах / унциях или жидких унциях на дисплее</li>
<li>Коды нестабильного веса и перегрузки на дисплее</li>
<li>Символьная низкого заряда аккумулятора на дисплее</li>
</ul>
</li>
<li>Режим ожидания</li>
<li>Энергосберегающее автоматическое отключение при длительном отсутствии действий в режиме ожидания</li>
<li>Самодиагностика с индикацией кодов нестабильного веса, перегрузки и низкого заряда аккумулятора на дисплее</li>
<li>USB-разъем для подключения зарядного устройства</li>
<li>Стабильная работа в процессе зарядки</li>
<li>Нескользящий силиконовый коврик на платформе</li>
<li>Устойчивая база с нескользящими опорами</li>
<li>Возможность мойки чаши в посудомоечной машине</li>
<li>Компактные габариты для удобства эксплуатации, хранения и транспортировки </li>
<li>Эргономичный винтажный дизайн коллекции в стиле 50-х годов</li>
</ul>

<p><b>Дополнительные характеристики:</b></p>

<ul>
<li>Максимальная температура окружающей среды: 60 °С</li>
<li>Параметры аккумуляторной батареи:
<ul>
<li>Емкость: 1200 А⋅ч</li>
<li>Длительность работы при полном заряде: 36 ч</li>
</ul>
</li>
<li>Рекомендуемые параметры зарядного устройства:
<ul>
<li>Выходное напряжение: 5 В</li>
<li>Сила тока: 2 А</li>
</ul>
</li>
<li>Потребляемая мощность в режиме ожидания: 0,0003 кВт</li>
<li>Длительность работы в режиме ожидания до автоматического отключения: 3 мин.</li>
<li>Диапазон / точность взвешивания соответственно единицам измерения:
<ul>
<li>Граммы: от 2 до 5000 / 1 г</li>
<li>Миллилитры: от 2 до 5000 / 1 мл</li>
<li>Фунты / унции: от 0,1 до 11 фунтов / 0,1 унции</li>
<li>Жидкие унции: от 0,1 до 176 / 0,1 жидкой унции</li>
</ul>
</li>
<li>Объем чаши: 1,8 л / 60 унций</li>
<li>Длина USB-кабеля: 600 мм</li>
</ul>",368792,180 мм,250 мм,315 мм,1.59 кг,1,309x276x385 мм,0,https://entero.ru/manuals/487393/%D0%98%D0%BD%D1%81%D1%82%D1%80%D1%83%D0%BA%D1%86%D0%B8%D1%8F%20%D0%BD%D0%B0%20SMEG%20KSF01WHWW.pdf;https://entero.ru/manuals/487404/%D0%A1%D0%BF%D0%B5%D1%86%D0%B8%D1%84%D0%B8%D0%BA%D0%B0%D1%86%D0%B8%D1%8F%20%D0%BD%D0%B0%20SMEG%20KSF01WHWW.pdf,24200,,Италия,Китай,1 г
https://cdn.entero.ru/mp@2x/79/9c/799ccd07530a1ec62c3bdcbfd9141a05.jpg;https://cdn.entero.ru/mp@2x/d7/dd/d7dd718b3d52fae012e862fa8b7e6dfe.jpg;https://cdn.entero.ru/mp@2x/d6/ff/d6ff08d85075db0c4f99a6b271e4dac0.jpg;https://cdn.entero.ru/mp@2x/49/04/4904bec5aa01678bd505f246797fdc92.jpg;https://cdn.entero.ru/mp@2x/cd/a0/cda0817269d1ad2d4c9dc30468fad1ba.jpg;https://cdn.entero.ru/mp@2x/fc/25/fc25f09881f0cbf14b7a76907b9297a3.jpg;https://cdn.entero.ru/mp@2x/d9/45/d945b47b84ba5c709a58021826fdc621.jpg;https://cdn.entero.ru/mp@2x/a3/0a/a30a476b7a0aa0cb0df118b91a749aaa.jpg,Весы кухонные SMEG KSF01RDWW красные,KSF01RDWW,22990,RUB,Нет,SMEG,Бытовая техника,Техника для кухни,Весы,https://entero.ru/item/368793,"<p>Кухонные весы <a style=""text-decoration:none;cursor:text;"" href=""http://entero.ru/item/368793""><b class=""b"">Profi SMEG KSF01RDWW</b></a> предназначены для взвешивания различных пищевых продуктов, жидкостей, лекарственных препаратов и мелкогабаритных изделий в домашних условиях. Модель оснащена встроенной литий-ионной аккумуляторной батареей, платформой со съемной чашей круглого сечения, электромеханическим управлением, круглой панелью индикации с защитным остеклением, аналоговым циферблатом и светодиодным цифровым дисплеем с белой подсветкой. Корпус выполнен из пластика с глянцевой поверхностью красного цвета, основание – из пластика с поверхностью оттенка полированный хром, чаша и рычаг – из нержавеющей стали.</p>

<p>В комплект поставки входят USB-кабель, инструкция по эксплуатации, гарантийный талон и заводская упаковка.</p>

<p><span style=""color:#ff0000;"">Зарядное устройство не входит в комплект поставки и приобретается отдельно.</span></p>

<p><b>Особенности:</b></p>

<ul>
<li>Включение и выключение с помощью нажимной клавиши</li>
<li>Управление с помощью рычага с шарообразной рукояткой:
<ul>
<li>Функция тарирования</li>
<li>Выбор единиц индикации дисплея</li>
</ul>
</li>
<li>Индикация:
<ul>
<li>Вес в граммах / килограммах или унциях / фунтах на аналоговом циферблате</li>
<li>Вес или объем в граммах или миллилитрах, фунтах / унциях или жидких унциях на дисплее</li>
<li>Коды нестабильного веса и перегрузки на дисплее</li>
<li>Символьная низкого заряда аккумулятора на дисплее</li>
</ul>
</li>
<li>Режим ожидания</li>
<li>Энергосберегающее автоматическое отключение при длительном отсутствии действий в режиме ожидания</li>
<li>Самодиагностика с индикацией кодов нестабильного веса, перегрузки и низкого заряда аккумулятора на дисплее</li>
<li>USB-разъем для подключения зарядного устройства</li>
<li>Стабильная работа в процессе зарядки</li>
<li>Нескользящий силиконовый коврик на платформе</li>
<li>Устойчивая база с нескользящими опорами</li>
<li>Возможность мойки чаши в посудомоечной машине</li>
<li>Компактные габариты для удобства эксплуатации, хранения и транспортировки </li>
<li>Эргономичный винтажный дизайн коллекции в стиле 50-х годов</li>
</ul>

<p><b>Дополнительные характеристики:</b></p>

<ul>
<li>Максимальная температура окружающей среды: 60 °С</li>
<li>Параметры аккумуляторной батареи:
<ul>
<li>Емкость: 1200 А⋅ч</li>
<li>Длительность работы при полном заряде: 36 ч</li>
</ul>
</li>
<li>Рекомендуемые параметры зарядного устройства:
<ul>
<li>Выходное напряжение: 5 В</li>
<li>Сила тока: 2 А</li>
</ul>
</li>
<li>Потребляемая мощность в режиме ожидания: 0,0003 кВт</li>
<li>Длительность работы в режиме ожидания до автоматического отключения: 3 мин.</li>
<li>Диапазон / точность взвешивания соответственно единицам измерения:
<ul>
<li>Граммы: от 2 до 5000 / 1 г</li>
<li>Миллилитры: от 2 до 5000 / 1 мл</li>
<li>Фунты / унции: от 0,1 до 11 фунтов / 0,1 унции</li>
<li>Жидкие унции: от 0,1 до 176 / 0,1 жидкой унции</li>
</ul>
</li>
<li>Объем чаши: 1,8 л / 60 унций</li>
<li>Длина USB-кабеля: 600 мм</li>
</ul>",368793,180 мм,250 мм,315 мм,1.59 кг,1,309x276x385 мм,0,https://entero.ru/manuals/487394/%D0%98%D0%BD%D1%81%D1%82%D1%80%D1%83%D0%BA%D1%86%D0%B8%D1%8F%20%D0%BD%D0%B0%20SMEG%20KSF01RDWW.pdf;https://entero.ru/manuals/487405/%D0%A1%D0%BF%D0%B5%D1%86%D0%B8%D1%84%D0%B8%D0%BA%D0%B0%D1%86%D0%B8%D1%8F%20%D0%BD%D0%B0%20SMEG%20KSF01RDWW.pdf,24989,,Италия,Китай,1 г
https://cdn.entero.ru/mp@2x/fb/8e/fb8e08e8c3606f74870f8a265b990bf0.jpg;https://cdn.entero.ru/mp@2x/b5/e2/b5e23a832d6c21ff23bb5c98f4b7eccd.jpg;https://cdn.entero.ru/mp@2x/27/8c/278cb129953521115ff53964109731fd.jpg;https://cdn.entero.ru/mp@2x/48/32/483204f65c4843bdf4dd0c7bcc9b92ba.jpg;https://cdn.entero.ru/mp@2x/2e/90/2e9075032603418192df985a5c91a5b4.jpg;https://cdn.entero.ru/mp@2x/b8/a6/b8a68d6f6d7750c230e4ae0440f57b4c.jpg;https://cdn.entero.ru/mp@2x/38/cf/38cf7620adca74b3a023c76c727eca58.jpg;https://cdn.entero.ru/mp@2x/1a/6b/1a6b752d8aa61525da56bc3b7a5be516.jpg,Весы кухонные SMEG KSF01PBWW пастельные голубые,KSF01PBWW,22990,RUB,Нет,SMEG,Бытовая техника,Техника для кухни,Весы,https://entero.ru/item/368794,"<p>Кухонные весы <a style=""text-decoration:none;cursor:text;"" href=""http://entero.ru/item/368794""><b class=""b"">Profi SMEG KSF01PBWW</b></a> предназначены для взвешивания различных пищевых продуктов, жидкостей, лекарственных препаратов и мелкогабаритных изделий в домашних условиях. Модель оснащена встроенной литий-ионной аккумуляторной батареей, платформой со съемной чашей круглого сечения, электромеханическим управлением, круглой панелью индикации с защитным остеклением, аналоговым циферблатом и светодиодным цифровым дисплеем с белой подсветкой. Корпус выполнен из пластика с глянцевой поверхностью пастельного голубого оттенка, основание – из пластика с поверхностью оттенка полированный хром, чаша и рычаг – из нержавеющей стали.</p>

<p>В комплект поставки входят USB-кабель, инструкция по эксплуатации, гарантийный талон и заводская упаковка.</p>

<p><span style=""color:#ff0000;"">Зарядное устройство не входит в комплект поставки и приобретается отдельно.</span></p>

<p><b>Особенности:</b></p>

<ul>
<li>Включение и выключение с помощью нажимной клавиши</li>
<li>Управление с помощью рычага с шарообразной рукояткой:
<ul>
<li>Функция тарирования</li>
<li>Выбор единиц индикации дисплея</li>
</ul>
</li>
<li>Индикация:
<ul>
<li>Вес в граммах / килограммах или унциях / фунтах на аналоговом циферблате</li>
<li>Вес или объем в граммах или миллилитрах, фунтах / унциях или жидких унциях на дисплее</li>
<li>Коды нестабильного веса и перегрузки на дисплее</li>
<li>Символьная низкого заряда аккумулятора на дисплее</li>
</ul>
</li>
<li>Режим ожидания</li>
<li>Энергосберегающее автоматическое отключение при длительном отсутствии действий в режиме ожидания</li>
<li>Самодиагностика с индикацией кодов нестабильного веса, перегрузки и низкого заряда аккумулятора на дисплее</li>
<li>USB-разъем для подключения зарядного устройства</li>
<li>Стабильная работа в процессе зарядки</li>
<li>Нескользящий силиконовый коврик на платформе</li>
<li>Устойчивая база с нескользящими опорами</li>
<li>Возможность мойки чаши в посудомоечной машине</li>
<li>Компактные габариты для удобства эксплуатации, хранения и транспортировки </li>
<li>Эргономичный винтажный дизайн коллекции в стиле 50-х годов</li>
</ul>

<p><b>Дополнительные характеристики:</b></p>

<ul>
<li>Максимальная температура окружающей среды: 60 °С</li>
<li>Параметры аккумуляторной батареи:
<ul>
<li>Емкость: 1200 А⋅ч</li>
<li>Длительность работы при полном заряде: 36 ч</li>
</ul>
</li>
<li>Рекомендуемые параметры зарядного устройства:
<ul>
<li>Выходное напряжение: 5 В</li>
<li>Сила тока: 2 А</li>
</ul>
</li>
<li>Потребляемая мощность в режиме ожидания: 0,0003 кВт</li>
<li>Длительность работы в режиме ожидания до автоматического отключения: 3 мин.</li>
<li>Диапазон / точность взвешивания соответственно единицам измерения:
<ul>
<li>Граммы: от 2 до 5000 / 1 г</li>
<li>Миллилитры: от 2 до 5000 / 1 мл</li>
<li>Фунты / унции: от 0,1 до 11 фунтов / 0,1 унции</li>
<li>Жидкие унции: от 0,1 до 176 / 0,1 жидкой унции</li>
</ul>
</li>
<li>Объем чаши: 1,8 л / 60 унций</li>
<li>Длина USB-кабеля: 600 мм</li>
</ul>",368794,180 мм,250 мм,315 мм,1.59 кг,1,309x276x385 мм,0,https://entero.ru/manuals/487395/%D0%98%D0%BD%D1%81%D1%82%D1%80%D1%83%D0%BA%D1%86%D0%B8%D1%8F%20%D0%BD%D0%B0%20SMEG%20KSF01PBWW.pdf;https://entero.ru/manuals/487406/%D0%A1%D0%BF%D0%B5%D1%86%D0%B8%D1%84%D0%B8%D0%BA%D0%B0%D1%86%D0%B8%D1%8F%20%D0%BD%D0%B0%20SMEG%20KSF01PBWW.pdf,,,Италия,Китай,1 г
https://cdn.entero.ru/mp@2x/f6/50/f650e51348468f1ca0e2e389fbc7688c.jpg;https://cdn.entero.ru/mp@2x/0f/30/0f30dba7c4fe9fa3a78ba63d7d07d6df.jpg;https://cdn.entero.ru/mp@2x/75/49/75499edc3c5b24aaf48dd64989ba78c7.jpg;https://cdn.entero.ru/mp@2x/20/df/20dfb6e4d72f43a79dcd5109ee892349.jpg;https://cdn.entero.ru/mp@2x/46/d1/46d1010a505395c60d9fb3bd79ad9d95.jpg;https://cdn.entero.ru/mp@2x/19/fd/19fd5430b2310dc5fecee47d82647bc6.jpg;https://cdn.entero.ru/mp@2x/e4/58/e458dc0d7d93fc40a9961cb78dedf009.jpg;https://cdn.entero.ru/mp@2x/54/08/54080a08f6f3e21dc157fcb0d1c4453e.jpg,Весы кухонные SMEG KSF01CRWW кремовые,KSF01CRWW,22990,RUB,Нет,SMEG,Бытовая техника,Техника для кухни,Весы,https://entero.ru/item/368826,"<p>Кухонные весы <a style=""text-decoration:none;cursor:text;"" href=""http://entero.ru/item/368826""><b class=""b"">Profi SMEG KSF01CRWW</b></a> предназначены для взвешивания различных пищевых продуктов, жидкостей, лекарственных препаратов и мелкогабаритных изделий в домашних условиях. Модель оснащена встроенной литий-ионной аккумуляторной батареей, платформой со съемной чашей круглого сечения, электромеханическим управлением, круглой панелью индикации с защитным остеклением, аналоговым циферблатом и светодиодным цифровым дисплеем с белой подсветкой. Корпус выполнен из пластика с глянцевой поверхностью кремового оттенка, основание – из пластика с поверхностью оттенка полированный хром, чаша и рычаг – из нержавеющей стали.</p>

<p>В комплект поставки входят USB-кабель, инструкция по эксплуатации, гарантийный талон и заводская упаковка.</p>

<p><span style=""color:#ff0000;"">Зарядное устройство не входит в комплект поставки и приобретается отдельно.</span></p>

<p><b>Особенности:</b></p>

<ul>
<li>Включение и выключение с помощью нажимной клавиши</li>
<li>Управление с помощью рычага с шарообразной рукояткой:
<ul>
<li>Функция тарирования</li>
<li>Выбор единиц индикации дисплея</li>
</ul>
</li>
<li>Индикация:
<ul>
<li>Вес в граммах / килограммах или унциях / фунтах на аналоговом циферблате</li>
<li>Вес или объем в граммах или миллилитрах, фунтах / унциях или жидких унциях на дисплее</li>
<li>Коды нестабильного веса и перегрузки на дисплее</li>
<li>Символьная низкого заряда аккумулятора на дисплее</li>
</ul>
</li>
<li>Режим ожидания</li>
<li>Энергосберегающее автоматическое отключение при длительном отсутствии действий в режиме ожидания</li>
<li>Самодиагностика с индикацией кодов нестабильного веса, перегрузки и низкого заряда аккумулятора на дисплее</li>
<li>USB-разъем для подключения зарядного устройства</li>
<li>Стабильная работа в процессе зарядки</li>
<li>Нескользящий силиконовый коврик на платформе</li>
<li>Устойчивая база с нескользящими опорами</li>
<li>Возможность мойки чаши в посудомоечной машине</li>
<li>Компактные габариты для удобства эксплуатации, хранения и транспортировки </li>
<li>Эргономичный винтажный дизайн коллекции в стиле 50-х годов</li>
</ul>

<p><b>Дополнительные характеристики:</b></p>

<ul>
<li>Максимальная температура окружающей среды: 60 °С</li>
<li>Параметры аккумуляторной батареи:
<ul>
<li>Емкость: 1200 А⋅ч</li>
<li>Длительность работы при полном заряде: 36 ч</li>
</ul>
</li>
<li>Рекомендуемые параметры зарядного устройства:
<ul>
<li>Выходное напряжение: 5 В</li>
<li>Сила тока: 2 А</li>
</ul>
</li>
<li>Потребляемая мощность в режиме ожидания: 0,0003 кВт</li>
<li>Длительность работы в режиме ожидания до автоматического отключения: 3 мин.</li>
<li>Диапазон / точность взвешивания соответственно единицам измерения:
<ul>
<li>Граммы: от 2 до 5000 / 1 г</li>
<li>Миллилитры: от 2 до 5000 / 1 мл</li>
<li>Фунты / унции: от 0,1 до 11 фунтов / 0,1 унции</li>
<li>Жидкие унции: от 0,1 до 176 / 0,1 жидкой унции</li>
</ul>
</li>
<li>Объем чаши: 1,8 л / 60 унций</li>
<li>Длина USB-кабеля: 600 мм</li>
</ul>",368826,180 мм,250 мм,315 мм,1.59 кг,1,309x376x385 мм,0,https://entero.ru/manuals/487396/%D0%98%D0%BD%D1%81%D1%82%D1%80%D1%83%D0%BA%D1%86%D0%B8%D1%8F%20%D0%BD%D0%B0%20SMEG%20KSF01CRWW.pdf;https://entero.ru/manuals/487407/%D0%A1%D0%BF%D0%B5%D1%86%D0%B8%D1%84%D0%B8%D0%BA%D0%B0%D1%86%D0%B8%D1%8F%20%D0%BD%D0%B0%20SMEG%20KSF01CRWW.pdf,24720,,Италия,Китай,1 г
https://cdn.entero.ru/mp@2x/cc/77/cc77e0eb04de76d053eeae5ab82c5912.jpg;https://cdn.entero.ru/mp@2x/53/d8/53d8546b6515e4c13d0b862898e0a83d.jpg;https://cdn.entero.ru/mp@2x/f6/5c/f65c317873e63a5d629fdd4ed3417a71.jpg;https://cdn.entero.ru/mp@2x/33/af/33afc9fd10b4b70586991ad889c935c9.jpg;https://cdn.entero.ru/mp@2x/5a/4a/5a4ab3a54f7b712b475b95ba25ce06b2.jpg;https://cdn.entero.ru/mp@2x/7a/9a/7a9a169b9893d67010d61cd1b38be4ef.jpg;https://cdn.entero.ru/mp@2x/6b/db/6bdb015d63a11b0a35e4b19a08188b15.jpg;https://cdn.entero.ru/mp@2x/b9/ef/b9efc4446a335cc1d762a122bdedad44.jpg,Весы кухонные SMEG KSF01BLWW черные,KSF01BLWW,22990,RUB,Нет,SMEG,Бытовая техника,Техника для кухни,Весы,https://entero.ru/item/368827,"<p>Кухонные весы <a style=""text-decoration:none;cursor:text;"" href=""http://entero.ru/item/368827""><b class=""b"">Profi SMEG KSF01BLWW</b></a> предназначены для взвешивания различных пищевых продуктов, жидкостей, лекарственных препаратов и мелкогабаритных изделий в домашних условиях. Модель оснащена встроенной литий-ионной аккумуляторной батареей, платформой со съемной чашей круглого сечения, электромеханическим управлением, круглой панелью индикации с защитным остеклением, аналоговым циферблатом и светодиодным цифровым дисплеем с белой подсветкой. Корпус выполнен из пластика с глянцевой поверхностью черного цвета, основание – из пластика с поверхностью оттенка полированный хром, чаша и рычаг – из нержавеющей стали.</p>

<p>В комплект поставки входят USB-кабель, инструкция по эксплуатации, гарантийный талон и заводская упаковка.</p>

<p><span style=""color:#ff0000;"">Зарядное устройство не входит в комплект поставки и приобретается отдельно.</span></p>

<p><b>Особенности:</b></p>

<ul>
<li>Включение и выключение с помощью нажимной клавиши</li>
<li>Управление с помощью рычага с шарообразной рукояткой:
<ul>
<li>Функция тарирования</li>
<li>Выбор единиц индикации дисплея</li>
</ul>
</li>
<li>Индикация:
<ul>
<li>Вес в граммах / килограммах или унциях / фунтах на аналоговом циферблате</li>
<li>Вес или объем в граммах или миллилитрах, фунтах / унциях или жидких унциях на дисплее</li>
<li>Коды нестабильного веса и перегрузки на дисплее</li>
<li>Символьная низкого заряда аккумулятора на дисплее</li>
</ul>
</li>
<li>Режим ожидания</li>
<li>Энергосберегающее автоматическое отключение при длительном отсутствии действий в режиме ожидания</li>
<li>Самодиагностика с индикацией кодов нестабильного веса, перегрузки и низкого заряда аккумулятора на дисплее</li>
<li>USB-разъем для подключения зарядного устройства</li>
<li>Стабильная работа в процессе зарядки</li>
<li>Нескользящий силиконовый коврик на платформе</li>
<li>Устойчивая база с нескользящими опорами</li>
<li>Возможность мойки чаши в посудомоечной машине</li>
<li>Компактные габариты для удобства эксплуатации, хранения и транспортировки </li>
<li>Эргономичный винтажный дизайн коллекции в стиле 50-х годов</li>
</ul>

<p><b>Дополнительные характеристики:</b></p>

<ul>
<li>Максимальная температура окружающей среды: 60 °С</li>
<li>Параметры аккумуляторной батареи:
<ul>
<li>Емкость: 1200 А⋅ч</li>
<li>Длительность работы при полном заряде: 36 ч</li>
</ul>
</li>
<li>Рекомендуемые параметры зарядного устройства:
<ul>
<li>Выходное напряжение: 5 В</li>
<li>Сила тока: 2 А</li>
</ul>
</li>
<li>Потребляемая мощность в режиме ожидания: 0,0003 кВт</li>
<li>Длительность работы в режиме ожидания до автоматического отключения: 3 мин.</li>
<li>Диапазон / точность взвешивания соответственно единицам измерения:
<ul>
<li>Граммы: от 2 до 5000 / 1 г</li>
<li>Миллилитры: от 2 до 5000 / 1 мл</li>
<li>Фунты / унции: от 0,1 до 11 фунтов / 0,1 унции</li>
<li>Жидкие унции: от 0,1 до 176 / 0,1 жидкой унции</li>
</ul>
</li>
<li>Объем чаши: 1,8 л / 60 унций</li>
<li>Длина USB-кабеля: 600 мм</li>
</ul>",368827,180 мм,250 мм,315 мм,1.59 кг,1,309x276x385 мм,0,https://entero.ru/manuals/487397/%D0%98%D0%BD%D1%81%D1%82%D1%80%D1%83%D0%BA%D1%86%D0%B8%D1%8F%20%D0%BD%D0%B0%20SMEG%20KSF01BLWW.pdf;https://entero.ru/manuals/487408/%D0%A1%D0%BF%D0%B5%D1%86%D0%B8%D1%84%D0%B8%D0%BA%D0%B0%D1%86%D0%B8%D1%8F%20%D0%BD%D0%B0%20SMEG%20KSF01BLWW.pdf,,,Италия,Китай,1 г
https://cdn.entero.ru/mp@2x/15/1e/151e1a0634d9627e83adc4bd8e13ff3f.jpg;https://cdn.entero.ru/mp@2x/ce/62/ce629ef0a7f264311938dd0ddfa5e1f0.jpg;https://cdn.entero.ru/mp@2x/66/7d/667d2ccfe8288bd96a8431338fbc0dca.jpg;https://cdn.entero.ru/mp@2x/a2/61/a2615891b999a0241f53ff915c38cede.jpg;https://cdn.entero.ru/mp@2x/97/b1/97b1576db41329fe2b9e6a19bcf81721.jpg;https://cdn.entero.ru/mp@2x/a9/8b/a98becc65c66aef3de49bc8bdfc2e893.jpg;https://cdn.entero.ru/mp@2x/c6/78/c678f5f2443566704a75514181391909.jpg;https://cdn.entero.ru/mp@2x/92/66/9266f2511ef6e049b8e168bde353dc40.jpg,Весы кухонные SMEG KSF01PGWW пастельные зеленые,KSF01PGWW,22990,RUB,Нет,SMEG,Бытовая техника,Техника для кухни,Весы,https://entero.ru/item/368843,"<p>Кухонные весы <a style=""text-decoration:none;cursor:text;"" href=""http://entero.ru/item/368843""><b class=""b"">Profi SMEG KSF01PGWW</b></a> предназначены для взвешивания различных пищевых продуктов, жидкостей, лекарственных препаратов и мелкогабаритных изделий в домашних условиях. Модель оснащена встроенной литий-ионной аккумуляторной батареей, платформой со съемной чашей круглого сечения, электромеханическим управлением, круглой панелью индикации с защитным остеклением, аналоговым циферблатом и светодиодным цифровым дисплеем с белой подсветкой. Корпус выполнен из пластика с глянцевой поверхностью пастельного зеленого оттенка, основание – из пластика с поверхностью оттенка полированный хром, чаша и рычаг – из нержавеющей стали.</p>

<p>В комплект поставки входят USB-кабель, инструкция по эксплуатации, гарантийный талон и заводская упаковка.</p>

<p><span style=""color:#ff0000;"">Зарядное устройство не входит в комплект поставки и приобретается отдельно.</span></p>

<p><b>Особенности:</b></p>

<ul>
<li>Включение и выключение с помощью нажимной клавиши</li>
<li>Управление с помощью рычага с шарообразной рукояткой:
<ul>
<li>Функция тарирования</li>
<li>Выбор единиц индикации дисплея</li>
</ul>
</li>
<li>Индикация:
<ul>
<li>Вес в граммах / килограммах или унциях / фунтах на аналоговом циферблате</li>
<li>Вес или объем в граммах или миллилитрах, фунтах / унциях или жидких унциях на дисплее</li>
<li>Коды нестабильного веса и перегрузки на дисплее</li>
<li>Символьная низкого заряда аккумулятора на дисплее</li>
</ul>
</li>
<li>Режим ожидания</li>
<li>Энергосберегающее автоматическое отключение при длительном отсутствии действий в режиме ожидания</li>
<li>Самодиагностика с индикацией кодов нестабильного веса, перегрузки и низкого заряда аккумулятора на дисплее</li>
<li>USB-разъем для подключения зарядного устройства</li>
<li>Стабильная работа в процессе зарядки</li>
<li>Нескользящий силиконовый коврик на платформе</li>
<li>Устойчивая база с нескользящими опорами</li>
<li>Возможность мойки чаши в посудомоечной машине</li>
<li>Компактные габариты для удобства эксплуатации, хранения и транспортировки </li>
<li>Эргономичный винтажный дизайн коллекции в стиле 50-х годов</li>
</ul>

<p><b>Дополнительные характеристики:</b></p>

<ul>
<li>Максимальная температура окружающей среды: 60 °С</li>
<li>Параметры аккумуляторной батареи:
<ul>
<li>Емкость: 1200 А⋅ч</li>
<li>Длительность работы при полном заряде: 36 ч</li>
</ul>
</li>
<li>Рекомендуемые параметры зарядного устройства:
<ul>
<li>Выходное напряжение: 5 В</li>
<li>Сила тока: 2 А</li>
</ul>
</li>
<li>Потребляемая мощность в режиме ожидания: 0,0003 кВт</li>
<li>Длительность работы в режиме ожидания до автоматического отключения: 3 мин.</li>
<li>Диапазон / точность взвешивания соответственно единицам измерения:
<ul>
<li>Граммы: от 2 до 5000 / 1 г</li>
<li>Миллилитры: от 2 до 5000 / 1 мл</li>
<li>Фунты / унции: от 0,1 до 11 фунтов / 0,1 унции</li>
<li>Жидкие унции: от 0,1 до 176 / 0,1 жидкой унции</li>
</ul>
</li>
<li>Объем чаши: 1,8 л / 60 унций</li>
<li>Длина USB-кабеля: 600 мм</li>
</ul>",368843,180 мм,250 мм,315 мм,1.59 кг,1,309x276x385 мм,0,https://entero.ru/manuals/487564/%D0%98%D0%BD%D1%81%D1%82%D1%80%D1%83%D0%BA%D1%86%D0%B8%D1%8F%20%D0%BD%D0%B0%20SMEG%20KSF01PGWW.pdf;https://entero.ru/manuals/487565/%D0%A1%D0%BF%D0%B5%D1%86%D0%B8%D1%84%D0%B8%D0%BA%D0%B0%D1%86%D0%B8%D1%8F%20%D0%BD%D0%B0%20SMEG%20KSF01PGWW.pdf,,,Италия,Китай,1 г
https://cdn.entero.ru/mp@2x/95/97/95979e48e433006ad65b232f9e492790.jpg,Подвесные весы VIATTO VA‑BS‑50,Подвесные весы VIATTO VA‑BS‑50,0,RUB,Нет,VIATTO,Бытовая техника,Техника для кухни,Весы,https://entero.ru/item/217304,"<p>Подвесные электронные весы <b class=""b""><a style=""text-decoration:none;cursor:text;"" href=""http://entero.ru/item/217304"">VIATTO VA‑BS‑50</a></b> предназначены для взвешивания багажа на предприятиях торговли, а также в домашних условиях. Модель оснащена жидкокристаллическим дисплеем и удобным ремешком для компактного хранения. </p>

<p>Батарейки в комплект поставки не входят.</p>

<p><b>Особенности:</b></p>

<ul>
<li>Простое управление</li>
<li>Питание от батареи типа CR2032</li>
<li>Эргономичный дизайн</li>
</ul>

<p><b>Дополнительные характеристики:</b></p>

<ul>
<li>Минимальная нагрузка: 0.5 кг</li>
<li>Максимальная нагрузка: 50 кг</li>
<li>Шаг измерения: 50 г</li>
<li>Класс точности: средний (III)</li>
<li>Максимальная погрешность: 1г</li>
<li>Элемент питания: CR2032</li>
<li>Габариты с упаковкой: 155х107х41 мм</li>
</ul>",217304,130 мм,30 мм,60 мм,,,,0,https://entero.ru/manuals/408253/%D0%98%D0%BD%D1%81%D1%82%D1%80%D1%83%D0%BA%D1%86%D0%B8%D1%8F%20%D0%BD%D0%B0%20VIATTO%20VA%E2%80%91BS%E2%80%9150.pdf;https://entero.ru/manuals/408254/%D0%94%D0%B5%D0%BA%D0%BB%D0%B0%D1%80%D0%B0%D1%86%D0%B8%D1%8F%20%D0%BE%20%D1%81%D0%BE%D0%BE%D1%82%D0%B2%D0%B5%D1%82%D1%81%D1%82%D0%B2%D0%B8%D0%B8.pdf,,0.09 кг,,Китай,1 г
https://cdn.entero.ru/mp@2x/74/3b/743b5b9baa14982d2d04194b603b0538.jpg,Кухонные весы VIATTO VA-KS-55S электронные,Кухонные весы VIATTO VA-KS-55S электронные,0,RUB,Нет,VIATTO,Бытовая техника,Техника для кухни,Весы,https://entero.ru/item/193187,"<p>Электронные кухонные весы <a style=""text-decoration:none;cursor:text;"" href=""http://entero.ru/item/193187""><b class=""b"">VIATTO VA-KS-55S</b></a> предназначены для взвешивания ингредиентов для блюд, лекарств, ювелирных изделий и прочих мелкогабаритных предметов в мастерских, аптеках, на предприятиях общественного питания и торговли, а также в быту. Модель оснащена круглой платформой с бортиком и кнопочной панелью управления с жидкокристаллическим дисплеем. Корпус выполнен из нержавеющей стали.</p>

<p>Батарейки в комплект поставки не входят.</p>

<p><b>Особенности:</b></p>

<ul>
<li>Настольное размещение</li>
<li>​Тысокоточные датчики для быстрого взвешивания</li>
<li>Возможность измерения объема воды и молока</li>
<li>Простое управление</li>
<li>Компактный прочный корпус для удобства хранения и эксплуатации</li>
<li>Легкость очистки </li>
<li>Питание от 2 батарей типа AAA</li>
<li>Страна производства: Китай</li>
<li>Эргономичный дизайн</li>
</ul>

<p><b>Дополнительные характеристики:</b></p>

<ul>
<li>Напряжение батареи: 1,5 В</li>
<li>Диапазон взвешивания: от 0,01 до 5 кг с шагом 0,001 кг</li>
<li>Габариты дисплея: 58х27 мм</li>
<li>Диаметр платформы: 140 мм</li>
</ul>",193187,195 мм,178 мм,38 мм,,,,0,https://entero.ru/manuals/408870/%D0%98%D0%BD%D1%81%D1%82%D1%80%D1%83%D0%BA%D1%86%D0%B8%D1%8F%20%D0%BD%D0%B0%20VIATTO%20VA-KS-55S.pdf;https://entero.ru/manuals/408871/%D0%94%D0%B5%D0%BA%D0%BB%D0%B0%D1%80%D0%B0%D1%86%D0%B8%D1%8F%20%D0%BE%20%D1%81%D0%BE%D0%BE%D1%82%D0%B2%D0%B5%D1%82%D1%81%D1%82%D0%B2%D0%B8%D0%B8.pdf,,0.36 кг,,Китай,1 г
https://cdn.entero.ru/mp@2x/93/e9/93e9474de6c91c128ff73fc6cd8e48a9.jpg,Кухонные весы VIATTO VA-KS-57BS электронные,Кухонные весы VIATTO VA-KS-57BS электронные,0,RUB,Нет,VIATTO,Бытовая техника,Техника для кухни,Весы,https://entero.ru/item/193188,"<p>Электронные кухонные весы <a style=""text-decoration:none;cursor:text;"" href=""http://entero.ru/item/193188""><b class=""b"">VIATTO VA-KS-57BS</b></a> предназначены для взвешивания ингредиентов для блюд, лекарств, ювелирных изделий и прочих мелкогабаритных предметов в мастерских, аптеках, на предприятиях общественного питания и торговли, а также в быту.. Модель оснащена круглой платформой, съемной чашей и кнопочной панелью управления с жидкокристаллическим дисплеем. Корпус и чаша выполнены из нержавеющей стали.</p>

<p>Батарейки в комплект поставки не входят.</p>

<p><b>Особенности:</b></p>

<ul>
<li>Настольное размещение</li>
<li>​Тысокоточные датчики для быстрого взвешивания</li>
<li>Возможность взвешивания жидких и сыпучих ингридиентов</li>
<li>Возможность измерения объема воды и молока</li>
<li>Простое управление</li>
<li>Компактный прочный корпус для удобства хранения и эксплуатации</li>
<li>Легкость очистки чаши</li>
<li>Питание от 2 батарей типа AAA</li>
<li>Страна производства: Китай</li>
<li>Эргономичный дизайн</li>
</ul>

<p><b>Дополнительные характеристики:</b></p>

<ul>
<li>Напряжение батареи: 1,5 В</li>
<li>Объем чаши: 1,5 л</li>
<li>Диапазон взвешивания: от 0,01 до 5 кг с шагом 0,001 кг</li>
<li>Габариты дисплея: 58х27 мм</li>
<li>Габариты чаши: 
<ul>
<li>Диаметр: 215 мм</li>
<li>Высота: 95 мм</li>
</ul>
</li>
</ul>",193188,215 мм,225 мм,129 мм,,,,0,https://entero.ru/manuals/408868/%D0%98%D0%BD%D1%81%D1%82%D1%80%D1%83%D0%BA%D1%86%D0%B8%D1%8F%20%D0%BD%D0%B0%20VIATTO%20VA-KS-57BS.pdf;https://entero.ru/manuals/408869/%D0%94%D0%B5%D0%BA%D0%BB%D0%B0%D1%80%D0%B0%D1%86%D0%B8%D1%8F%20%D0%BE%20%D1%81%D0%BE%D0%BE%D1%82%D0%B2%D0%B5%D1%82%D1%81%D1%82%D0%B2%D0%B8%D0%B8.pdf,,0.53 кг,,Китай,1 г
https://cdn.entero.ru/mp@2x/c2/38/c238e95b5c06607af026afbdaddeb918.jpg,Кухонные весы VIATTO VA-KS-59BS электронные,Кухонные весы VIATTO VA-KS-59BS электронные,0,RUB,Нет,VIATTO,Бытовая техника,Техника для кухни,Весы,https://entero.ru/item/193174,"<p>Электронные кухонные весы <a style=""text-decoration:none;cursor:text;"" href=""http://entero.ru/item/193174""><b class=""b"">VIATTO VA-KS-59BS</b></a> предназначены для взвешивания ингредиентов для блюд, лекарств, ювелирных изделий и прочих мелкогабаритных предметов в мастерских, аптеках, на предприятиях общественного питания и торговли, а также в быту.. Модель оснащена круглой платформой с бортиком, съемной чашей и кнопочной панелью управления с жидкокристаллическим дисплеем. Корпус и чаша выполнены из нержавеющей стали.</p>

<p>Батарейки в комплект поставки не входят.</p>

<p><b>Особенности:</b></p>

<ul>
<li>Настольное размещение</li>
<li>​Тысокоточные датчики для быстрого взвешивания</li>
<li>Возможность взвешивания жидких и сыпучих ингридиентов с измерением температуры</li>
<li>Простое управление</li>
<li>Компактный прочный корпус для удобства хранения и эксплуатации</li>
<li>Легкость очистки чаши</li>
<li>Питание от 2 батарей типа AAA</li>
<li>Эргономичный дизайн</li>
</ul>

<p><b>Дополнительные характеристики:</b></p>

<ul>
<li>Напряжение батареи: 1,5 В</li>
<li>Объем чаши: 1,5 л</li>
<li>Диапазон взвешивания: от 0,01 до 5 кг с шагом 0,001 кг</li>
<li>Габариты дисплея: 46x21,5 мм</li>
<li>Габариты чаши: 
<ul>
<li>Диаметр: 215 мм</li>
<li>Высота: 95 мм</li>
</ul>
</li>
<li>Габариты:
<ul>
<li>Диаметр: 215 мм</li>
<li>Высота: 145 мм</li>
</ul>
</li>
</ul>",193174,215 мм,215 мм,145 мм,1 кг,1,218x217x108 мм,0,https://entero.ru/manuals/408872/%D0%98%D0%BD%D1%81%D1%82%D1%80%D1%83%D0%BA%D1%86%D0%B8%D1%8F%20%D0%BD%D0%B0%20VIATTO%20VA-KS-59BS.pdf;https://entero.ru/manuals/408873/%D0%94%D0%B5%D0%BA%D0%BB%D0%B0%D1%80%D0%B0%D1%86%D0%B8%D1%8F%20%D0%BE%20%D1%81%D0%BE%D0%BE%D1%82%D0%B2%D0%B5%D1%82%D1%81%D1%82%D0%B2%D0%B8%D0%B8.pdf,,0.54 кг,,Китай,1 г
