Изображения,Название,Артикул,Цена,Валюта,Наличие,Бренд,Категория,Подкатегория,Раздел,URL,Описание,Код товара,Напряжение,Мощность,Ширина,Глубина,Высота,Вес,Количество мест,Размеры,Остаток,Файлы,Старая цена,Видео,Вес (без упаковки),Родина бренда,Страна-производитель,Загрузка,Вакуумирование,Объем бункера,Скорость вращения барабана
https://cdn.entero.ru/mp@2x/3b/00/3b009eae63903b0501ec982aca59cdb1.jpg,Маринатор-мясомассажер вакуумный Airhot MS-50VAC,Маринатор-мясомассажер вакуумный Airhot MS-50VAC,76606,RUB,Да,Airhot,Профоборудование,Мясоперерабатывающее,Массажеры и маринаторы,https://entero.ru/item/117782,"<p>Вакуумный маринатор-мясомассажер​ <b class=""b""><a style=""text-decoration:none;cursor:text;"" href=""http://entero.ru/item/117782"">Airhot MS-50VAC</a></b> используется на предприятиях общественного питания и торговли для маринования различных видов мяса и птицы, кроме того мясомассажер значительно ускоряет операцию посола, улучшает вкусовые и физические показатели сырья. Модель оснащена автоматическим режимом работы. Бункер выполнен из нержавеющей стали.</p>

<p>В комплект поставки входит корзина из пластика.</p>

<p><b>Дополнительные характеристики:</b></p>

<ul>
<li>Цикл работы: 12 мин.</li>
</ul>",117782,220 В,0.4 кВт,905 мм,405 мм,945 мм,,,,0,https://entero.ru/manuals/119530/%D0%98%D0%BD%D1%81%D1%82%D1%80%D1%83%D0%BA%D1%86%D0%B8%D1%8F%20%D0%BD%D0%B0%20Airhot%20MS-50VAC.pdf;https://entero.ru/manuals/481754/%D0%94%D0%B5%D0%BA%D0%BB%D0%B0%D1%80%D0%B0%D1%86%D0%B8%D1%8F%20%D0%BE%20%D1%81%D0%BE%D0%BE%D1%82%D0%B2%D0%B5%D1%82%D1%81%D1%82%D0%B2%D0%B8%D0%B8.pdf,,,,,Китай,30 кг,Да,40,от 30 до 40 об/мин.
https://cdn.entero.ru/mp@2x/27/74/2774c971e974886d0007d88f3284f596.jpg,Инъектор для посола Мит-Маркет ФИП-5,Инъектор для посола Мит-Маркет ФИП-5,106774,RUB,Да,,Профоборудование,Мясоперерабатывающее,Массажеры и маринаторы,https://entero.ru/item/274797,"<p>Ручной инъектор <b class=""b""><a style=""text-decoration:none;cursor:text;"" href=""http://entero.ru/item/274797"">Мит-Маркет ФИП-5</a> </b>используется на предприятиях общественного питания для посола костного и бескостного мяса: говядины, свинины, баранины, конины, оленины, а также мяса птицы и рыбы. Модель оснащена регулятором давления и манометром, что позволяет контролировать подачу рассола в сырье под давлением.</p>

<p>В комплект поставки входит итальянский электронасос, заборник рассола с фильтром и два пистолета с 1-й и 3-мя иглами.</p>

<p><b>Особенности:</b></p>

<ul>
<li>Работа насоса контролируется защитным автоматом, что делает инъектор безопасным в работе</li>
<li>​Иглы взаимозаменяемые, что делает инъектор универсальным</li>
</ul>

<p><b>Дополнительные характеристики:</b></p>

<ul>
<li>Рабочее давление инъектирования: от 0,5 до 3 бар</li>
<li>Размеры иглы: 4х4х180 мм</li>
</ul>

<p><b>Опции (заказываются отдельно):</b></p>

<ul>
<li>Двойные иглы </li>
<li>Иглы другого диаметра</li>
</ul>",274797,220 В,0.4 кВт,460 мм,350 мм,340 мм,,,,0,,116059,,30 кг,,Россия,,,,
https://cdn.entero.ru/mp@2x/d7/30/d730136eb8733a1532d3ea89a54f2208.jpg;https://cdn.entero.ru/mp@2x/55/2e/552e6b13e8bf810f49784f96c24dd083.jpg;https://cdn.entero.ru/mp@2x/fd/c5/fdc5ce92eadfa246df96437be9cd30f6.jpg;https://cdn.entero.ru/mp@2x/56/1f/561f3af7750293c0ac75d70f4284008c.jpg,Маринатор Kocateq M 38 E (нерж.сталь AISI304),M38E,36470,RUB,Да,Kocateq,Профоборудование,Мясоперерабатывающее,Массажеры и маринаторы,https://entero.ru/item/233567,"<p>Маринатор <a style=""text-decoration:none;cursor:text;"" href=""http://entero.ru/item/233567""><b class=""b"">Kocateq M 38 E</b></a> используется на предприятиях общественного питания и торговли для быстрого маринования различных видов мяса, птицы и рыбы в автоматическом режиме. Модель оснащена электронной панелью управления, кнопкой включения, электронным дисплеем для отображения времени работы, кнопкой старт/стоп и кнопками для переключения скоростей. Корпус выполнен из нержавеющей стали AISI304 толщиной 1,2 мм.</p>

<p>В комплект поставки входят пластиковое сито 470х370х140 мм и пластиковый лоток 525х380х150 мм для выгрузки мяса.</p>

<p><span style=""color:#ff0000;"">Колеса не входят в комплект поставки и приобретаются отдельно.</span></p>

<p><b>Особенности:</b></p>

<ul>
<li>3 скорости маринования:
<ul>
<li>Быстрая (8 секунд вращение / 5 секунд пауза)</li>
<li>Средняя (5 секунд вращение / 5 секунд пауза)</li>
<li>Медленная</li>
</ul>
</li>
<li>Таймер</li>
<li>Напольная установка</li>
<li>Вращение барабана осуществляется в 2 стороны</li>
<li>Без лопастей для перемешивания</li>
</ul>

<p><b>Дополнительные характеристики:</b></p>

<ul>
<li>Среднее время маринования: 5 мин. 30 сек.</li>
<li>Размеры барабана:
<ul>
<li>Диаметр: 380 мм</li>
<li>Длина: 328 мм</li>
<li>Высота: 340 мм</li>
</ul>
</li>
</ul>",233567,220 В,0.09 кВт,750 мм,410 мм,830 мм,31 кг,1,490x760x800 мм,0,https://entero.ru/manuals/458327/%D0%98%D0%BD%D1%81%D1%82%D1%80%D1%83%D0%BA%D1%86%D0%B8%D1%8F%20%D0%BD%D0%B0%20Kocateq%20M%2038%20E.pdf;https://entero.ru/manuals/458538/%D0%A1%D0%B5%D1%80%D1%82%D0%B8%D1%84%D0%B8%D0%BA%D0%B0%D1%82%20%D1%81%D0%BE%D0%BE%D1%82%D0%B2%D0%B5%D1%82%D1%81%D1%82%D0%B2%D0%B8%D1%8F.pdf,38798,,,,Ю. Корея,30 кг,,38,
https://cdn.entero.ru/mp@2x/d3/da/d3daf658b54fb06be85c8743a8bb8b32.jpg,Маринатор Hurakan HKN-SP50VAC,165199,78243,RUB,Да,Hurakan,Профоборудование,Мясоперерабатывающее,Массажеры и маринаторы,https://entero.ru/item/93193,"<p>Вакуумный маринатор <b class=""b""><a style=""text-decoration:none;cursor:text;"" href=""http://entero.ru/item/93193"">Hurakan HKN-SP50VAC</a> </b>используется на предприятиях общественного питания и торговли для маринования различных видов мяса и других продуктов. Модель оснащена автоматическим режимом работы. Бункер выполнен из нержавеющей стали.</p>

<p>В комплект поставки входят корзина из пластика и дополнительные уплотнительные кольца.</p>

<p><b>Дополнительные характеристики:</b></p>

<ul>
<li>Цикл работы: 12 мин.</li>
</ul>",93193,220 В,0.36 кВт,905 мм,410 мм,940 мм,,,,15,https://entero.ru/manuals/417059/%D0%9F%D0%B0%D1%81%D0%BF%D0%BE%D1%80%D1%82%20%D0%BD%D0%B0%20Hurakan%20HKN-SP50VAC.pdf;https://entero.ru/manuals/417061/%D0%A1%D1%85%D0%B5%D0%BC%D0%B0%20Hurakan%20HKN-SP50VAC.pdf;https://entero.ru/manuals/417062/%D0%9A%D0%B0%D1%82%D0%B0%D0%BB%D0%BE%D0%B3%20%D0%BE%D0%B1%D0%BE%D1%80%D1%83%D0%B4%D0%BE%D0%B2%D0%B0%D0%BD%D0%B8%D1%8F%20Hurakan.pdf;https://entero.ru/manuals/454210/%D0%98%D0%BD%D1%81%D1%82%D1%80%D1%83%D0%BA%D1%86%D0%B8%D1%8F%20%D0%BD%D0%B0%20Hurakan%20HKN-SP50VAC.pdf;https://entero.ru/manuals/518070/%D0%94%D0%B5%D0%BA%D0%BB%D0%B0%D1%80%D0%B0%D1%86%D0%B8%D1%8F%20%D0%BE%20%D1%81%D0%BE%D0%BE%D1%82%D0%B2%D0%B5%D1%82%D1%81%D1%82%D0%B2%D0%B8%D0%B8.pdf,82361,,75 кг,,Россия,30 кг,Да,40,
https://cdn.entero.ru/mp@2x/ed/55/ed550c7f456b7b2500c0520f1beac6e1.jpg,Маринатор-мясомассажер Airhot MS-50,Маринатор-мясомассажер Airhot MS-50,47033,RUB,Да,Airhot,Профоборудование,Мясоперерабатывающее,Массажеры и маринаторы,https://entero.ru/item/117781,"<p>Маринатор-мясомассажер​ <b class=""b""><a style=""text-decoration:none;cursor:text;"" href=""http://entero.ru/item/117781"">Airhot MS-50</a></b> используется на предприятиях общественного питания и торговли для маринования различных видов мяса и птицы, кроме того мясомассажер значительно ускоряет операцию посола, улучшает вкусовые и физические показатели сырья. Модель оснащена автоматическим режимом работы. Бункер выполнен из нержавеющей стали.</p>

<p>В комплект поставки входит корзина из пластика.</p>

<p><b>Дополнительные характеристики:</b></p>

<ul>
<li>Цикл работы: 12 мин.</li>
</ul>",117781,220 В,0.12 кВт,875 мм,430 мм,945 мм,38 кг,1,890x440x975 мм,0,https://entero.ru/manuals/119528/%D0%98%D0%BD%D1%81%D1%82%D1%80%D1%83%D0%BA%D1%86%D0%B8%D1%8F%20%D0%BD%D0%B0%20Airhot%20MS-50.pdf;https://entero.ru/manuals/481755/%D0%94%D0%B5%D0%BA%D0%BB%D0%B0%D1%80%D0%B0%D1%86%D0%B8%D1%8F%20%D0%BE%20%D1%81%D0%BE%D0%BE%D1%82%D0%B2%D0%B5%D1%82%D1%81%D1%82%D0%B2%D0%B8%D0%B8.pdf,51123,,,,Китай,30 кг,,40,от 30 до 40 об/мин.
https://cdn.entero.ru/mp@2x/15/87/15872ab031ce912a9df2773776765501.jpg,Массажер вакуумный Hualian GRZK500 (тач скрин),Массажер вакуумный Hualian GRZK500 (тач скрин),1316417,RUB,Да,Hualian,Профоборудование,Мясоперерабатывающее,Массажеры и маринаторы,https://entero.ru/item/295474,"<p>Вакуумный массажер <a style=""text-decoration:none;cursor:text;"" href=""http://entero.ru/item/295474""><b class=""b"">Hualian GRZK500 </b></a>используется на предприятиях общественного питания и торговли для маринования различных видов мяса и птицы, кроме того массажер значительно ускоряет операцию посола, улучшает вкусовые и физические показатели сырья. Модель оснащена современным PLC-контроллером, регулируемой скоростью вращения барабана и сенсорной панелью управления. Массажер выполнен из высококачественной пищевой нержавеющей стали.</p>

<p><b>Особенности:</b></p>

<ul>
<li>Плавная регулировка скорости</li>
<li>Может использоваться для сухого и влажного посола, маринования, выдержки и подвяливания</li>
<li>Бережное массирование сырья за счет особой формы ребер, расположенных внутри барабана </li>
<li>Широкие возможности для настроек режимов массирования (время, скорость и направление вращения барабана, интервалы остановки, последовательность чередования вакуумной и атмосферной сред, степень вакуумизации)</li>
<li>В памяти контроллера можно сохранить до 100 программ</li>
<li>Быстрая и тщательная (без остатков) выгрузка сырья за счет реверсивного вращения барабана </li>
<li>Увеличенный загрузочный люк для упрощения загрузки</li>
<li>Простота санитарно-гигиенического обслуживания</li>
<li>Надежность и долговечность</li>
</ul>

<p><b>Дополнительные характеристики:</b></p>

<ul>
<li>Производительность вакуумного насоса: 20 м<sup>3</sup>/ч</li>
<li>Степень вакуума: 0,09 мПа </li>
<li>Мощность насоса: 0,75 кВт</li>
</ul>",295474,380 В,1.1 кВт,1580 мм,1115 мм,1530 мм,612 кг,1,1780x1300x1850 мм,0,,1415502,,520 кг,,Китай,300 кг,Да,500,от 3 до 12 об/мин.
https://cdn.entero.ru/mp@2x/a4/a3/a4a39ec9c1808b4d96c7a1319680806d.jpg;https://cdn.entero.ru/mp@2x/fa/1d/fa1d4e5fbc86e4cc695c873e75ffc323.jpg,Мясомассажер вакуумный Abat ММ-50,11000018394,260480,RUB,Да,Abat,Профоборудование,Мясоперерабатывающее,Массажеры и маринаторы,https://entero.ru/item/154007,"<p>Вакуумный мясомассажер <a style=""text-decoration:none;cursor:text;"" href=""http://entero.ru/item/154007""><b class=""b"">Abat ММ-50</b></a> используется используется на предприятиях общественного питания и торговли для маринования различных видов мяса и птицы, кроме того мясомассажер значительно ускоряет операцию посола, улучшает вкусовые и физические показатели сырья. Модель оснащена электронной панелью, кнопкой аварийной остановки, съемным барабаном и колесными опорами. Каркас, обшивка корпуса и детали выполнены из нержавеющей стали</p>

<p><b>Дополнительные характеристики:</b></p>

<ul>
<li>Рабочая температура: от 10 до 45 °C</li>
</ul>

<p> </p>",154007,380 В,0.12 кВт,917 мм,788 мм,1131 мм,,,,0,https://entero.ru/manuals/182508/%D0%98%D0%BD%D1%81%D1%82%D1%80%D1%83%D0%BA%D1%86%D0%B8%D1%8F%20%D0%BD%D0%B0%20Abat%20%D0%9C%D0%9C-50.pdf,277106,,116 кг,,Россия,40 кг,Да,50,12.5 об/мин.
https://cdn.entero.ru/mp@2x/16/8b/168b96a3f0bb3080f9ead1d1e8b963f9.jpg,Массажер вакуумный Hualian GRZK500,Массажер вакуумный Hualian GRZK500,924904,RUB,Да,Hualian,Профоборудование,Мясоперерабатывающее,Массажеры и маринаторы,https://entero.ru/item/295464,"<p>Вакуумный массажер <a style=""text-decoration:none;cursor:text;"" href=""http://entero.ru/item/295464""><b class=""b"">Hualian GRZK500 </b></a>используется на предприятиях общественного питания и торговли для маринования различных видов мяса и птицы, кроме того массажер значительно ускоряет операцию посола, улучшает вкусовые и физические показатели сырья. Модель оснащена встроенным PLC контроллером и механической панелью управления. Массажер выполнен из высококачественной пищевой нержавеющей стали.</p>

<p><b>Особенности:</b></p>

<ul>
<li>Массирование свежего мяса для его размягчения и улучшения вкусовых свойств</li>
<li>Маринование и посол (сухой и в рассоле) мясных полуфабрикатов и деликатесов перед копчением и вялением​</li>
<li>Бережное массирование сырья за счет особой формы ребер, расположенных внутри барабана </li>
<li>Индивидуальный режим перемешивания для конкретного продукта</li>
<li>В памяти контроллера можно сохранить до 100 программ</li>
<li>Быстрая и тщательная (без остатков) выгрузка сырья за счет реверсивного вращения барабана </li>
<li>Увеличенный загрузочный люк для упрощения загрузки</li>
<li>Простота санитарно-гигиенического обслуживания</li>
<li>Надежность и долговечность</li>
</ul>

<p><b>Дополнительные характеристики:</b></p>

<ul>
<li>Производительность вакуумного насоса: 20 м<sup>3</sup>/ч</li>
<li>Степень вакуума: 0,09 мПа </li>
<li>Мощность насоса: 0,75 кВт</li>
</ul>

<p><b>Опции (заказываются отдельно):</b></p>

<ul>
<li>Частотный преобразователь для плавной регулировки оборотов вращения бункера </li>
</ul>",295464,380 В,1.85 кВт,1580 мм,1115 мм,1530 мм,612 кг,1,1780x1300x1850 мм,0,,,,520 кг,,Китай,300 кг,,500,7 об/мин.
https://cdn.entero.ru/mp@2x/c4/37/c4370a7cd58645e12b726f098cfc827a.jpg,Маринатор Hurakan HKN-SP50E,159486,48144,RUB,Да,Hurakan,Профоборудование,Мясоперерабатывающее,Массажеры и маринаторы,https://entero.ru/item/93192,"<p>Маринатор <b class=""b""><a style=""text-decoration:none;cursor:text;"" href=""http://entero.ru/item/93192"">Hurakan HKN-SP50E</a></b> используется на предприятиях общественного питания и торговли для маринования различных видов мяса и других продуктов. Модель оснащена автоматическим режимом работы. Бункер выполнен из нержавеющей стали.</p>

<p>В комплект поставки входят корзина из пластика и дополнительные уплотнительные кольца.</p>

<p><b>Дополнительные характеристики:</b></p>

<ul>
<li>Цикл работы: 12 мин.</li>
</ul>",93192,220 В,0.18 кВт,880 мм,410 мм,940 мм,,,,7,https://entero.ru/manuals/417063/%D0%9F%D0%B0%D1%81%D0%BF%D0%BE%D1%80%D1%82%20%D0%BD%D0%B0%20Hurakan%20HKN-SP50E.pdf;https://entero.ru/manuals/417065/%D0%A1%D1%85%D0%B5%D0%BC%D0%B0%20Hurakan%20HKN-SP50E.pdf;https://entero.ru/manuals/417066/%D0%9A%D0%B0%D1%82%D0%B0%D0%BB%D0%BE%D0%B3%20%D0%BE%D0%B1%D0%BE%D1%80%D1%83%D0%B4%D0%BE%D0%B2%D0%B0%D0%BD%D0%B8%D1%8F%20Hurakan.pdf;https://entero.ru/manuals/454211/%D0%98%D0%BD%D1%81%D1%82%D1%80%D1%83%D0%BA%D1%86%D0%B8%D1%8F%20%D0%BD%D0%B0%20Hurakan%20HKN-SP50E.pdf,50678,,59 кг,,Россия,30 кг,,40,
https://cdn.entero.ru/mp@2x/85/10/8510c8315322c2c6a75b4c4bad4a4437.jpg;https://cdn.entero.ru/mp@2x/dc/08/dc0853cb1faa62758c6aab8dd0321255.jpg;https://cdn.entero.ru/mp@2x/b5/61/b561a1d9cfc30e5fc15d5246dec6b956.jpg,Маринатор Kocateq M 18 Eco (нерж.сталь AISI201),Маринатор Kocateq M 18 Eco (нерж.сталь AISI201),27419,RUB,Да,Kocateq,Профоборудование,Мясоперерабатывающее,Массажеры и маринаторы,https://entero.ru/item/367153,"<p>Маринатор <a style=""text-decoration:none;cursor:text;"" href=""http://entero.ru/item/367153""><b class=""b"">Kocateq M 18 Eco</b></a> используется на предприятиях общественного питания и торговли для быстрого маринования различных видов мяса, птицы и рыбы в автоматическом режиме. Модель оснащена электронной панелью управления, кнопкой включения, электронным дисплеем для отображения времени работы, кнопкой старт/стоп и кнопками для переключения скоростей. Корпус выполнен из нержавеющей стали AISI 201, бункер - из нержавеющей стали AISI304.</p>

<p>В комплект поставки входит пластиковый лоток размером 340х237х125 мм для выгрузки мяса.</p>

<p><b>Особенности:</b></p>

<ul>
<li>3 скорости маринования:
<ul>
<li>Быстрая (8 секунд вращение / 5 секунд пауза)</li>
<li>Средняя (5 секунд вращение / 5 секунд пауза)</li>
<li>Медленная</li>
</ul>
</li>
<li>Таймер от 1 сек до 99мин 59 сек</li>
<li>Настольная установка</li>
<li>Вращение барабана осуществляется в 2 стороны</li>
<li>Без лопастей для перемешивания</li>
</ul>

<p><b>Дополнительные характеристики:</b></p>

<ul>
<li>Среднее время маринования: 5 мин. 30 сек.</li>
<li>Размеры барабана:
<ul>
<li>Диаметр: 300 мм</li>
<li>Длина: 325 мм</li>
<li>Высота: 250 мм</li>
</ul>
</li>
</ul>",367153,220 В,0.025 кВт,610 мм,315 мм,370 мм,14.15 кг,1,330x640x490 мм,0,https://entero.ru/manuals/480916/%D0%98%D0%BD%D1%81%D1%82%D1%80%D1%83%D0%BA%D1%86%D0%B8%D1%8F%20%D0%BD%D0%B0%20Kocateq%20M%2018%20Eco.pdf;https://entero.ru/manuals/480917/%D0%A1%D0%B5%D1%80%D1%82%D0%B8%D1%84%D0%B8%D0%BA%D0%B0%D1%82%20%D1%81%D0%BE%D0%BE%D1%82%D0%B2%D0%B5%D1%82%D1%81%D1%82%D0%B2%D0%B8%D1%8F.pdf,29803,,,,Ю. Корея,12.5 кг,,18,
https://cdn.entero.ru/mp@2x/bc/a6/bca63643bc90c13922029bf824ae1fae.jpg,Маринатор невакуумный Hualian MR-40,Маринатор невакуумный Hualian MR-40,60536,RUB,Да,Hualian,Профоборудование,Мясоперерабатывающее,Массажеры и маринаторы,https://entero.ru/item/357775,"<p>Невакуумный маринатор <b class=""b""><a style=""text-decoration:none;cursor:text;"" href=""http://entero.ru/item/357775"">Hualian MR-40</a></b> используется на предприятиях пищевой промышленности, общественного питания и торговли для быстрого маринования мяса, птицы, рыбы и овощей в автоматическом режиме. Модель оснащена барабаном с герметично запираемой крышкой и электромеханической панелью управления. Корпус выполнен из нержавеющей стали.</p>

<p><b>Особенности:</b></p>

<ul>
<li>Регулировка длительности цикла</li>
<li>Равномерное распределение маринада по всей поверхности продукта благодаря мощному двигателю и оптимизированной конструкции</li>
<li>Простое управление благодаря интуитивно понятному интерфейсу</li>
<li>Легкий доступ ко всем компонентам для удобства очистки</li>
<li>Эргономичный дизайн</li>
</ul>

<p><b>Дополнительные характеристики:</b></p>

<ul>
<li>Габариты барабана: 380х380х340 мм</li>
</ul>",357775,220 В,0.12 кВт,870 мм,450 мм,840 мм,60 кг,1,870x445x845 мм,0,,63722,,25.5 кг,Китай,Китай,,,40,
https://cdn.entero.ru/mp@2x/78/c4/78c46bab9aa2da0613225ff4d5701688.jpg,Маринатор вакуумный Hualian MR-100,Маринатор вакуумный Hualian MR-100,212060,RUB,Да,Hualian,Профоборудование,Мясоперерабатывающее,Массажеры и маринаторы,https://entero.ru/item/357776,"<p>Вакуумный маринатор <b class=""b""><a style=""text-decoration:none;cursor:text;"" href=""http://entero.ru/item/357776"">Hualian MR-100</a></b> используется на предприятиях пищевой промышленности, общественного питания и торговли для быстрого маринования мяса, птицы, рыбы и овощей в автоматическом режиме. Модель оснащена барабаном с герметично запираемой крышкой и электромеханической панелью управления.</p>

<p><b>Особенности:</b></p>

<ul>
<li>Вакуумирование</li>
<li>Регулировка длительности цикла</li>
<li>Равномерное распределение маринада по всей поверхности продукта благодаря мощному двигателю и оптимизированной конструкции</li>
<li>Утолщенный ролик</li>
<li>Простое управление благодаря интуитивно понятному интерфейсу</li>
<li>Легкий доступ ко всем компонентам для удобства очистки</li>
<li>Эргономичный дизайн</li>
</ul>

<p><b>Дополнительные характеристики:</b></p>

<ul>
<li>Габариты барабана: 500х530х475 мм</li>
</ul>",357776,220 В,0.12 кВт,1065 мм,545 мм,885 мм,80 кг,1,1065x545x885 мм,0,,220896,,61.5 кг,Китай,Китай,,Да,100,
https://cdn.entero.ru/mp@2x/0d/a8/0da877a7321005b45416bbe323be12cd.jpg;https://cdn.entero.ru/mp@2x/ca/d4/cad486f538a4bc9f512fef852f2ef7a5.jpg;https://cdn.entero.ru/mp@2x/95/d2/95d261ebedc6e89adc9fae7c368f2495.jpg;https://cdn.entero.ru/mp@2x/ff/53/ff53a9ef3bc15dfb56cfa650b34b5e89.jpg;https://cdn.entero.ru/mp@2x/07/47/074761fb161afbf4cb150d573c1e5b99.jpg;https://cdn.entero.ru/mp@2x/64/7b/647be390842a53e832f486dd60b117fc.jpg;https://cdn.entero.ru/mp@2x/09/b4/09b4af167021394f3ea8721c6471b63c.jpg;https://cdn.entero.ru/mp@2x/d9/c1/d9c113bab49a7b8655e8f6566f2c27bf.jpg;https://cdn.entero.ru/mp@2x/ae/7f/ae7fbfa0e5461c4586f8f4b7eca4051f.jpg;https://cdn.entero.ru/mp@2x/2f/85/2f85c656546b295c48b21da21252bce5.jpg;https://cdn.entero.ru/mp@2x/ab/e1/abe1bc729010ee71b353c823e9f8c319.jpg,Массажер-маринатор вакуумный Foodatlas GR-200,Массажер-маринатор вакуумный Foodatlas GR-200,450048,RUB,Да,Foodatlas,Профоборудование,Мясоперерабатывающее,Массажеры и маринаторы,https://entero.ru/item/378531,"<p>Вакуумный массажер-маринатор <b class=""b""><a style=""text-decoration:none;cursor:text;"" href=""http://entero.ru/item/378531"">Foodatlas GR-200</a></b> используется на предприятиях пищевой промышленности, общественного питания и торговли для обработки посольной смесью мяса, птицы, рыбы и овощей в автоматическом режиме. Модель оснащена электродвигателем, вакуумным насосом, барабаном с герметично запираемой крышкой, электронной панелью управления с функциональными клавишами и цифровыми дисплеями. Корпус и барабан выполнены из нержавеющей стали, упаковка – фанерный ящик.</p>

<p><b>Особенности:</b></p>

<ul>
<li>Панель управления:
<ul>
<li>Вакуумирование</li>
<li>Реверсивное вращение барабана</li>
<li>Автоматическая выгрузка продукта</li>
<li>Настройка уровня вакуума</li>
<li>Настройка длительности цикла: общей, интервалов вращения и пауз</li>
<li>Цифровая индикация общей длительности работы</li>
<li>Светодиодные индикаторы питания и функций</li>
<li>Кнопка аварийной остановки</li>
</ul>
</li>
<li>Система защиты персонала</li>
<li>Регулируемые по высоте опоры</li>
<li>Легкий доступ ко всем компонентам для удобства очистки</li>
<li>Тип привода: цепной</li>
<li>Климатическое исполнение по ГОСТ 15150-69: УХЛ 4.2.</li>
<li>Эргономичный дизайн</li>
</ul>

<p><b>Дополнительные характеристики:</b></p>

<ul>
<li>Номинальная мощность вакуумного насоса: 0,75 кВт</li>
<li>Производительность вакуумного насоса: 20 м³/ч</li>
<li>Максимальный уровень вакуума: -0,06 МПа</li>
<li>Расчетная суточная производительность: 400 кг</li>
<li>Толщина стенок барабана: 3 мм</li>
<li>Габариты барабана: 700х700х960 мм</li>
</ul>

<p><b>Опции (заказываются отдельно):</b></p>

<ul>
<li>Частотный преобразователь для плавного регулирования частоты вращения</li>
</ul>",378531,380 В,1.85 кВт,1340 мм,830 мм,1380 мм,270 кг,1,1400x920x1570 мм,0,https://entero.ru/manuals/523460/%D0%98%D0%BD%D1%81%D1%82%D1%80%D1%83%D0%BA%D1%86%D0%B8%D1%8F%20%D0%BD%D0%B0%20Foodatlas%20GR-200.pdf,468800,,,Россия,Китай,100 кг,Да,200,8 об/мин.
https://cdn.entero.ru/mp@2x/24/39/24390c0e09d1af98e1efcca9b6da87ce.jpg,"Массажер вакуумный Hualian GRZK200 (механическая панель, частотный преобразователь)","Массажер вакуумный Hualian GRZK200 (механическая панель, частотный преобразователь)",696072,RUB,Нет,Hualian,Профоборудование,Мясоперерабатывающее,Массажеры и маринаторы,https://entero.ru/item/295718,"<p>Вакуумный массажер <a style=""text-decoration:none;cursor:text;"" href=""http://entero.ru/item/295718""><b class=""b"">Hualian GRZK200 ​</b></a>используется на предприятиях общественного питания и торговли для массирования мяса, птицы, рыбы, просаливания и подвяливания различных мясных деликатесов перед приготовлением, а также сухого и влажного посола, выдержки и маринования, смешивания салатов, смягчения свежего мяса перед термической обработкой. Модель оснащена механической панелью управления, вакуумным насосом и частотным преобразователем. Массажер выполнен из высококачественной пищевой нержавеющей стали SUS304. </p>

<p><b>Особенности:</b></p>

<ul>
<li>Разрыхление морфологической структуры сырья - улучшает структурно-механические свойства мяса, делая его более мягким и нежным</li>
<li>Повышение проницаемости мембран - ускоряет процесс проникновения посолочных веществ в глубокие слои тканей</li>
<li>Активизация тканевых ферментов - ускоряет процессы созревания сырья и сокращает время изготовления сушеных и вяленых мясных деликатесовв</li>
<li>Бережное массирование сырья за счет особой формы ребер, расположенных внутри барабана </li>
<li>Широкие возможности для настроек режимов массирования (время, скорость и направление вращения барабана, интервалы остановки, последовательность чередования вакуумной и атмосферной сред, степень вакуумизации)</li>
<li>Быстрая и тщательная (без остатков) выгрузка сырья за счет реверсивного вращения барабана </li>
<li>Увеличенный загрузочный люк для упрощения загрузки</li>
<li>Простота санитарно-гигиенического обслуживания</li>
<li>Надежность и долговечность</li>
</ul>

<p><b>Дополнительные характеристики:</b></p>

<ul>
<li>Производительность вакуумного насоса: 20 м<sup>3</sup>/ч</li>
<li>Степень вакуума: 0,09 мПа </li>
<li>Мощность насоса: 0,75 кВт</li>
</ul>",295718,380 В,1.5 кВт,1300 мм,915 мм,1265 мм,419 кг,1,1490x1180x1530 мм,0,,740502,,356 кг,,Китай,100 кг,Да,200,7 об/мин.
https://cdn.entero.ru/mp@2x/4d/ab/4daba269f8ebb1fddb8712661a98e5e1.jpg,"Массажер вакуумный Hualian GRZK500 (механическая панель, частотный преобразователь)","Массажер вакуумный Hualian GRZK500 (механическая панель, частотный преобразователь)",1127368,RUB,Нет,Hualian,Профоборудование,Мясоперерабатывающее,Массажеры и маринаторы,https://entero.ru/item/295719,"<p>Вакуумный массажер <a style=""text-decoration:none;cursor:text;"" href=""http://entero.ru/item/295719""><b class=""b"">Hualian GRZK500 ​</b></a>используется на предприятиях общественного питания и торговли для массирования мяса, птицы, рыбы, просаливания и подвяливания различных мясных деликатесов перед приготовлением, а также сухого и влажного посола, выдержки и маринования, смешивания салатов, смягчения свежего мяса перед термической обработкой. Модель оснащена механической панелью управления, вакуумным насосом и частотным преобразователем. Массажер выполнен из высококачественной пищевой нержавеющей стали SUS304. </p>

<p><b>Особенности:</b></p>

<ul>
<li>Разрыхление морфологической структуры сырья - улучшает структурно-механические свойства мяса, делая его более мягким и нежным</li>
<li>Повышение проницаемости мембран - ускоряет процесс проникновения посолочных веществ в глубокие слои тканей</li>
<li>Активизация тканевых ферментов - ускоряет процессы созревания сырья и сокращает время изготовления сушеных и вяленых мясных деликатесовв</li>
<li>Бережное массирование сырья за счет особой формы ребер, расположенных внутри барабана </li>
<li>Широкие возможности для настроек режимов массирования (время, скорость и направление вращения барабана, интервалы остановки, последовательность чередования вакуумной и атмосферной сред, степень вакуумизации)</li>
<li>Быстрая и тщательная (без остатков) выгрузка сырья за счет реверсивного вращения барабана </li>
<li>Увеличенный загрузочный люк для упрощения загрузки</li>
<li>Простота санитарно-гигиенического обслуживания</li>
<li>Надежность и долговечность</li>
</ul>

<p><b>Дополнительные характеристики:</b></p>

<ul>
<li>Производительность вакуумного насоса: 20 м<sup>3</sup>/ч</li>
<li>Степень вакуума: 0,09 мПа </li>
<li>Мощность насоса: 0,75 кВт</li>
</ul>",295719,380 В,1.85 кВт,1580 мм,1115 мм,1530 мм,612 кг,1,1780x1300x1850 мм,0,,,,520 кг,,Китай,300 кг,,500,7 об/мин.
https://cdn.entero.ru/mp@2x/f2/d8/f2d8ef34a3cb52769f73af6fb03a420a.jpg,Массажер вакуумный Hualian GRKL-500 с охлаждением,Массажер вакуумный Hualian GRKL-500 с охлаждением,0,RUB,Нет,Hualian,Профоборудование,Мясоперерабатывающее,Массажеры и маринаторы,https://entero.ru/item/343899,"<p>Вакуумный массажер <a style=""text-decoration:none;cursor:text;"" href=""http://entero.ru/item/343899""><b class=""b"">Hualian GRKL-500 ​</b></a>используется на предприятиях общественного питания и торговли для массирования мяса, птицы, рыбы, просаливания и подвяливания различных мясных деликатесов перед приготовлением, а также сухого и влажного посола, выдержки и маринования, смешивания салатов, смягчения свежего мяса перед термической обработкой. Модель оснащена современной механической панелью управления, вакуумным насосом и частотным преобразователем. Массажер выполнен из высококачественной пищевой нержавеющей стали SUS304. </p>

<p><b>Особенности:</b></p>

<ul>
<li>Разрыхление морфологической структуры сырья - улучшает структурно-механические свойства мяса, делая его более мягким и нежным</li>
<li>Повышение проницаемости мембран - ускоряет процесс проникновения посолочных веществ в глубокие слои тканей</li>
<li>Активизация тканевых ферментов - ускоряет процессы созревания сырья и сокращает время изготовления сушеных и вяленых мясных деликатесовв</li>
<li>Бережное массирование сырья за счет особой формы ребер, расположенных внутри барабана </li>
<li>Панель управления обеспечивает постоянную скорость вращения бункера и регулировку вакуума</li>
<li>Быстрая и тщательная (без остатков) выгрузка сырья за счет реверсивного вращения барабана </li>
<li>Простота санитарно-гигиенического обслуживания</li>
<li>Надежность и долговечность</li>
</ul>

<p><b>Дополнительные характеристики:</b></p>

<ul>
<li>Температура в бункере: от 0 до -10°C</li>
<li>Производительность вакуумного насоса: 20 м<sup>3</sup>/ч</li>
<li>Размер хоодильного агрегата: 970x400x960 мм</li>
</ul>",343899,380 В,2 кВт,1200 мм,1900 мм,1700 мм,,,,0,,,,500 кг,,Китай,300 кг,,500,от 3 до 12 об/мин.
https://cdn.entero.ru/mp@2x/90/d0/90d02586b5295595458f1b293bdeca94.jpg;https://cdn.entero.ru/mp@2x/10/eb/10eb447280e11540a9280f6c21e03285.jpg;https://cdn.entero.ru/mp@2x/9d/4d/9d4d1adcbf56692fda448b2babae8e87.jpg,"Маринатор Kocateq M 18 Eco Vac (с функцией вакуумирования, нерж.сталь AISI201)",M 18 Eco Vac,32520,RUB,Нет,Kocateq,Профоборудование,Мясоперерабатывающее,Массажеры и маринаторы,https://entero.ru/item/367154,"<p>Маринатор <a style=""text-decoration:none;cursor:text;"" href=""http://entero.ru/item/367154""><b class=""b"">Kocateq M 18 Eco Vac</b></a> используется на предприятиях общественного питания и торговли для быстрого маринования различных видов мяса, птицы и рыбы в автоматическом режиме, за счёт вакуума в барабане структура продукта раскрывается, что позволяет маринаду и специям лучше проникать внутрь. Модель оснащена электронной панелью управления, кнопкой включения, электронным дисплеем для отображения времени работы, кнопкой старт/стоп и кнопками для переключения скоростей, кнопкой вакуумирования. Корпус выполнен из нержавеющей стали Aisi 201, бункер - из нержавеющей стали Aisi304.</p>

<p>В комплект поставки входит пластиковый лоток 340х237х125 мм для выгрузки мяса.</p>

<p><b>Особенности:</b></p>

<ul>
<li>3 скорости маринования:
<ul>
<li>Быстрая (8 секунд вращение / 5 секунд пауза)</li>
<li>Средняя (5 секунд вращение / 5 секунд пауза)</li>
<li>Медленная</li>
</ul>
</li>
<li>Таймер от 1 сек до 99мин 59 сек</li>
<li>Настольная установка</li>
<li>Вращение барабана осуществляется в 2 стороны</li>
<li>Функция вакуумирования</li>
<li>Без лопастей для перемешивания</li>
</ul>

<p><b>Дополнительные характеристики:</b></p>

<ul>
<li>Среднее время маринования: 5 мин. 30 сек.</li>
<li>Размеры барабана:
<ul>
<li>Диаметр: 300 мм</li>
<li>Длина: 325 мм</li>
<li>Высота: 250 мм</li>
</ul>
</li>
</ul>",367154,220 В,0.03 кВт,610 мм,315 мм,370 мм,15 кг,1,640x330x490 мм,0,https://entero.ru/manuals/480918/%D0%98%D0%BD%D1%81%D1%82%D1%80%D1%83%D0%BA%D1%86%D0%B8%D1%8F%20%D0%BD%D0%B0%20Kocateq%20M%2018%20Eco%20Vac.pdf;https://entero.ru/manuals/480919/%D0%A1%D0%B5%D1%80%D1%82%D0%B8%D1%84%D0%B8%D0%BA%D0%B0%D1%82%20%D1%81%D0%BE%D0%BE%D1%82%D0%B2%D0%B5%D1%82%D1%81%D1%82%D0%B2%D0%B8%D1%8F.pdf,,,,,Ю. Корея,12.5 кг,Да,18,
https://cdn.entero.ru/mp@2x/db/83/db83d4a9bf852b54cf0ced4ea38b516a.jpg;https://cdn.entero.ru/mp@2x/cd/a6/cda60262ad018004a59df2ab1096fb28.jpg;https://cdn.entero.ru/mp@2x/fa/5c/fa5c9aa3618c0d332ad8fd01939530ad.jpg;https://cdn.entero.ru/mp@2x/ad/e7/ade7c964f5b3bf35ddefed73b8daa801.jpg,"Маринатор Kocateq M 38 E Vac (с функцией вакуумирования, нерж.сталь AISI304)","Маринатор Kocateq M 38 E Vac (с функцией вакуумирования, нерж.сталь AISI304)",68838,RUB,Нет,Kocateq,Профоборудование,Мясоперерабатывающее,Массажеры и маринаторы,https://entero.ru/item/233574,"<p>Маринатор <a style=""text-decoration:none;cursor:text;"" href=""http://entero.ru/item/233574""><b class=""b"">Kocateq M 38 E Vac</b></a> используется на предприятиях общественного питания и торговли для быстрого маринования различных видов мяса, птицы и рыбы в автоматическом режиме. Модель оснащена электронной панелью управления, кнопкой включения, электронным дисплеем для отображения времени работы, кнопкой старт/стоп и кнопками для переключения скоростей. Корпус выполнен из нержавеющей стали AISI304 толщиной 1,2 мм.</p>

<p>В комплект поставки входят пластиковое сито 470х370х140 мм и пластиковый лоток 525х380х150 мм для выгрузки мяса.</p>

<p><span style=""color:#ff0000;"">Колеса не входят в комплект поставки и приобретаются отдельно.</span></p>

<p><b>Особенности:</b></p>

<ul>
<li>3 скорости маринования:
<ul>
<li>Быстрая (8 секунд вращение / 5 секунд пауза)</li>
<li>Средняя (5 секунд вращение / 5 секунд пауза)</li>
<li>Медленная</li>
</ul>
</li>
<li>Таймер</li>
<li>Напольная установка</li>
<li>Вращение барабана осуществляется в 2 стороны</li>
<li>Без лопастей для перемешивания</li>
</ul>

<p><b>Дополнительные характеристики:</b></p>

<ul>
<li>Среднее время маринования: 5 мин. 30 сек.</li>
<li>Размеры барабана:
<ul>
<li>Диаметр: 380 мм</li>
<li>Длина: 328 мм</li>
<li>Высота: 340 мм</li>
</ul>
</li>
</ul>",233574,220 В,0.24 кВт,750 мм,410 мм,830 мм,37.5 кг,1,450x770x730 мм,0,https://entero.ru/manuals/458328/%D0%98%D0%BD%D1%81%D1%82%D1%80%D1%83%D0%BA%D1%86%D0%B8%D1%8F%20%D0%BD%D0%B0%20Kocateq%20M%2038%20E%20Vac.pdf;https://entero.ru/manuals/458541/%D0%A1%D0%B5%D1%80%D1%82%D0%B8%D1%84%D0%B8%D0%BA%D0%B0%D1%82%20%D1%81%D0%BE%D0%BE%D1%82%D0%B2%D0%B5%D1%82%D1%81%D1%82%D0%B2%D0%B8%D1%8F.pdf,74019,,,,Ю. Корея,30 кг,Да,38,
https://cdn.entero.ru/mp@2x/8d/05/8d05d014db5a0a1c9d57e14cade23bb2.jpg;https://cdn.entero.ru/mp@2x/ce/9c/ce9c0e936a08a2038a445f6b4d94b261.jpg,Маринатор Kocateq M 18 E (нерж.сталь AISI304),M18E,31331,RUB,Нет,Kocateq,Профоборудование,Мясоперерабатывающее,Массажеры и маринаторы,https://entero.ru/item/233581,"<p>Маринатор <a style=""text-decoration:none;cursor:text;"" href=""http://entero.ru/item/233581""><b class=""b"">Kocateq M 18 E</b></a> используется на предприятиях общественного питания и торговли для быстрого маринования различных видов мяса, птицы и рыбы в автоматическом режиме. Модель оснащена электронной панелью управления, кнопкой включения, электронным дисплеем для отображения времени работы, кнопкой старт/стоп и кнопками для переключения скоростей. Корпус выполнен из нержавеющей стали AISI304 толщиной 1,2 мм.</p>

<p>В комплект поставки входит пластиковый лоток 340х237х125 мм.</p>

<p><b>Особенности:</b></p>

<ul>
<li>3 скорости маринования:
<ul>
<li>Быстрая (8 секунд вращение / 5 секунд пауза)</li>
<li>Средняя (5 секунд вращение / 5 секунд пауза)</li>
<li>Медленная</li>
</ul>
</li>
<li>Таймер</li>
<li>Настольная установка</li>
<li>Вращение барабана осуществляется в 2 стороны</li>
<li>Без лопастей для перемешивания</li>
</ul>

<p><b>Дополнительные характеристики:</b></p>

<ul>
<li>Среднее время маринования: 5 мин. 30 сек.</li>
<li>Размеры барабана:
<ul>
<li>Диаметр: 300 мм</li>
<li>Длина: 325 мм</li>
<li>Высота: 250 мм</li>
</ul>
</li>
</ul>",233581,220 В,0.025 кВт,610 мм,295 мм,395 мм,14 кг,1,350x650x500 мм,0,https://entero.ru/manuals/458325/%D0%98%D0%BD%D1%81%D1%82%D1%80%D1%83%D0%BA%D1%86%D0%B8%D1%8F%20%D0%BD%D0%B0%20Kocateq%20M%2018%20E.pdf;https://entero.ru/manuals/458539/%D0%A1%D0%B5%D1%80%D1%82%D0%B8%D1%84%D0%B8%D0%BA%D0%B0%D1%82%20%D1%81%D0%BE%D0%BE%D1%82%D0%B2%D0%B5%D1%82%D1%81%D1%82%D0%B2%D0%B8%D1%8F.pdf,32980,,,,Ю. Корея,12.5 кг,,18,
https://cdn.entero.ru/mp@2x/26/1f/261fcc62a3ed0180b0b1d02f44ebfe7a.jpg,Маринатор VIATTO VA-ML-20D-B,Маринатор VIATTO VA-ML-20D-B,38808,RUB,Нет,VIATTO,Профоборудование,Мясоперерабатывающее,Массажеры и маринаторы,https://entero.ru/item/348017,"<p>Маринатор <b class=""b""><a style=""text-decoration:none;cursor:text;"" href=""http://entero.ru/item/348017"">VIATTO VA-ML-20D-B</a></b> используется на предприятиях общественного питания и торговли для быстрого маринования различных видов мяса, птицы и рыбы в автоматическом режиме. Модель оснащена электронной панелью управления.</p>

<p><b>Особенности:</b></p>

<ul>
<li>3 скорости маринования:
<ul>
<li>Быстрая (8 секунд вращение / 5 секунд пауза)</li>
<li>Средняя (5 секунд вращение / 5 секунд пауза)</li>
<li>Медленная (3 секунды вращения / 5 секунд пауза)</li>
</ul>
</li>
<li>Вакуумирование</li>
<li>Таймер до 100 мин.</li>
<li>Вращение барабана осуществляется в 2 стороны</li>
</ul>

<p><b>Дополнительные характеристики:</b></p>

<ul>
<li>Размер емкости: 300x250x325 мм</li>
</ul>",348017,,,610 мм,315 мм,370 мм,15 кг,1,640x330x490 мм,0,https://entero.ru/manuals/428473/%D0%98%D0%BD%D1%81%D1%82%D1%80%D1%83%D0%BA%D1%86%D0%B8%D1%8F%20%D0%BD%D0%B0%20VIATTO%20VA-ML-20D-B.pdf;https://entero.ru/manuals/428474/%D0%94%D0%B5%D0%BA%D0%BB%D0%B0%D1%80%D0%B0%D1%86%D0%B8%D1%8F%20%D0%BE%20%D1%81%D0%BE%D0%BE%D1%82%D0%B2%D0%B5%D1%82%D1%81%D1%82%D0%B2%D0%B8%D0%B8.pdf,,,14.5 кг,,Китай,,Да,18,28 об/мин.
https://cdn.entero.ru/mp@2x/16/fc/16fc76d4aaeab32053a81e0cb715097b.jpg;https://cdn.entero.ru/mp@2x/fd/6b/fd6b428bbde6c5189b5ca6ccf2452712.jpg;https://cdn.entero.ru/mp@2x/94/b7/94b77dffcf02279168b799b4fccbbb95.jpg;https://cdn.entero.ru/mp@2x/1c/b3/1cb376256c6da5d3f6e2928a86b45f90.jpg;https://cdn.entero.ru/mp@2x/98/8c/988c324f046ba63103a0e14ebf3ac2d3.jpg;https://cdn.entero.ru/mp@2x/fd/90/fd902db7344f6b473517dc0015f73f28.jpg;https://cdn.entero.ru/mp@2x/fb/72/fb7252802ab3dc1eea24e13c980850be.jpg;https://cdn.entero.ru/mp@2x/63/8f/638fd3f0d9ce64fe6b88e8ece89bae2b.jpg;https://cdn.entero.ru/mp@2x/16/7f/167fe230a0cef87001f0b195dac6eceb.jpg;https://cdn.entero.ru/mp@2x/cf/25/cf25b0440bbfa986e478d054dcd2b694.jpg;https://cdn.entero.ru/mp@2x/ee/89/ee897eebee13ec5fbf46fbdd95b7539a.jpg,Массажер вакуумный Foodatlas GR-300,Массажер вакуумный Foodatlas GR-300,505868,RUB,Нет,Foodatlas,Профоборудование,Мясоперерабатывающее,Массажеры и маринаторы,https://entero.ru/item/319807,"<p>Вакуумный массажер <a style=""text-decoration:none;cursor:text;"" href=""http://entero.ru/item/319807""><b class=""b"">Foodatlas GR-300</b></a> используется на предприятиях пищевой промышленности, общественного питания и торговли для обработки посольной смесью мясных и рыбных продуктов. Модель оснащена электронной панелью управления, вакуумным насосом и функцией реверса для выгрузки продукции. Корпус и вращающаяся дежа выполнены из нержавеющей стали, упаковка - фанерный ящик.</p>

<p><b>Особенности:</b></p>

<ul>
<li>Регулировка скорости вращения дежи</li>
<li>Регулировка степени вакуума</li>
<li>Автоматическая разгрузка</li>
<li>Тип привода: цепной</li>
<li>Кнопка аварийной остановки</li>
<li>Устройство защиты персонала</li>
</ul>

<p><b>Дополнительные характеристики:</b></p>

<ul>
<li>Производительность: до 600 кг/сутки</li>
<li>Продолжительность производственного цикла: от 2 до 12 ч</li>
<li>Габариты дежи: 800х800х1000 мм</li>
<li>Толщина стенок дежи: 3 мм</li>
<li>Мощность вакуумного насоса: 0,75 кВт</li>
<li>Производительность вакуумного насоса: до 20 м<sup>3</sup>/ч</li>
<li>Степень вакуума: 0,06 мПа</li>
<li>Время вакуумации: 5 мин.</li>
<li>Габариты в упаковке: 1500х930х1450 мм</li>
</ul>",319807,380 В,2.25 кВт,1400 мм,930 мм,1350 мм,,,,0,https://entero.ru/manuals/384318/%D0%98%D0%BD%D1%81%D1%82%D1%80%D1%83%D0%BA%D1%86%D0%B8%D1%8F%20%D0%BD%D0%B0%20Foodatlas%20GR-300.pdf;https://entero.ru/manuals/384319/%D0%94%D0%B5%D0%BA%D0%BB%D0%B0%D1%80%D0%B0%D1%86%D0%B8%D1%8F%20%D0%BE%20%D1%81%D0%BE%D0%BE%D1%82%D0%B2%D0%B5%D1%82%D1%81%D1%82%D0%B2%D0%B8%D0%B8.pdf,,https://vkvideo.ru/video_ext.php?oid=-177656185&id=456240952&hash=4270e66a38f05fa4,260 кг,,Китай,150 кг,Да,300,от 1 до 8 об/мин.
https://cdn.entero.ru/mp@2x/0a/ff/0aff5e24bea94305c8a21587709359e5.jpg,"Массажер вакуумный Hualian GRZK1000 (механическая панель, частотный преобразователь)","Массажер вакуумный Hualian GRZK1000 (механическая панель, частотный преобразователь)",1691420,RUB,Нет,Hualian,Профоборудование,Мясоперерабатывающее,Массажеры и маринаторы,https://entero.ru/item/295721,"<p>Вакуумный массажер <a style=""text-decoration:none;cursor:text;"" href=""http://entero.ru/item/295721""><b class=""b"">Hualian GRZK1000 ​</b></a>используется на предприятиях общественного питания и торговли для массирования мяса, птицы, рыбы, просаливания и подвяливания различных мясных деликатесов перед приготовлением, а также сухого и влажного посола, выдержки и маринования, смешивания салатов, смягчения свежего мяса перед термической обработкой. Модель оснащена механической панелью управления, вакуумным насосом и частотным преобразователем. Массажер выполнен из высококачественной пищевой нержавеющей стали SUS304. </p>

<p><b>Особенности:</b></p>

<ul>
<li>Разрыхление морфологической структуры сырья - улучшает структурно-механические свойства мяса, делая его более мягким и нежным</li>
<li>Повышение проницаемости мембран - ускоряет процесс проникновения посолочных веществ в глубокие слои тканей</li>
<li>Активизация тканевых ферментов - ускоряет процессы созревания сырья и сокращает время изготовления сушеных и вяленых мясных деликатесовв</li>
<li>Бережное массирование сырья за счет особой формы ребер, расположенных внутри барабана </li>
<li>Широкие возможности для настроек режимов массирования (время, скорость и направление вращения барабана, интервалы остановки, последовательность чередования вакуумной и атмосферной сред, степень вакуумизации)</li>
<li>Быстрая и тщательная (без остатков) выгрузка сырья за счет реверсивного вращения барабана </li>
<li>Увеличенный загрузочный люк для упрощения загрузки</li>
<li>Простота санитарно-гигиенического обслуживания</li>
<li>Надежность и долговечность</li>
</ul>

<p><b>Дополнительные характеристики:</b></p>

<ul>
<li>Производительность вакуумного насоса: 40 м<sup>3</sup>/ч</li>
<li>Степень вакуума: 0,08 мПа </li>
<li>Мощность насоса: 1,5 кВт</li>
</ul>",295721,380 В,3 кВт,2190 мм,1300 мм,1720 мм,900 кг,1,2650x1350x2000 мм,0,,,,805 кг,,Китай,от 400 до 600 кг,Да,1000,6 об/мин.
https://cdn.entero.ru/mp@2x/d8/3c/d83c6a97a02e9f3131dcac9ca653c454.jpg,Массажер вакуумный Hualian GRZK1000 (тач скрин),Массажер вакуумный Hualian GRZK1000 (тач скрин),1785217,RUB,Нет,Hualian,Профоборудование,Мясоперерабатывающее,Массажеры и маринаторы,https://entero.ru/item/295514,"<p>Вакуумный массажер <a style=""text-decoration:none;cursor:text;"" href=""http://entero.ru/item/295514""><b class=""b"">Hualian GRZK1000 ​</b></a>используется на предприятиях общественного питания и торговли для массирования мяса, рыбы или птицы в процессе маринования и посола. Модель оснащена современным PLC-контроллером, регулируемой скоростью вращения барабана и сенсорной панелью управления. Массажер выполнен из высококачественной пищевой нержавеющей стали. </p>

<p><b>Особенности:</b></p>

<ul>
<li>Плавная регулировка скорости</li>
<li>Может использоваться для сухого и влажного посола, маринования, выдержки и подвяливания</li>
<li>Бережное массирование сырья за счет особой формы ребер, расположенных внутри барабана </li>
<li>Широкие возможности для настроек режимов массирования (время, скорость и направление вращения барабана, интервалы остановки, последовательность чередования вакуумной и атмосферной сред, степень вакуумизации)</li>
<li>В памяти контроллера можно сохранить до 100 программ</li>
<li>Быстрая и тщательная (без остатков) выгрузка сырья за счет реверсивного вращения барабана </li>
<li>Увеличенный загрузочный люк для упрощения загрузки</li>
<li>Простота санитарно-гигиенического обслуживания</li>
<li>Надежность и долговечность</li>
</ul>

<p><b>Дополнительные характеристики:</b></p>

<ul>
<li>Производительность вакуумного насоса: 40 м<sup>3</sup>/ч</li>
<li>Степень вакуума: 0,08 мПа </li>
<li>Мощность насоса: 1,5 кВт</li>
</ul>",295514,380 В,3 кВт,2190 мм,1300 мм,1720 мм,900 кг,1,2650x1350x2000 мм,0,,,,800 кг,,Китай,от 400 до 600 кг,Да,1000,от 4 до 12 об/мин.
https://cdn.entero.ru/mp@2x/47/34/4734a5ecaf5f9a22f25aa148a523c7de.jpg,Маринатор VIATTO VA-ML-20D,Маринатор VIATTO VA-ML-20D,31086,RUB,Нет,VIATTO,Профоборудование,Мясоперерабатывающее,Массажеры и маринаторы,https://entero.ru/item/348016,"<p>Маринатор <b class=""b""><a style=""text-decoration:none;cursor:text;"" href=""http://entero.ru/item/348016"">VIATTO VA-ML-20D</a></b> используется на предприятиях общественного питания и торговли для быстрого маринования различных видов мяса, птицы и рыбы в автоматическом режиме. Модель оснащена электронной панелью управления.</p>

<p><b>Особенности:</b></p>

<ul>
<li>3 скорости маринования:
<ul>
<li>Быстрая (8 секунд вращение / 5 секунд пауза)</li>
<li>Средняя (5 секунд вращение / 5 секунд пауза)</li>
<li>Медленная (3 секунды вращения / 5 секунд пауза)</li>
</ul>
</li>
<li>Таймер до 100 мин.</li>
<li>Вращение барабана осуществляется в 2 стороны</li>
</ul>

<p><b>Дополнительные характеристики:</b></p>

<ul>
<li>Размер емкости: 300x250x325 мм</li>
</ul>",348016,,,610 мм,315 мм,370 мм,15 кг,1,640x330x490 мм,0,https://entero.ru/manuals/428475/%D0%98%D0%BD%D1%81%D1%82%D1%80%D1%83%D0%BA%D1%86%D0%B8%D1%8F%20%D0%BD%D0%B0%20VIATTO%20VA-ML-20D.pdf;https://entero.ru/manuals/428476/%D0%94%D0%B5%D0%BA%D0%BB%D0%B0%D1%80%D0%B0%D1%86%D0%B8%D1%8F%20%D0%BE%20%D1%81%D0%BE%D0%BE%D1%82%D0%B2%D0%B5%D1%82%D1%81%D1%82%D0%B2%D0%B8%D0%B8.pdf,,,14.5 кг,,Китай,,,18,28 об/мин.
https://cdn.entero.ru/mp@2x/c9/36/c936cfa5a1028d729c19b2e62e62292e.jpg;https://cdn.entero.ru/mp@2x/5c/9a/5c9ae1cb07eea4229d4bb5c74d323a33.jpg;https://cdn.entero.ru/mp@2x/81/fb/81fb5306517b12f1fde58fa21bde125e.jpg;https://cdn.entero.ru/mp@2x/96/69/96692b7f5bccb70c67583edfbbd868db.jpg;https://cdn.entero.ru/mp@2x/27/60/2760b00ad96781d455afd8fa295a33c2.jpg;https://cdn.entero.ru/mp@2x/ff/35/ff3597bbce537ee4f60400cb1bd71523.jpg;https://cdn.entero.ru/mp@2x/6b/a5/6ba59bbfa76c870c5296d257861d28d7.jpg;https://cdn.entero.ru/mp@2x/16/e8/16e8439ae7cc4b2d1c11b185781ab4f2.jpg;https://cdn.entero.ru/mp@2x/a0/9e/a09e6636a952a995efa6e2fd1da54071.jpg;https://cdn.entero.ru/mp@2x/59/98/5998af36b59381e16cd4525e2256952b.jpg;https://cdn.entero.ru/mp@2x/e6/34/e634d20a0973553de81473a2613a11b1.jpg;https://cdn.entero.ru/mp@2x/d7/7e/d77e6044cd5a639ab48bd41d6e0a2bd5.jpg;https://cdn.entero.ru/mp@2x/be/9b/be9b176c6f58b9ae375148c8291120a4.jpg;https://cdn.entero.ru/mp@2x/df/f2/dff20027edf55b8940ab466a297daea4.jpg;https://cdn.entero.ru/mp@2x/c4/e3/c4e31e6723d0ac1df3cb60d096e0a0e3.jpg;https://cdn.entero.ru/mp@2x/ae/1f/ae1f7d17d3f52385de7be1843ea8a23b.jpg;https://cdn.entero.ru/mp@2x/b3/bd/b3bd59ca0cd5aeb724b9ee1ee1469731.jpg;https://cdn.entero.ru/mp@2x/47/2a/472a62a145093071f1560cb5ad3de52c.jpg;https://cdn.entero.ru/mp@2x/77/ad/77adbdbc45047f00a63ea2ef611bf558.jpg;https://cdn.entero.ru/mp@2x/37/6d/376d36b5dc677ff6ad89d8eca69b62c6.jpg;https://cdn.entero.ru/mp@2x/5b/85/5b8505e9c76be4a713599f80b4293d02.jpg;https://cdn.entero.ru/mp@2x/45/fa/45fae6b81f3c12948fc86429bdcce362.jpg;https://cdn.entero.ru/mp@2x/55/c0/55c08340e207d794d6d8d3ed0a08b5cb.jpg,Массажер для мяса вакуумный Abat ММ-50В,11000018402,286550,RUB,Нет,Abat,Профоборудование,Мясоперерабатывающее,Массажеры и маринаторы,https://entero.ru/item/153971,"<p>Вакуумный массажер-маринатор для мяса <a style=""text-decoration:none;cursor:text;"" href=""http://entero.ru/item/153971""><b class=""b"">Abat ММ-50В</b></a> используется используется на предприятиях общественного питания и торговли для маринования различных видов мяса, птицы и рыбы, кроме того мясомассжер значительно ускоряет операцию посола, улучшает вкусовые и физические показатели сырья. Процесс массирования и маринования происходит во вращающемся на небольшой скорости барабане, что позволяет приправам и специям проникнуть в волокна мяса, не нарушая структуру продукции. Модель оснащена электромеханической панелью управления, позволяющей устанавливать режимы работы, кнопкой аварийной остановки, съемным герметичным барабаном, фиксируемом с помощью прижимной траверсы, 2 передними поворотными колесами с тормозом и 2 фиксированными задними. Каркас, обшивка корпуса и детали выполнены из нержавеющей стали.</p>

<p>В комплект поставки вакуумный насос серии BC-CP.</p>

<p><b>Особенности:</b></p>

<ul>
<li>Ручная загрузка и выгрузка сырья</li>
<li>Постоянная скорость вращения барабана</li>
<li>Безопасная работа: прекращение работы при открывании защитной заслонки</li>
<li>Сокращение времени маринования мяса</li>
<li>Простая установка на ровную устойчивую поверхность без необходимости монтажа</li>
<li>Легкое перемещение </li>
</ul>

<p><b>Дополнительные характеристики:</b></p>

<ul>
<li>Вес барабана: 9,8 кг</li>
<li>Максимальный коэффициент заполнения барабана: 0,8</li>
<li>Предельное остаточное давление: - 0,8 кгс/см<sup>2</sup></li>
<li>Рабочая температура: от 10 до 45 °C</li>
</ul>",153971,380 В,0.12 кВт,917 мм,788 мм,1131 мм,,,,0,https://entero.ru/manuals/182499/%D0%98%D0%BD%D1%81%D1%82%D1%80%D1%83%D0%BA%D1%86%D0%B8%D1%8F%20%D0%BD%D0%B0%20Abat%20%D0%9C%D0%9C-50%D0%92.pdf;https://entero.ru/manuals/461216/%D0%91%D1%80%D0%BE%D1%88%D1%8E%D1%80%D0%B0%20%D0%BD%D0%B0%20Abat%20%D0%9C%D0%9C-50%D0%92.pdf;https://entero.ru/manuals/461217/%D0%94%D0%B5%D0%BA%D0%BB%D0%B0%D1%80%D0%B0%D1%86%D0%B8%D1%8F%20%D0%BE%20%D1%81%D0%BE%D0%BE%D1%82%D0%B2%D0%B5%D1%82%D1%81%D1%82%D0%B2%D0%B8%D0%B8.pdf,,https://vkvideo.ru/video_ext.php?oid=-177656185&id=456240983&hash=f817b5fa9d1a5a38,125 кг,,Россия,40 кг,Да,50,12.5 об/мин.
https://cdn.entero.ru/mp@2x/88/07/88075b784a438588edb14cc8350c72a5.jpg,Массажер вакуумный Hualian GRZK100,Массажер вакуумный Hualian GRZK100,582429,RUB,Нет,Hualian,Профоборудование,Мясоперерабатывающее,Массажеры и маринаторы,https://entero.ru/item/295613,"<p>Вакуумный массажер <a style=""text-decoration:none;cursor:text;"" href=""http://entero.ru/item/295613""><b class=""b"">Hualian GRZK100 </b></a>используется на предприятиях общественного питания и торговли для массирования мяса, рыбы или птицы в процессе маринования и посола, а также при приготовлении различных полуфабрикатов - шашлыков, стейков, ребрышек, крылышек и различных наборов для гриля. Модель оснащена современным электронным управлением на базе PLC-контроллера. Изделие выполнено из высококачественной пищевой нержавеющей стали.</p>

<p><b>Особенности:</b></p>

<ul>
<li>Наличие функции вакуумизации позволяет массировать продукты в вакууме или с чередованием вакуумной и атмосферной среды</li>
<li>Массирование свежего мяса для его размягчения и улучшения вкусовых свойств</li>
<li>Маринование и посол (сухой и в рассоле) мясных полуфабрикатов и деликатесов перед копчением и вялением​</li>
<li>Бережное массирование сырья за счет особой формы ребер, расположенных внутри барабана </li>
<li>Индивидуальный режим перемешивания для конкретного продукта</li>
<li>В памяти контроллера можно сохранить до 100 программ</li>
<li>Быстрая и тщательная (без остатков) выгрузка сырья за счет реверсивного вращения барабана </li>
<li>Увеличенный диаметр загрузочного люка делает более удобной загрузку и выгрузку всех компонентов </li>
<li>Простота санитарно-гигиенического обслуживания</li>
<li>Надежность и долговечность</li>
</ul>

<p><b>Дополнительные характеристики:</b></p>

<ul>
<li>Производительность вакуумного насоса: 20 м<sup>3</sup>/ч</li>
<li>Степень вакуума: 0,08 мПа </li>
<li>Мощность насоса: 0,75 кВт</li>
</ul>

<p><b>Опции (заказываются отдельно):</b></p>

<ul>
<li>Частотный преобразователь для плавной регулировки оборотов вращения бункера </li>
</ul>",295613,380 В,1.5 кВт,1370 мм,860 мм,940 мм,410 кг,1,1550x1050x1300 мм,0,,619605,,320 кг,,Китай,от 20 до 50 кг,Да,100,8 об/мин.
https://cdn.entero.ru/mp@2x/87/00/8700363a81a891e0a691cf1b56733bee.jpg,Массажер вакуумный Hualian GRZK20 (тач скрин),Массажер вакуумный Hualian GRZK20 (тач скрин),597347,RUB,Нет,Hualian,Профоборудование,Мясоперерабатывающее,Массажеры и маринаторы,https://entero.ru/item/295599,"<p>Вакуумный массажер <a style=""text-decoration:none;cursor:text;"" href=""http://entero.ru/item/295599""><b class=""b"">Hualian GRZK20 ​</b></a>используется на предприятиях общественного питания и торговли для массирования мяса, рыбы или птицы в процессе маринования и посола. Модель оснащена современным PLC-контроллером, регулируемой скоростью вращения барабана и сенсорной панелью управления. Массажер выполнен из высококачественной пищевой нержавеющей стали. </p>

<p><b>Особенности:</b></p>

<ul>
<li>Плавная регулировка скорости</li>
<li>Может использоваться для сухого и влажного посола, маринования, выдержки и подвяливания</li>
<li>Бережное массирование сырья за счет особой формы ребер, расположенных внутри барабана </li>
<li>Широкие возможности для настроек режимов массирования (время, скорость и направление вращения барабана, интервалы остановки, последовательность чередования вакуумной и атмосферной сред, степень вакуумизации)</li>
<li>В памяти контроллера можно сохранить до 100 программ</li>
<li>Быстрая и тщательная (без остатков) выгрузка сырья за счет реверсивного вращения барабана </li>
<li>Увеличенный загрузочный люк для упрощения загрузки</li>
<li>Простота санитарно-гигиенического обслуживания</li>
<li>Надежность и долговечность</li>
</ul>

<p><b>Дополнительные характеристики:</b></p>

<ul>
<li>Производительность вакуумного насоса: 20 м<sup>3</sup>/ч</li>
<li>Степень вакуума: 0,08 мПа </li>
<li>Мощность насоса: 0,75 кВт</li>
</ul>",295599,380 В,1.12 кВт,945 мм,515 мм,800 мм,230 кг,1,1150x750x1100 мм,0,,649290,,130 кг,,Китай,10 кг,Да,20,от 1.8 до 9 об/мин.
https://cdn.entero.ru/mp@2x/94/11/9411ba8d9ada380c9f8a5cb7d49393e5.jpg,Массажер вакуумный Hualian GRZK100 (тач скрин),Массажер вакуумный Hualian GRZK100 (тач скрин),697383,RUB,Нет,Hualian,Профоборудование,Мясоперерабатывающее,Массажеры и маринаторы,https://entero.ru/item/295518,"<p>Вакуумный массажер <a style=""text-decoration:none;cursor:text;"" href=""http://entero.ru/item/295518""><b class=""b"">Hualian GRZK100 ​</b></a>используется на предприятиях общественного питания и торговли для массирования мяса, рыбы или птицы в процессе маринования и посола. Модель оснащена современным PLC-контроллером, регулируемой скоростью вращения барабана и сенсорной панелью управления. Массажер выполнен из высококачественной пищевой нержавеющей стали. </p>

<p><b>Особенности:</b></p>

<ul>
<li>Плавная регулировка скорости</li>
<li>Может использоваться для сухого и влажного посола, маринования, выдержки и подвяливания</li>
<li>Бережное массирование сырья за счет особой формы ребер, расположенных внутри барабана </li>
<li>Широкие возможности для настроек режимов массирования (время, скорость и направление вращения барабана, интервалы остановки, последовательность чередования вакуумной и атмосферной сред, степень вакуумизации)</li>
<li>В памяти контроллера можно сохранить до 100 программ</li>
<li>Наклонная форма барабана с реверсивным вращением</li>
<li>Быстрая и тщательная (без остатков) выгрузка сырья за счет реверсивного вращения барабана </li>
<li>Увеличенный загрузочный люк для упрощения загрузки</li>
<li>Простота санитарно-гигиенического обслуживания</li>
<li>Надежность и долговечность</li>
</ul>

<p><b>Дополнительные характеристики:</b></p>

<ul>
<li>Производительность вакуумного насоса: 20 м<sup>3</sup>/ч</li>
<li>Степень вакуума: 0,08 мПа </li>
<li>Мощность насоса: 0,75 кВт</li>
</ul>",295518,380 В,1.5 кВт,1370 мм,860 мм,940 мм,410 кг,1,1550x1050x1300 мм,0,,741897,,320 кг,,Китай,от 20 до 50 кг,Да,100,от 4 до 12 об/мин.
https://cdn.entero.ru/mp@2x/a8/35/a835f937e6d54fdabecf8fe67af3fed7.jpg,Массажер вакуумный Hualian GRZK200 (тач скрин),Массажер вакуумный Hualian GRZK200 (тач скрин),762077,RUB,Нет,Hualian,Профоборудование,Мясоперерабатывающее,Массажеры и маринаторы,https://entero.ru/item/295461,"<p>Вакуумный массажер <a style=""text-decoration:none;cursor:text;"" href=""http://entero.ru/item/295461""><b class=""b"">Hualian GRZK200</b></a> используется на предприятиях общественного питания и торговли для маринования различных видов мяса и птицы, кроме того массажер значительно ускоряет операцию посола, улучшает вкусовые и физические показатели сырья. Модель оснащена современным PLC-контроллером, регулируемой скоростью вращения барабана и сенсорной панелью управления. Массажер выполнен из высококачественной пищевой нержавеющей стали.</p>

<p><b>Особенности:</b></p>

<ul>
<li>Плавная регулировка скорости</li>
<li>Может использоваться для сухого и влажного посола, маринования, выдержки и подвяливания</li>
<li>Бережное массирование сырья за счет особой формы ребер, расположенных внутри барабана </li>
<li>Широкие возможности для настроек режимов массирования (время, скорость и направление вращения барабана, интервалы остановки, последовательность чередования вакуумной и атмосферной сред, степень вакуумизации)</li>
<li>В памяти контроллера можно сохранить до 100 программ</li>
<li>Быстрая и тщательная (без остатков) выгрузка сырья за счет реверсивного вращения барабана </li>
<li>Увеличенный загрузочный люк для упрощения загрузки</li>
<li>Простота санитарно-гигиенического обслуживания</li>
<li>Надежность и долговечность</li>
</ul>

<p><b>Дополнительные характеристики:</b></p>

<ul>
<li>Производительность вакуумного насоса: 20 м<sup>3</sup>/ч</li>
<li>Степень вакуума: 0,09 мПа </li>
<li>Мощность насоса: 0,75 кВт</li>
</ul>",295461,220 В,1.5 кВт,1300 мм,915 мм,1265 мм,419 кг,1,1490x1180x1530 мм,0,,802186,,356 кг,,Китай,100 кг,Да,200,от 3 до 12 об/мин.
https://cdn.entero.ru/mp@2x/71/22/71226d947f316cecb62bc7b3ee4aea9e.jpg,Инъектор Hualian ZS-40,Инъектор Hualian ZS-40,1311611,RUB,Нет,Hualian,Профоборудование,Мясоперерабатывающее,Массажеры и маринаторы,https://entero.ru/item/296098,"<p>Инъектор <b class=""b""><a style=""text-decoration:none;cursor:text;"" href=""http://entero.ru/item/296098"">Hualian ZS-40</a> </b>предназначен для посола костного и бескостного мяса: говядины, свинины, баранины, конины, оленины, а также мяса птицы и рыбы на предприятиях общественного питания и торговли. Модель оснащена механической панелью управления. Оборудование выполнено из пищевой нержавеющей стали.​</p>

<p><b>Особенности:</b></p>

<ul>
<li>Посол производится через независимо перемещаемые в вертикальной плоскости иглы</li>
<li>Конвейер высокой точности обеспечивает максимально точное позиционирование инъектируемых кусков сырья различных размеров</li>
<li>Панель управления вынесена в отдельный блок</li>
<li>Четырехступенчатый фильтр очистки</li>
<li>Специальная система самозащиты игл</li>
<li>Регулируемое давление впрыска</li>
<li>Стабилизатор давления </li>
<li>Конвейерная лента легко снимается для мойки и санитарно-гигиенической обработки </li>
</ul>

<p><b>Дополнительные характеристики:</b></p>

<ul>
<li>Количество игл: 40</li>
<li>Скорость инъекции: 48 / 32 раз/мин. </li>
<li>Расчетная производительность: 1500 кг/час</li>
<li>Диаметр иглы: 4 мм (устанавливается 1 комплект) </li>
<li>Ход иглы: 150 мм</li>
<li>Ширина инъекции: 285 мм</li>
</ul>

<p><b>Опции (заказываются отдельно):</b></p>

<ul>
<li>Дополнительные комплекты игл под различное сырье</li>
</ul>",296098,380 В,5.5 кВт,1250 мм,950 мм,1800 мм,550 кг,1,1450x1150x2100 мм,0,,1395331,,460 кг,,Китай,,,,
https://cdn.entero.ru/mp@2x/d0/34/d034a9c254275432162c78d69f456372.jpg,Инъектор Hualian ZS-128,Инъектор Hualian ZS-128,3796012,RUB,Нет,Hualian,Профоборудование,Мясоперерабатывающее,Массажеры и маринаторы,https://entero.ru/item/296100,"<p>Инъектор <b class=""b""><a style=""text-decoration:none;cursor:text;"" href=""http://entero.ru/item/296100"">Hualian ZS-128</a> </b>предназначен для посола костного и бескостного мяса: говядины, свинины, баранины, конины, оленины, а также мяса птицы и рыбы на предприятиях общественного питания и торговли. Модель оснащена уникальной технологией инъектирования и механической панелью управления. Оборудование выполнено из пищевой нержавеющей стали.​</p>

<p><b>Особенности:</b></p>

<ul>
<li>Посол производится через независимо перемещаемые в вертикальной плоскости иглы</li>
<li>Конвейер высокой точности обеспечивает максимально точное позиционирование инъектируемых кусков сырья различных размеров</li>
<li>Панель управления вынесена в отдельный блок</li>
<li>Четырехступенчатый фильтр очистки</li>
<li>Специальная система самозащиты игл</li>
<li>Регулируемое давление впрыска</li>
<li>Надежный насос с длительным рабочим ресурсом</li>
<li>Стабилизатор давления </li>
<li>Конвейерная лента легко снимается для мойки и санитарно-гигиенической обработки </li>
</ul>

<p><b>Дополнительные характеристики:</b></p>

<ul>
<li>Количество игл: 128</li>
<li>Скорость инъекции: от 20 до 50 раз/мин. </li>
<li>Расчетная производительность: 5000 кг/час</li>
<li>Диаметр иглы: 2 / 3 / 4 мм (устанавливается 1 комплект) </li>
<li>Ход иглы: 200 / 300 мм</li>
<li>Ширина инъекции: 425 мм</li>
</ul>

<p><b>Опции (заказываются отдельно):</b></p>

<ul>
<li>Дополнительные комплекты игл под различное сырье</li>
</ul>",296100,380 В,14 кВт,2500 мм,1600 мм,2700 мм,1650 кг,1,2700x1800x2900 мм,0,,,,1500 кг,,Китай,,,,
https://cdn.entero.ru/mp@2x/fd/29/fd29467441b938d2f3d3b2b979fca07c.jpg,Массажер вакуумный Hualian GRZK20,Массажер вакуумный Hualian GRZK20,444995,RUB,Нет,Hualian,Профоборудование,Мясоперерабатывающее,Массажеры и маринаторы,https://entero.ru/item/295615,"<p>Вакуумный массажер <a style=""text-decoration:none;cursor:text;"" href=""http://entero.ru/item/295615""><b class=""b"">Hualian GRZK20 </b></a>используется на предприятиях общественного питания и торговли для массирования мяса, рыбы или птицы в процессе маринования и посола, а также при приготовлении различных полуфабрикатов - шашлыков, стейков, ребрышек, крылышек и различных наборов для гриля. Модель оснащена механической панелью управления. Изделие выполнено из высококачественной пищевой нержавеющей стали SUS304. </p>

<p><b>Особенности:</b></p>

<ul>
<li>Наличие функции вакуумизации позволяет массировать продукты в вакууме или с чередованием вакуумной и атмосферной среды</li>
<li>Массирование свежего мяса для его размягчения и улучшения вкусовых свойств</li>
<li>Маринование и посол (сухой и в рассоле) мясных полуфабрикатов и деликатесов перед копчением и вялением​</li>
<li>Бережное массирование сырья за счет особой формы ребер, расположенных внутри барабана </li>
<li>Индивидуальный режим перемешивания для конкретного продукта</li>
<li>В памяти контроллера можно сохранить до 100 программ</li>
<li>Быстрая и тщательная (без остатков) выгрузка сырья за счет реверсивного вращения барабана </li>
<li>Увеличенный диаметр загрузочного люка делает более удобной загрузку и выгрузку всех компонентов </li>
<li>Простота санитарно-гигиенического обслуживания</li>
<li>Надежность и долговечность</li>
</ul>

<p><b>Дополнительные характеристики:</b></p>

<ul>
<li>Производительность вакуумного насоса: 20 м<sup>3</sup>/ч</li>
<li>Степень вакуума: 0,08 мПа </li>
<li>Мощность насоса: 0,75 кВт</li>
</ul>

<p><b>Опции (заказываются отдельно):</b></p>

<ul>
<li>Частотный преобразователь для плавной регулировки оборотов вращения бункера </li>
<li>Сенсорная панель управления </li>
</ul>",295615,380 В,1.12 кВт,945 мм,515 мм,800 мм,240 кг,1,1150x750x1100 мм,0,,,,130 кг,,Китай,10 кг,Да,20,9 об/мин.
https://cdn.entero.ru/mp@2x/97/a8/97a8647e0d3999dad3c9a5f93a18ce1e.jpg,Массажер вакуумный Hualian GRZK50,Массажер вакуумный Hualian GRZK50,513871,RUB,Нет,Hualian,Профоборудование,Мясоперерабатывающее,Массажеры и маринаторы,https://entero.ru/item/295614,"<p>Вакуумный массажер <a style=""text-decoration:none;cursor:text;"" href=""http://entero.ru/item/295614""><b class=""b"">Hualian GRZK50 </b></a>используется на предприятиях общественного питания и торговли для массирования мяса, рыбы или птицы в процессе маринования и посола, а также при приготовлении различных полуфабрикатов - шашлыков, стейков, ребрышек, крылышек и различных наборов для гриля. Модель оснащена механической панелью управления. Изделие выполнено из высококачественной пищевой нержавеющей стали SUS304.</p>

<p><b>Особенности:</b></p>

<ul>
<li>Наличие функции вакуумизации позволяет массировать продукты в вакууме или с чередованием вакуумной и атмосферной среды</li>
<li>Массирование свежего мяса для его размягчения и улучшения вкусовых свойств</li>
<li>Маринование и посол (сухой и в рассоле) мясных полуфабрикатов и деликатесов перед копчением и вялением​</li>
<li>Бережное массирование сырья за счет особой формы ребер, расположенных внутри барабана </li>
<li>Индивидуальный режим перемешивания для конкретного продукта</li>
<li>В памяти контроллера можно сохранить до 100 программ</li>
<li>Быстрая и тщательная (без остатков) выгрузка сырья за счет реверсивного вращения барабана </li>
<li>Увеличенный диаметр загрузочного люка делает более удобной загрузку и выгрузку всех компонентов </li>
<li>Простота санитарно-гигиенического обслуживания</li>
<li>Надежность и долговечность</li>
</ul>

<p><b>Дополнительные характеристики:</b></p>

<ul>
<li>Производительность вакуумного насоса: 20 м<sup>3</sup>/ч</li>
<li>Степень вакуума: 0,08 мПа </li>
<li>Мощность насоса: 0,75 кВт</li>
</ul>

<p><b>Опции (заказываются отдельно):</b></p>

<ul>
<li>Частотный преобразователь для плавной регулировки оборотов вращения бункера </li>
<li>
<p>Сенсорная панель управления </p>
</li>
</ul>",295614,380 В,1.5 кВт,1300 мм,860 мм,940 мм,400 кг,1,1500x1050x1300 мм,0,,558555,,294 кг,,Китай,20 кг,Да,50,8 об/мин.
https://cdn.entero.ru/mp@2x/11/4b/114b441b4f5141e5687c41eccff01fea.jpg,Массажер вакуумный Hualian GRZK200,Массажер вакуумный Hualian GRZK200,632896,RUB,Нет,Hualian,Профоборудование,Мясоперерабатывающее,Массажеры и маринаторы,https://entero.ru/item/295618,"<p>Вакуумный массажер <a style=""text-decoration:none;cursor:text;"" href=""http://entero.ru/item/295618""><b class=""b"">Hualian GRZK200 </b></a>используется на предприятиях общественного питания и торговли для массирования мяса, рыбы или птицы в процессе маринования и посола, а также при приготовлении различных полуфабрикатов - шашлыков, стейков, ребрышек, крылышек и различных наборов для гриля. Модель оснащена механической панелью управления. Изделие выполнено из высококачественной пищевой нержавеющей стали SUS304. </p>

<p><b>Особенности:</b></p>

<ul>
<li>Наличие функции вакуумизации позволяет массировать продукты в вакууме или с чередованием вакуумной и атмосферной среды</li>
<li>Массирование свежего мяса для его размягчения и улучшения вкусовых свойств</li>
<li>Маринование и посол (сухой и в рассоле) мясных полуфабрикатов и деликатесов перед копчением и вялением​</li>
<li>Бережное массирование сырья за счет особой формы ребер, расположенных внутри барабана </li>
<li>Индивидуальный режим перемешивания для конкретного продукта</li>
<li>В памяти контроллера можно сохранить до 100 программ</li>
<li>Быстрая и тщательная (без остатков) выгрузка сырья за счет реверсивного вращения барабана </li>
<li>Увеличенный диаметр загрузочного люка делает более удобной загрузку и выгрузку всех компонентов </li>
<li>Простота санитарно-гигиенического обслуживания</li>
<li>Надежность и долговечность</li>
</ul>

<p><b>Дополнительные характеристики:</b></p>

<ul>
<li>Производительность вакуумного насоса: 20 м<sup>3</sup>/ч</li>
<li>Степень вакуума: 0,09 мПа </li>
<li>Мощность насоса: 0,75 кВт</li>
</ul>

<p><b>Опции (заказываются отдельно):</b></p>

<ul>
<li>Частотный преобразователь для плавной регулировки оборотов вращения бункера </li>
<li>Сенсорная панель управления </li>
</ul>",295618,380 В,1.5 кВт,1300 мм,915 мм,1265 мм,419 кг,1,1490x1180x1530 мм,0,,680533,,356 кг,,Китай,100 кг,Да,200,7 об/мин.
https://cdn.entero.ru/mp@2x/ec/d1/ecd1fe186535f2d4d27d02c871f039ff.jpg,Массажер вакуумный Hualian GRZK50 (тач скрин),Массажер вакуумный Hualian GRZK50 (тач скрин),687965,RUB,Нет,Hualian,Профоборудование,Мясоперерабатывающее,Массажеры и маринаторы,https://entero.ru/item/295597,"<p>Вакуумный массажер <a style=""text-decoration:none;cursor:text;"" href=""http://entero.ru/item/295597""><b class=""b"">Hualian GRZK50 ​</b></a>используется на предприятиях общественного питания и торговли для массирования мяса, рыбы или птицы в процессе маринования и посола. Модель оснащена современным PLC-контроллером, регулируемой скоростью вращения барабана и сенсорной панелью управления. Массажер выполнен из высококачественной пищевой нержавеющей стали. </p>

<p><b>Особенности:</b></p>

<ul>
<li>Плавная регулировка скорости</li>
<li>Может использоваться для сухого и влажного посола, маринования, выдержки и подвяливания</li>
<li>Бережное массирование сырья за счет особой формы ребер, расположенных внутри барабана </li>
<li>Широкие возможности для настроек режимов массирования (время, скорость и направление вращения барабана, интервалы остановки, последовательность чередования вакуумной и атмосферной сред, степень вакуумизации)</li>
<li>В памяти контроллера можно сохранить до 100 программ</li>
<li>Быстрая и тщательная (без остатков) выгрузка сырья за счет реверсивного вращения барабана </li>
<li>Увеличенный загрузочный люк для упрощения загрузки</li>
<li>Простота санитарно-гигиенического обслуживания</li>
<li>Надежность и долговечность</li>
</ul>

<p><b>Дополнительные характеристики:</b></p>

<ul>
<li>Производительность вакуумного насоса: 20 м<sup>3</sup>/ч</li>
<li>Степень вакуума: 0,08 мПа </li>
<li>Мощность насоса: 0,75 кВт</li>
</ul>",295597,380 В,1.5 кВт,1300 мм,860 мм,940 мм,400 кг,1,1500x1050x1300 мм,0,,,,294 кг,,Китай,20 кг,Да,50,от 4 до 12 об/мин.
https://cdn.entero.ru/mp@2x/62/24/62245728ed3ef0411f8c73bf947075f0.jpg,Инъектор для мяса Foodatlas ZSJ-80,Инъектор для мяса Foodatlas ZSJ-80,1006891,RUB,Нет,Foodatlas,Профоборудование,Мясоперерабатывающее,Массажеры и маринаторы,https://entero.ru/item/378520,"<p>Инъектор <b class=""b""><a style=""text-decoration:none;cursor:text;"" href=""http://entero.ru/item/378520"">Foodatlas ZSJ-80</a></b> используется на предприятиях мясоперерабатывающей промышленности, общественного питания и торговли для предварительного посола предназначенного для маринования или консервирования сырья такого как мясо, птица, рыба и различные деликатесы. Принцип работы:насос подает отфильтрованный рассол или маринад из встроенного бака через регулировочный и запорный клапан в короб с иглами, иглы втыкают в мясо, происходит шприцевание, и состав равномерно распределяется внутри продукта, запорный клапан контролирует подачу раствора, а остатки рассола фильтруются и возвращаются обратно в бак. Корпус и иглы выполнены из нержавеющей стали, упаковка – фанерный ящик.</p>

<p><b>Особенности:</b></p>

<ul>
<li>Простое управление благодаря интуитивно понятному интерфейсу</li>
<li>Кнопка аварийной остановки</li>
<li>Устройства защиты персонала</li>
<li>Ременный тип привода</li>
<li>Климатическое исполнение по ГОСТ 15150-69: УХЛ 4.2.</li>
<li>Надежность и безопасность жксплуатации</li>
<li>Эргономичный дизайн</li>
</ul>

<p><b>Дополнительные характеристики:</b></p>

<ul>
<li>Расчетная производительность: от 500 до 700 кг/ч</li>
<li>Количество игл: 80</li>
<li>Максимальный ход иглы: 150 мм</li>
<li>Диаметр иглы: 4 мм</li>
<li>Ширина конвейерной ленты: 485 мм</li>
</ul>",378520,380 В,4.8 кВт,1320 мм,1180 мм,1750 мм,400 кг,1,1360x1220x1850 мм,0,https://entero.ru/manuals/523437/%D0%98%D0%BD%D1%81%D1%82%D1%80%D1%83%D0%BA%D1%86%D0%B8%D1%8F%20%D0%BD%D0%B0%20Foodatlas%20ZSJ-80.pdf,,,,Россия,Китай,,,,
https://cdn.entero.ru/mp@2x/d2/57/d25774ebf76771e64140766dfb9657fd.jpg,Массажер вакуумный Hualian GRZK1000,Массажер вакуумный Hualian GRZK1000,1567639,RUB,Нет,Hualian,Профоборудование,Мясоперерабатывающее,Массажеры и маринаторы,https://entero.ru/item/295602,"<p>Вакуумный массажер <a style=""text-decoration:none;cursor:text;"" href=""http://entero.ru/item/295602""><b class=""b"">Hualian GRZK1000 </b></a>используется на предприятиях общественного питания и торговли для массирования мяса, рыбы или птицы в процессе маринования и посола, а также при приготовлении различных полуфабрикатов - шашлыков, стейков, ребрышек, крылышек и различных наборов для гриля из мяса и птицы. Модель оснащена современным электронным управлением на базе PLC-контроллера. Изделие выполнено из высококачественной пищевой нержавеющей стали.</p>

<p><b>Особенности:</b></p>

<ul>
<li>Наличие функции вакуумизации позволяет массировать продукты в вакууме или с чередованием вакуумной и атмосферной среды</li>
<li>Массирование свежего мяса для его размягчения и улучшения вкусовых свойств</li>
<li>Маринование и посол (сухой и в рассоле) мясных полуфабрикатов и деликатесов перед копчением и вялением​</li>
<li>Бережное массирование сырья за счет особой формы ребер, расположенных внутри барабана </li>
<li>Индивидуальный режим перемешивания для конкретного продукта</li>
<li>В памяти контроллера можно сохранить до 100 программ</li>
<li>Быстрая и тщательная (без остатков) выгрузка сырья за счет реверсивного вращения барабана </li>
<li>Увеличенный диаметр загрузочного люка делает более удобной загрузку и выгрузку всех компонентов </li>
<li>Простота санитарно-гигиенического обслуживания</li>
<li>Надежность и долговечность</li>
</ul>

<p><b>Дополнительные характеристики:</b></p>

<ul>
<li>Производительность вакуумного насоса: 40 м<sup>3</sup>/ч</li>
<li>Степень вакуума: 0,09 мПа </li>
<li>Мощность насоса: 1,5 кВт</li>
</ul>

<p><b>Опции (заказываются отдельно):</b></p>

<ul>
<li>Частотный преобразователь для плавной регулировки оборотов вращения бункера </li>
</ul>",295602,380 В,3 кВт,2190 мм,1300 мм,1720 мм,900 кг,1,2650x1350x2000 мм,0,,1703955,,805 кг,,Китай,от 400 до 600 кг,Да,1000,6 об/мин.
https://cdn.entero.ru/mp@2x/6b/37/6b37a5fc77738fa015cbf5018ed62861.jpg,Массажер вакуумный Hualian GRZK1600,Массажер вакуумный Hualian GRZK1600,1789959,RUB,Нет,Hualian,Профоборудование,Мясоперерабатывающее,Массажеры и маринаторы,https://entero.ru/item/295605,"<p>Вакуумный массажер <a style=""text-decoration:none;cursor:text;"" href=""http://entero.ru/item/295605""><b class=""b"">Hualian GRZK1600 </b></a>используется на предприятиях общественного питания и торговли для массирования мяса, рыбы или птицы в процессе маринования и посола, а также при приготовлении различных полуфабрикатов - шашлыков, стейков, ребрышек, крылышек и различных наборов для гриля. Модель оснащена современным электронным управлением на базе PLC-контроллера. Изделие выполнено из высококачественной пищевой нержавеющей стали.</p>

<p><b>Особенности:</b></p>

<ul>
<li>Наличие функции вакуумизации позволяет массировать продукты в вакууме или с чередованием вакуумной и атмосферной среды</li>
<li>Массирование свежего мяса для его размягчения и улучшения вкусовых свойств</li>
<li>Маринование и посол (сухой и в рассоле) мясных полуфабрикатов и деликатесов перед копчением и вялением​</li>
<li>Бережное массирование сырья за счет особой формы ребер, расположенных внутри барабана </li>
<li>Индивидуальный режим перемешивания для конкретного продукта</li>
<li>В памяти контроллера можно сохранить до 100 программ</li>
<li>Быстрая и тщательная (без остатков) выгрузка сырья за счет реверсивного вращения барабана </li>
<li>Увеличенный диаметр загрузочного люка делает более удобной загрузку и выгрузку всех компонентов </li>
<li>Простота санитарно-гигиенического обслуживания</li>
<li>Надежность и долговечность</li>
</ul>

<p><b>Дополнительные характеристики:</b></p>

<ul>
<li>Производительность вакуумного насоса: 63 м<sup>3</sup>/ч</li>
<li>Степень вакуума: 0,09 мПа </li>
<li>Мощность насоса: 2,2 кВт</li>
</ul>

<p><b>Опции (заказываются отдельно):</b></p>

<ul>
<li>Частотный преобразователь для плавной регулировки оборотов вращения бункера </li>
</ul>",295605,380 В,5.5 кВт,2225 мм,1500 мм,1940 мм,1275 кг,1,2850x1500x2150 мм,0,,,,1020 кг,,Китай,от 800 до 1000 кг,Да,1600,12 об/мин.
https://cdn.entero.ru/mp@2x/a6/4d/a64d04982e6c511c152e2637df3b6b2b.jpg,Массажер вакуумный Hualian GRZK1600 (тач скрин),Массажер вакуумный Hualian GRZK1600 (тач скрин),2065540,RUB,Нет,Hualian,Профоборудование,Мясоперерабатывающее,Массажеры и маринаторы,https://entero.ru/item/295516,"<p>Вакуумный массажер <a style=""text-decoration:none;cursor:text;"" href=""http://entero.ru/item/295516""><b class=""b"">Hualian GRZK1600 ​</b></a>используется на предприятиях общественного питания и торговли для массирования мяса, рыбы или птицы в процессе маринования и посола. Модель оснащена современным PLC-контроллером, регулируемой скоростью вращения барабана и сенсорной панелью управления. Массажер выполнен из высококачественной пищевой нержавеющей стали. </p>

<p><b>Особенности:</b></p>

<ul>
<li>Плавная регулировка скорости</li>
<li>Может использоваться для сухого и влажного посола, маринования, выдержки и подвяливания</li>
<li>Бережное массирование сырья за счет особой формы ребер, расположенных внутри барабана </li>
<li>Широкие возможности для настроек режимов массирования (время, скорость и направление вращения барабана, интервалы остановки, последовательность чередования вакуумной и атмосферной сред, степень вакуумизации)</li>
<li>В памяти контроллера можно сохранить до 100 программ</li>
<li>Наклонная форма барабана с реверсивным вращением</li>
<li>Быстрая и тщательная (без остатков) выгрузка сырья за счет реверсивного вращения барабана </li>
<li>Увеличенный загрузочный люк для упрощения загрузки</li>
<li>Простота санитарно-гигиенического обслуживания</li>
<li>Надежность и долговечность</li>
</ul>

<p><b>Дополнительные характеристики:</b></p>

<ul>
<li>Производительность вакуумного насоса: 63 м<sup>3</sup>/ч</li>
<li>Степень вакуума: 0,08 мПа </li>
<li>Мощность насоса: 2,2 кВт</li>
</ul>",295516,380 В,5.5 кВт,2225 мм,1500 мм,1940 мм,1275 кг,1,2850x1500x2150 мм,0,,2197383,,1020 кг,,Китай,от 800 до 1000 кг,Да,1600,от 4 до 12 об/мин.
https://cdn.entero.ru/mp@2x/4d/be/4dbeb6184ab96600247ea831908f0c4f.jpg,Инъектор Hualian ZS-88,Инъектор Hualian ZS-88,2166163,RUB,Нет,Hualian,Профоборудование,Мясоперерабатывающее,Массажеры и маринаторы,https://entero.ru/item/296099,"<p>Инъектор <b class=""b""><a style=""text-decoration:none;cursor:text;"" href=""http://entero.ru/item/296099"">Hualian ZS-88</a> </b>предназначен для посола костного и бескостного мяса: говядины, свинины, баранины, конины, оленины, а также мяса птицы и рыбы на предприятиях общественного питания и торговли. Модель оснащена механической панелью управления. Оборудование выполнено из пищевой нержавеющей стали.​</p>

<p><b>Особенности:</b></p>

<ul>
<li>Посол производится через независимо перемещаемые в вертикальной плоскости иглы</li>
<li>Конвейер высокой точности обеспечивает максимально точное позиционирование инъектируемых кусков сырья различных размеров</li>
<li>Панель управления вынесена в отдельный блок</li>
<li>Четырехступенчатый фильтр очистки</li>
<li>Специальная система самозащиты игл</li>
<li>Регулируемое давление впрыска</li>
<li>Стабилизатор давления </li>
<li>Конвейерная лента легко снимается для мойки и санитарно-гигиенической обработки </li>
</ul>

<p><b>Дополнительные характеристики:</b></p>

<ul>
<li>Количество игл: 88</li>
<li>Скорость инъекции: 48 / 32 раз/мин. </li>
<li>Расчетная производительность: 3000 кг/час</li>
<li>Диаметр иглы: 4 мм (устанавливается 1 комплект) </li>
<li>Ход иглы: 200 мм</li>
<li>Ширина инъекции: 565 мм</li>
</ul>

<p><b>Опции (заказываются отдельно):</b></p>

<ul>
<li>Дополнительные комплекты игл под различное сырье</li>
</ul>",296099,380 В,8 кВт,1700 мм,1200 мм,2030 мм,850 кг,1,1900x1400x2400 мм,0,,2304429,,730 кг,,Китай,,,,
https://cdn.entero.ru/mp@2x/2f/77/2f77965dc8bc30bc9378dc4f1d043d38.jpg,Массажер вакуумный Hualian GRZK2500 (тач скрин),Массажер вакуумный Hualian GRZK2500 (тач скрин),2608936,RUB,Нет,Hualian,Профоборудование,Мясоперерабатывающее,Массажеры и маринаторы,https://entero.ru/item/295620,"<p>Вакуумный массажер <a style=""text-decoration:none;cursor:text;"" href=""http://entero.ru/item/295620""><b class=""b"">Hualian GRZK2500 ​</b></a>используется на предприятиях общественного питания и торговли для сухого и влажного посола, маринования, выдержки и подвяливания мяса, рыбы или птицы. Модель оснащена современным PLC-контроллером, регулируемой скоростью вращения барабана и сенсорной панелью управления. Массажер выполнен из высококачественной пищевой нержавеющей стали SUS304. </p>

<p><b>Особенности:</b></p>

<ul>
<li>Плавная регулировка скорости</li>
<li>Разрыхление морфологической структуры сырья - улучшает структурно-механические свойства мяса, делая его более мягким и нежным</li>
<li>Повышение проницаемости мембран - ускоряет процесс проникновения посолочных веществ в глубокие слои тканей</li>
<li>Активизация тканевых ферментов - ускоряет процессы созревания сырья и сокращает время изготовления сушеных и вяленых мясных деликатесов</li>
<li>Вакуумная среда обеспечивает лучшую сохранность сырья, замедляя процессы окисления и размножения патогенных микроорганизмов</li>
<li>Бережное массирование сырья за счет особой формы ребер, расположенных внутри барабана </li>
<li>Широкие возможности для настроек режимов массирования (время, скорость и направление вращения барабана, интервалы остановки, последовательность чередования вакуумной и атмосферной сред, степень вакуумизации)</li>
<li>В памяти контроллера можно сохранить до 100 программ</li>
<li>Быстрая и тщательная (без остатков) выгрузка сырья за счет реверсивного вращения барабана </li>
<li>Увеличенный загрузочный люк для упрощения загрузки</li>
<li>Простота санитарно-гигиенического обслуживания</li>
<li>Надежность и долговечность</li>
</ul>

<p><b>Дополнительные характеристики:</b></p>

<ul>
<li>Производительность вакуумного насоса: 160 м<sup>3</sup>/ч</li>
<li>Степень вакуума: 0,08 мПа </li>
<li>Мощность насоса: 4 кВт</li>
</ul>",295620,380 В,9.5 кВт,2695 мм,1745 мм,2130 мм,1750 кг,1,2900x1950x2400 мм,0,,,,1598 кг,,Китай,от 1200 до 1400 кг,Да,2500,от 3 до 12 об/мин.
https://cdn.entero.ru/mp@2x/b7/ce/b7ce05eded846eba33c35691ae017f28.jpg,Массажер вакуумный Hualian GRZK3500 (тач скрин),Массажер вакуумный Hualian GRZK3500 (тач скрин),2989540,RUB,Нет,Hualian,Профоборудование,Мясоперерабатывающее,Массажеры и маринаторы,https://entero.ru/item/295646,"<p>Вакуумный массажер <a style=""text-decoration:none;cursor:text;"" href=""http://entero.ru/item/295646""><b class=""b"">Hualian GRZK3500 ​</b></a>используется на предприятиях общественного питания и торговли для сухого и влажного посола, маринования, выдержки и подвяливания мяса, рыбы или птицы. Модель оснащена современным PLC-контроллером, регулируемой скоростью вращения барабана и сенсорной панелью управления. Массажер выполнен из высококачественной пищевой нержавеющей стали SUS304. </p>

<p><b>Особенности:</b></p>

<ul>
<li>Плавная регулировка скорости</li>
<li>Разрыхление морфологической структуры сырья - улучшает структурно-механические свойства мяса, делая его более мягким и нежным</li>
<li>Повышение проницаемости мембран - ускоряет процесс проникновения посолочных веществ в глубокие слои тканей</li>
<li>Активизация тканевых ферментов - ускоряет процессы созревания сырья и сокращает время изготовления сушеных и вяленых мясных деликатесов</li>
<li>Вакуумная среда обеспечивает лучшую сохранность сырья, замедляя процессы окисления и размножения патогенных микроорганизмов</li>
<li>Бережное массирование сырья за счет особой формы ребер, расположенных внутри барабана </li>
<li>Широкие возможности для настроек режимов массирования (время, скорость и направление вращения барабана, интервалы остановки, последовательность чередования вакуумной и атмосферной сред, степень вакуумизации)</li>
<li>В памяти контроллера можно сохранить до 100 программ</li>
<li>Быстрая и тщательная (без остатков) выгрузка сырья за счет реверсивного вращения барабана </li>
<li>Увеличенный загрузочный люк для упрощения загрузки</li>
<li>Простота санитарно-гигиенического обслуживания</li>
<li>Надежность и долговечность</li>
</ul>

<p><b>Дополнительные характеристики:</b></p>

<ul>
<li>Производительность вакуумного насоса: 160 м<sup>3</sup>/ч</li>
<li>Степень вакуума: 0,08 мПа </li>
<li>Мощность насоса: 4 кВт</li>
</ul>",295646,380 В,11.5 кВт,2750 мм,1945 мм,2300 мм,1900 кг,1,2950x2150x2550 мм,0,,3146884,,1794 кг,,Китай,от 1600 до 1800 кг,,3500,от 3 до 12 об/мин.
https://cdn.entero.ru/mp@2x/96/b9/96b94152ca997fae029af5d18c5dd985.jpg,Инъектор Hualian ZS-108II,Инъектор Hualian ZS-108II,3559664,RUB,Нет,Hualian,Профоборудование,Мясоперерабатывающее,Массажеры и маринаторы,https://entero.ru/item/296105,"<p>Инъектор <b class=""b""><a style=""text-decoration:none;cursor:text;"" href=""http://entero.ru/item/296105"">Hualian ZS-108II</a> </b>предназначен для посола костного и бескостного мяса: говядины, свинины, баранины, конины, оленины, а также мяса птицы и рыбы на предприятиях общественного питания и торговли. Модель оснащена эффективной системой фильтрации рассола и механической панелью управления. Оборудование выполнено из пищевой нержавеющей стали SUS304.​</p>

<p><b>Особенности:</b></p>

<ul>
<li>Посол производится через независимо перемещаемые в вертикальной плоскости иглы</li>
<li>Современный конвейер с высокой точностью позиционирования сырья </li>
<li>Панель управления вынесена в отдельный блок</li>
<li>Регулируемая интенсивность и скорость инъектирования</li>
<li>Подача рассола осуществляется не на иглы, а на регистр</li>
<li>Четырехступенчатый фильтр очистки</li>
<li>Специальная система самозащиты игл</li>
<li>Регулируемое давление впрыска</li>
<li>Автоматическая стабилизация давления</li>
<li>Конвейерная лента легко снимается для мойки и санитарно-гигиенической обработки </li>
</ul>

<p><b>Дополнительные характеристики:</b></p>

<ul>
<li>Количество игл: 108</li>
<li>Скорость инъекции: 48 / 32 раз/мин. </li>
<li>Расчетная производительность: 3000 кг/час</li>
<li>Диаметр иглы: 2 / 3 / 4 мм (устанавливается 1 комплект) </li>
<li>Ход иглы: 200 мм</li>
<li>Ширина инъекции: 425 мм</li>
</ul>

<p><b>Опции (заказываются отдельно):</b></p>

<ul>
<li>Дополнительные комплекты игл под различное сырье</li>
</ul>",296105,380 В,8.5 кВт,2480 мм,1395 мм,2300 мм,1600 кг,1,2700x1600x2600 мм,0,,,,1400 кг,,Китай,,,,
https://cdn.entero.ru/mp@2x/a7/04/a704bbd5e53ac559b90d2eb922758b7d.jpg,Массажер вакуумный Hualian GRZK6000 (тач скрин),Массажер вакуумный Hualian GRZK6000 (тач скрин),3977160,RUB,Нет,Hualian,Профоборудование,Мясоперерабатывающее,Массажеры и маринаторы,https://entero.ru/item/295651,"<p>Вакуумный массажер <a style=""text-decoration:none;cursor:text;"" href=""http://entero.ru/item/295651""><b class=""b"">Hualian GRZK6000 ​</b></a>используется на мясокомбинатах и крупных мясоперерабатывающих производствах для сухого и влажного посола, маринования, выдержки и подвяливания мяса, рыбы или птицы. Модель оснащена современным PLC-контроллером, регулируемой скоростью вращения барабана и сенсорной панелью управления. Массажер выполнен из высококачественной пищевой нержавеющей стали SUS304.</p>

<p><b>Особенности:</b></p>

<ul>
<li>Плавная регулировка скорости</li>
<li>Разрыхление морфологической структуры сырья - улучшает структурно-механические свойства мяса, делая его более мягким и нежным</li>
<li>Повышение проницаемости мембран - ускоряет процесс проникновения посолочных веществ в глубокие слои тканей</li>
<li>Активизация тканевых ферментов - ускоряет процессы созревания сырья и сокращает время изготовления сушеных и вяленых мясных деликатесов</li>
<li>Вакуумная среда обеспечивает лучшую сохранность сырья, замедляя процессы окисления и размножения патогенных микроорганизмов</li>
<li>Бережное массирование сырья за счет особой формы ребер, расположенных внутри барабана </li>
<li>Широкие возможности для настроек режимов массирования (время, скорость и направление вращения барабана, интервалы остановки, последовательность чередования вакуумной и атмосферной сред, степень вакуумизации)</li>
<li>В памяти контроллера можно сохранить до 100 программ</li>
<li>Быстрая и тщательная (без остатков) выгрузка сырья за счет реверсивного вращения барабана </li>
<li>Увеличенный загрузочный люк для упрощения загрузки</li>
<li>Простота санитарно-гигиенического обслуживания</li>
<li>Надежность и долговечность</li>
</ul>

<p><b>Дополнительные характеристики:</b></p>

<ul>
<li>Производительность вакуумного насоса: 490 м<sup>3</sup>/ч</li>
<li>Степень вакуума: 0,08 мПа </li>
<li>Мощность насоса: 15 кВт</li>
</ul>",295651,380 В,26 кВт,4500 мм,1700 мм,2300 мм,2800 кг,1,4700x1900x2600 мм,0,,,,2500 кг,,Китай,от 3000 до 3500 кг,Да,6000,от 4 до 8 об/мин.
https://cdn.entero.ru/mp@2x/7c/bb/7cbbe68176de16be06c40ba557619036.jpg,Инъектор Hualian ZSF-88,Инъектор Hualian ZSF-88,4760448,RUB,Нет,Hualian,Профоборудование,Мясоперерабатывающее,Массажеры и маринаторы,https://entero.ru/item/296102,"<p>Инъектор <b class=""b""><a style=""text-decoration:none;cursor:text;"" href=""http://entero.ru/item/296102"">Hualian ZSF-88</a> </b>предназначен для посола костного и бескостного мяса: говядины, свинины, баранины, конины, оленины, а также мяса птицы и рыбы на предприятиях общественного питания и торговли. Модель оснащена механической панелью управления и высококачественным насосом. Оборудование выполнено из пищевой нержавеющей стали SUS304.​</p>

<p><b>Особенности:</b></p>

<ul>
<li>Возможность наполнения сырья разогретым жиром вместо рассола</li>
<li>Уникальная технология позволяет получить красивое мясо (в основном актуально для красного мяса) с прожилками жира</li>
<li>Посол производится через независимо перемещаемые в вертикальной плоскости иглы</li>
<li>Конвейер высокой точности обеспечивает максимально точное позиционирование инъектируемых кусков сырья различных размеров</li>
<li>Панель управления вынесена в отдельный блок</li>
<li>Четырехступенчатый фильтр очистки</li>
<li>Специальная система самозащиты игл</li>
<li>Регулируемое давление впрыска</li>
<li>Стабилизатор давления </li>
<li>Конвейерная лента легко снимается для мойки и санитарно-гигиенической обработки </li>
</ul>

<p><b>Дополнительные характеристики:</b></p>

<ul>
<li>Количество игл: 88</li>
<li>Скорость инъекции: 48 / 32 раз/мин. </li>
<li>Расчетная производительность: 3000 кг/час</li>
<li>Диаметр иглы: 4 мм (устанавливается 1 комплект) </li>
<li>Ход иглы: 200 мм</li>
<li>Ширина инъекции: 565 мм</li>
</ul>

<p><b>Опции (заказываются отдельно):</b></p>

<ul>
<li>Дополнительные комплекты игл под различное сырье</li>
</ul>",296102,380 В,12 кВт,1800 мм,1900 мм,2050 мм,1300 кг,1,2000x2100x2400 мм,0,,4958800,,1054 кг,,Китай,,,,
