Изображения,Название,Артикул,Цена,Валюта,Наличие,Бренд,Категория,Подкатегория,Раздел,URL,Описание,Код товара,Напряжение,Мощность,Ширина,Глубина,Высота,Вес,Количество мест,Размеры,Остаток,Файлы,Старая цена,Видео,Вес (без упаковки),Страна-производитель,Производительность,Скорость вращения,Объем контейнера
https://cdn.entero.ru/mp@2x/49/0e/490ec765053a767a7189522729ce0dc8.jpg;https://cdn.entero.ru/mp@2x/4a/97/4a977d2a49288eaf6a226a9b824d1678.jpg;https://cdn.entero.ru/mp@2x/c0/5d/c05d7538ba6b791ff9a46a1818532f10.jpg,Гомогенизатор Taurus Rowzer Plus,Гомогенизатор Taurus Rowzer Plus,394832,RUB,Да,Taurus,Профоборудование,Молекулярная кухня,Гомогенизаторы,https://entero.ru/item/120997,"<p>Гомогенизатор<b class=""b""> <a style=""text-decoration:none;cursor:text;"" href=""http://entero.ru/item/120997"">Taurus Rowzer Plus</a> </b>предназначен для приготовления мороженого и сорбетов из замороженных продуктов, взбивания мусов, паст, пюре и кремов на предприятиях общественного питания и торговли. Модель оснащена голубым LCD-дисплеем с управлением на 7 языках, ножом и мощной воздушной помпой для достижения идеальной кремообразной текстуры десертов.</p>

<p>В комплект поставки входит кувшин.</p>

<p><b>Особенности: </b></p>

<ul>
<li>Количество порций регулируется от 1 до 10</li>
<li>2 мотора:
<ul>
<li>бесщеточный главный двигатель для мощного, быстрого и тихого перемешивания</li>
<li>мощный и точный вспомогательный двигатель для плавного опускания и подъема лезвий</li>
</ul>
</li>
<li>Воздушный двигатель из активированного угля легко заменяется</li>
<li>Возможность приготовления мороженого и сорбетов при нужной температуре</li>
<li>Усовершенствованный дизайн лезвий</li>
<li>Съемная подставка под кувшин для легкой очистки</li>
<li>Акустический сигнал</li>
<li>Программа очистки мешалки</li>
<li>Можно работать с замороженными продуктами без разморозки</li>
<li>Порционная работа = минимальные отходы</li>
<li>Цена в 2 раза ниже европейских аналогов</li>
<li>Компактный корпус и интуитивное управление</li>
</ul>

<p><b>Дополнительные характеристики:</b></p>

<ul>
<li>Максимальное наполнение: 0,8 л</li>
<li>Температура приготовления для замороженных продуктов: от -20 до -22 °C</li>
<li>Давление воздушной помпы: 1 бар</li>
</ul>

<p><b>Опции (заказываются отдельно):</b></p>

<ul>
<li>Пластиковый держатель для контейнера</li>
<li>Набор из 2 стаканов из нержавеющей стали</li>
<li>Нож</li>
<li>Крышка</li>
<li>Поднос</li>
</ul>",120997,220 В,1 кВт,190 мм,335 мм,475 мм,,,,0,https://entero.ru/manuals/125627/%D0%91%D1%80%D0%BE%D1%88%D1%8E%D1%80%D0%B0%20%D0%BD%D0%B0%20Taurus%20Rowzer%20Plus%20%28%D0%B0%D0%BD%D0%B3%D0%BB.%29.pdf;https://entero.ru/manuals/125621/%D0%98%D0%BD%D1%81%D1%82%D1%80%D1%83%D0%BA%D1%86%D0%B8%D1%8F%20%D0%BD%D0%B0%20Taurus%20Rowzer%20Plus%20%28%D0%B0%D0%BD%D0%B3%D0%BB.%29.pdf;https://entero.ru/manuals/125585/%D0%9A%D0%BD%D0%B8%D0%B3%D0%B0%20%D1%80%D0%B5%D1%86%D0%B5%D0%BF%D1%82%D0%BE%D0%B2%20%28%D0%B0%D0%BD%D0%B3%D0%BB.%29.pdf,429165,https://vk.com/video_ext.php?oid=-177656185&id=456240339&hd=2&autoplay=0;https://vk.com/video_ext.php?oid=-177656185&id=456239586&hd=2&autoplay=0,18 кг,,,2000 об/мин.,1 л
https://cdn.entero.ru/mp@2x/43/6c/436cfc03adc25e55f2fc9c3e3b32a25d.jpg,Гомогенизатор HotmixPRO Easy Giaz,HMEASYGZ,828990,RUB,Да,HotmixPRO,Профоборудование,Молекулярная кухня,Гомогенизаторы,https://entero.ru/item/233794,"<p>Гомогенизатор<a style=""text-decoration:none;cursor:text;"" href=""http://entero.ru/item/233794""><b class=""b""> HotmixPRO Easy Giaz </b></a>предназначен для быстрого приготовления сорбетов, мороженого, охлажденных кремов и муссов на предприятиях общественного питания и торговли. Модель оснащена сенсорной панелью управления, коническим режущим лезвием и отделенным от него эмульсионным лезвием.</p>

<p>В комплект поставки входят 2 стальных стакана объемом 1,3 л и крышки к ним.</p>

<p><b>Особенности:</b></p>

<ul>
<li>6 скоростей пробивки для создания требуемой текстуры</li>
<li>3 скорости вращения ножа для выбора лучшей консистенции и температуры замороженного продукта, а также требуемого размера нарезки продукта</li>
<li>Возможность запрограммировать от 1 до 10 повторов пробивки </li>
<li>3 режима подачи воздуха: давление 1,8 бар, подача воздуха, без подачи воздуха</li>
<li>Бесшумная работа благодаря специальной конструкции лезвий</li>
<li>Подключение к Wi-Fi</li>
</ul>

<p><b>Характеристики:</b></p>

<ul>
<li>Скорость вращения ножа: 1000 / 1500 / 2500 об/мин.</li>
<li>Рабочая емкость стакана: 0,8 л</li>
<li>Время пробивки 10 порций по 80 гр: 60 сек.</li>
</ul>",233794,220 В,1.8 кВт,216 мм,400 мм,544 мм,,,,0,https://entero.ru/manuals/280462/%D0%91%D1%80%D0%BE%D1%88%D1%8E%D1%80%D0%B0%20%D0%BD%D0%B0%20HotmixPRO%20Easy%20Giaz.pdf;https://entero.ru/manuals/280463/%D0%9A%D0%B0%D1%82%D0%B0%D0%BB%D0%BE%D0%B3%20HotmixPRO%28%D0%B0%D0%BD%D0%B3%D0%BB.%29.pdf;https://entero.ru/manuals/364719/%D0%9A%D0%BD%D0%B8%D0%B3%D0%B0%20%D1%80%D0%B5%D1%86%D0%B5%D0%BF%D1%82%D0%BE%D0%B2%20%D0%B4%D0%BB%D1%8F%20HotmixPRO%20Easy%20Giaz.pdf;https://entero.ru/manuals/396133/%D0%9F%D1%80%D0%B0%D0%B2%D0%B8%D0%BB%D0%B0%20%D1%80%D0%B0%D0%B1%D0%BE%D1%82%D1%8B%20%D1%81%20%D0%B3%D0%BE%D0%BC%D0%BE%D0%B3%D0%B5%D0%BD%D0%B8%D0%B7%D0%B0%D1%82%D0%BE%D1%80%D0%B0%D0%BC%D0%B8.pdf,,https://vk.com/video_ext.php?oid=-177656185&id=456239359&hd=2&autoplay=0,23 кг,Италия,,от 1000 до 2500 об/мин.,1.3 л
https://cdn.entero.ru/mp@2x/da/4a/da4ab80873f4a3252a79faf80163c521.jpg;https://cdn.entero.ru/mp@2x/9c/93/9c9368943b01a259dfde27bf6afd6e37.jpg;https://cdn.entero.ru/mp@2x/84/fc/84fc2c63017598d6eea8a36ce5b9c30b.jpg;https://cdn.entero.ru/mp@2x/3c/a1/3ca11a51a84cde464bf1f98cc6cc8c52.jpg;https://cdn.entero.ru/mp@2x/2b/7e/2b7ed078f07df2e7421697c426ddf7f3.jpg,Гомогенизатор Pacojet 4,Гомогенизатор Pacojet 4,839200,RUB,Да,Pacojet,Профоборудование,Молекулярная кухня,Гомогенизаторы,https://entero.ru/item/260004,"<p>Гомогенизатор<b class=""b""> <a style=""text-decoration:none;cursor:text;"" href=""http://entero.ru/item/260004"">Pacojet 4</a></b> предназначен для быстрого измельчения свежих и замороженных продуктов питания, приготовления пюре, муссов, паштетов, смешивания ингредиентов на предприятиях общественного питания и торговли. Прибор позволяет обрабатывать глубоко замороженные продукты с помощью пакотирования, получая при этом воздушную массу с сохранением питательных веществ, с естественным вкусом и цветом. Модель оснащена большим сенсорным экраном с анимированной функцией помощи и высокоточным прочным лезвием.</p>

<p><b>Комплектация:</b></p>

<ul>
<li>Синтетический защитный наружный стакан</li>
<li>Защитная крышка от распыления</li>
<li>Режущий нож</li>
<li>Крышка для пластикового стакана</li>
<li>Пластиковый стакан</li>
</ul>

<p><b>Особенности:</b></p>

<ul>
<li>Программируемая функция автоматического повтора цикла (до 10 раз)</li>
<li>Программа Jet: сокращение стандартного времени гомогенизации с 4 минут до 90 сек для продуктов с высоким содержанием сахара и жира, таких как мороженое</li>
<li>Пользовательский интерфейс для работы на профессиональной кухне</li>
<li>Автоматическая разгерметизация: сброс давления во время работы с защитой от переполнения</li>
<li>4 настраиваемых режима работы: пакотизация, резка/измельчение, перемешивание и мойка аппарата</li>
<li>Возможность обработки замороженных продуктов без предварительного размораживания</li>
<li>Настройка порций в зависимости от области применения: одновременная обработка целых стаканов или отдельных микропорций</li>
<li>Сохранение всех полезных свойств продуктов</li>
</ul>

<p><b>Дополнительные характеристики:</b></p>

<ul>
<li>Максимальное заполнение стакана: 0,8 л (10 порций)</li>
<li>Температура пакотизации замороженных продуктов: до -20 °C</li>
<li>Габариты в упаковке: 300х460х600 мм</li>
</ul>",260004,220 В,1.5 кВт,204 мм,365 мм,497 мм,25 кг,1,300x460x600 мм,0,https://entero.ru/manuals/445985/%D0%98%D0%BD%D1%81%D1%82%D1%80%D1%83%D0%BA%D1%86%D0%B8%D1%8F%20%D0%BD%D0%B0%20Pacojet%204.pdf;https://entero.ru/manuals/445986/%D0%91%D1%80%D0%BE%D1%88%D1%8E%D1%80%D0%B0%20%D0%BD%D0%B0%20Pacojet%204.pdf;https://entero.ru/manuals/446009/%D0%9F%D1%80%D0%B0%D0%B2%D0%B8%D0%BB%D0%B0%20%D1%80%D0%B0%D0%B1%D0%BE%D1%82%D1%8B%20%D1%81%20%D0%B3%D0%BE%D0%BC%D0%BE%D0%B3%D0%B5%D0%BD%D0%B8%D0%B7%D0%B0%D1%82%D0%BE%D1%80%D0%B0%D0%BC%D0%B8.pdf,,https://vk.com/video_ext.php?oid=-177656185&id=456239359&hd=2&autoplay=0,23 кг,Швейцария,,2000 об/мин.,1.2 л
https://cdn.entero.ru/mp@2x/a2/3a/a23a858c7b4f3a0dc727cd544b361218.jpg;https://cdn.entero.ru/mp@2x/a8/ec/a8ec9f9964bc40ac58dae5b5d3d41bab.jpg;https://cdn.entero.ru/mp@2x/0a/c6/0ac66e3359febdf810ae2927934d21b8.jpg;https://cdn.entero.ru/mp@2x/2e/34/2e3428e2d8acddc4d44fa86f84c9408e.jpg,Гомогенизатор Pacojet 2 PLUS,PJ02PLUS,641640,RUB,Да,Pacojet,Профоборудование,Молекулярная кухня,Гомогенизаторы,https://entero.ru/item/135449,"<p>Гомогенизатор<a style=""text-decoration:none;cursor:text;"" href=""http://entero.ru/item/135449""><b class=""b""> Pacojet 2</b></a> <a style=""text-decoration:none;cursor:text;"" href=""http://entero.ru/item/135449""><b class=""b"">PLUS</b></a> предназначен для измельчения продуктов питания, приготовления пюре, муссов, паштетов, смешивания ингредиентов на предприятиях общественного питания и торговли. Прибор позволяет обрабатывать глубоко замороженные продукты с помощью пакотирования, получая при этом воздушную массу с сохранением питательных веществ, с естественным вкусом и цветом.</p>

<p><b>Комплектация:</b></p>

<ul>
<li>2 контейнера из нержавеющей стали с крышками белого цвета</li>
<li>Нож с титаново-нитритным покрытием ""Gold""</li>
<li>Защитная резиновая крышка черного цвета</li>
<li>Внешний пластиковый защитный контейнер черного цвета</li>
<li>Резиновая вставка для ополаскивания зеленого цвета</li>
<li>Вставка для чистки с вращающимися щетками из пластика синего цвета</li>
<li>Резиновое уплотнительное кольцо к вставке для чистки синего цвета</li>
<li>Ложка из хромированной нержавеющей стали</li>
<li>Инструкция по эксплуатации</li>
<li>Книга рецептов</li>
</ul>

<p><b>Особенности:</b></p>

<ul>
<li>Цветной графический дисплей</li>
<li>Функция автоматического повтора позволяет автоматически запускать процесс до 9 раз подряд без сброса избыточного давления</li>
<li>Инновационная система фиксации механизма лезвия Gold-PLUS</li>
<li>Сенсорный экран с интуитивно понятными пиктограммами</li>
<li>Режим точного дозирования порций</li>
<li>4 калибруемых режима обработки: очистка, смешивание, пакотизация, резка</li>
<li>Обработка пищевых продуктов с избыточным давлением или без него</li>
<li>Предохранительная функция: автоматический контроль от переполнения содержимого контейнера, без оттаивания продукта</li>
<li>Сохранение персональных настроек для их последующего использования</li>
<li>Полный цикл очистки отображается на дисплее</li>
</ul>

<p><b>Дополнительные характеристики:</b></p>

<ul>
<li>Время приготовления:
<ul>
<li>Порция: 20 сек.</li>
<li>Целый контейнер (1 л): 4 мин.</li>
</ul>
</li>
<li>Размер контейнера: 130х130х135 мм</li>
<li>Максимальное заполнение: 0,8 л </li>
<li>Скорость двигателя: 6000 об/мин.</li>
<li>Оптимальная температура пакотирования: от -18 до -23 °С</li>
<li>Давление: 1 бар</li>
<li>Габариты в упаковке: 300х460х600 мм</li>
</ul>",135449,220 В,0.95 кВт,182 мм,360 мм,498 мм,19 кг,1,300x460x600 мм,0,https://entero.ru/manuals/157993/%D0%91%D1%80%D0%BE%D1%88%D1%8E%D1%80%D0%B0%20%D0%BD%D0%B0%20Pacojet%202%20PLUS.pdf;https://entero.ru/manuals/157871/%D0%91%D1%80%D0%BE%D1%88%D1%8E%D1%80%D0%B0%20%D0%BD%D0%B0%20Pacojet%202%20PLUS%20%28%D0%B0%D0%BD%D0%B3%D0%BB.%29.pdf;https://entero.ru/manuals/157868/%D0%98%D0%BD%D1%81%D1%82%D1%80%D1%83%D0%BA%D1%86%D0%B8%D1%8F%20%D0%BD%D0%B0%20Pacojet%202%20PLUS.pdf;https://entero.ru/manuals/157852/%D0%A0%D0%B0%D1%81%D1%87%D0%B5%D1%82%20%D0%BA%D0%BE%D0%BB%D0%B8%D1%87%D0%B5%D1%81%D1%82%D0%B2%D0%B0%20%D1%81%D1%82%D0%B0%D0%BA%D0%B0%D0%BD%D0%BE%D0%B2.jpg;https://entero.ru/manuals/157853/%D0%9E%D1%87%D0%B8%D1%81%D1%82%D0%BA%D0%B0%20%D0%B8%20%D1%83%D1%85%D0%BE%D0%B4.pdf;https://entero.ru/manuals/396138/%D0%9F%D1%80%D0%B0%D0%B2%D0%B8%D0%BB%D0%B0%20%D1%80%D0%B0%D0%B1%D0%BE%D1%82%D1%8B%20%D1%81%20%D0%B3%D0%BE%D0%BC%D0%BE%D0%B3%D0%B5%D0%BD%D0%B8%D0%B7%D0%B0%D1%82%D0%BE%D1%80%D0%B0%D0%BC%D0%B8.pdf,675411,https://vk.com/video_ext.php?oid=-177656185&id=456239359&hd=2&autoplay=0,16 кг,Швейцария,15 кг/час,2000 об/мин.,1.2 л
https://cdn.entero.ru/mp@2x/d5/c2/d5c23470bdcdf83c2d96c256cdaf9ef0.jpg,Гомогенизатор HotmixPRO Giaz,HMGIAZ,947600,RUB,Да,HotmixPRO,Профоборудование,Молекулярная кухня,Гомогенизаторы,https://entero.ru/item/233818,"<p>Гомогенизатор<a style=""text-decoration:none;cursor:text;"" href=""http://entero.ru/item/233818""><b class=""b""> HotmixPRO Giaz </b></a>предназначен для быстрого приготовления сорбетов, мороженого, охлажденных кремов и муссов на предприятиях общественного питания и торговли. Модель оснащена сенсорной панелью управления, коническим режущим лезвием и отделенным от него эмульсионным лезвием.</p>

<p>В комплект поставки входят 2 стальных стакана объемом 1,8 л и крышки к ним.</p>

<p><b>Особенности:</b></p>

<ul>
<li>8 скоростей пробивки для создания требуемой текстуры</li>
<li>12 скоростей вращения ножа для выбора лучшей консистенции и температуры замороженного продукта, а также требуемого размера нарезки продукта</li>
<li>Возможность запрограммировать от 1 до 10 повторов пробивки </li>
<li>3 режима подачи воздуха: давление 1,8 бар, подача воздуха, без подачи воздуха</li>
<li>Полный контроль и возможность работать дистанционно через приложение</li>
<li>Возможность использовать контейнеры повышенной емкости</li>
<li>Бесшумная работа благодаря специальной конструкции лезвий</li>
<li>Встроенная память для сохранения рецептов, информации о наличии и содержимом стаканов в морозильной камере, срока годности прод</li>
<li>Подключение к Wi-Fi</li>
</ul>

<p><b>Характеристики:</b></p>

<ul>
<li>Рабочая емкость стакана: 1,3 / 1,8 л</li>
<li>Время пробивки 10 порций по 80 гр: 38 сек.</li>
</ul>",233818,220 В,1.8 кВт,320 мм,420 мм,638 мм,,,,0,https://entero.ru/manuals/280484/%D0%91%D1%80%D0%BE%D1%88%D1%8E%D1%80%D0%B0%20%D0%BD%D0%B0%20HotmixPRO%20Giaz.pdf;https://entero.ru/manuals/280485/%D0%9A%D0%B0%D1%82%D0%B0%D0%BB%D0%BE%D0%B3%20HotmixPRO%28%D0%B0%D0%BD%D0%B3%D0%BB.%29.pdf;https://entero.ru/manuals/364718/%D0%9A%D0%BD%D0%B8%D0%B3%D0%B0%20%D1%80%D0%B5%D1%86%D0%B5%D0%BF%D1%82%D0%BE%D0%B2%20%D0%B4%D0%BB%D1%8F%20HotmixPRO%20Giaz.pdf;https://entero.ru/manuals/396134/%D0%9F%D1%80%D0%B0%D0%B2%D0%B8%D0%BB%D0%B0%20%D1%80%D0%B0%D0%B1%D0%BE%D1%82%D1%8B%20%D1%81%20%D0%B3%D0%BE%D0%BC%D0%BE%D0%B3%D0%B5%D0%BD%D0%B8%D0%B7%D0%B0%D1%82%D0%BE%D1%80%D0%B0%D0%BC%D0%B8.pdf,1008085,https://vk.com/video_ext.php?oid=-177656185&id=456239359&hd=2&autoplay=0,45 кг,Италия,,от 200 до 3500 об/мин.,1.8 л
https://cdn.entero.ru/mp@2x/44/6e/446e547bf91f1c8bd9e9bd6541abdc7c.jpg;https://cdn.entero.ru/mp@2x/cc/23/cc2398d1fed2e70ac6fe86a86d75f50c.jpg;https://cdn.entero.ru/mp@2x/73/f5/73f57d3b6bb79e23f2b1086eb3a67306.jpg;https://cdn.entero.ru/mp@2x/b7/cb/b7cb407243ae90fdbd89cd2b6d49db50.jpg,Гомогенизатор Taurus ROWZER PLUS 2,926020000,394832,RUB,Да,Taurus,Профоборудование,Молекулярная кухня,Гомогенизаторы,https://entero.ru/item/372131,"<p>Гомогенизатор<b class=""b""> <a style=""text-decoration:none;cursor:text;"" href=""http://entero.by/item/372131"">Taurus Rowzer Plus 2</a> </b>предназначен для приготовления мороженого и сорбетов из замороженных продуктов, взбивания мусов и кремов на предприятиях общественного питания и торговли. Модель оснащена голубым LCD-дисплеем с управлением на 7 языках, ножом и мощной воздушной помпой для достижения идеальной кремообразной текстуры десертов.</p>

<p>В комплект поставки входят 2 стакана + 2 пластиковые белые крышки.</p>

<p><b>Особенности: </b></p>

<ul>
<li>Количество порций регулируется от 1 до 10</li>
<li>Бесщеточный главный двигатель для более мощного, быстрого и тихого перемешивания</li>
<li>Вспомогательный двигатель для плавного опускания и подъема лезвий </li>
<li>Усовершенствованный дизайн лезвий</li>
<li>Съемная подставка под стакан для легкой очистки</li>
<li>Легкая замена воздушного фильтра</li>
<li>Низкий уровень шума</li>
</ul>

<p><b>Дополнительные характеристики:</b></p>

<ul>
<li>Максимальное наполнение: 0,8 л</li>
<li>Температура приготовления для замороженных продуктов: от -20 до -22 °C</li>
<li>Давление воздушной помпы: 1 бар</li>
</ul>

<p><b>Опции (заказываются отдельно):</b></p>

<ul>
<li>Пластиковый держатель для контейнера</li>
<li>Набор из 2 стаканов из нержавеющей стали</li>
<li>Нож</li>
<li>Крышка</li>
<li>Поднос</li>
</ul>",372131,220 В,1 кВт,190 мм,395 мм,475 мм,18 кг,1,500x420x600 мм,6,https://entero.ru/manuals/498227/%D0%91%D1%80%D0%BE%D1%88%D1%8E%D1%80%D0%B0%20%D0%BD%D0%B0%20Taurus%20Rowzer%20Plus%20%28%D0%B0%D0%BD%D0%B3%D0%BB.%29.pdf;https://entero.ru/manuals/498226/%D0%98%D0%BD%D1%81%D1%82%D1%80%D1%83%D0%BA%D1%86%D0%B8%D1%8F%20%D0%BD%D0%B0%20Taurus%20Rowzer%20Plus%20%28%D0%B0%D0%BD%D0%B3%D0%BB.%29.pdf;https://entero.ru/manuals/498225/%D0%9A%D0%BD%D0%B8%D0%B3%D0%B0%20%D1%80%D0%B5%D1%86%D0%B5%D0%BF%D1%82%D0%BE%D0%B2%20%28%D0%B0%D0%BD%D0%B3%D0%BB.%29.pdf,420034,https://vk.com/video_ext.php?oid=-177656185&id=456240339&hd=2&autoplay=0;https://vk.com/video_ext.php?oid=-177656185&id=456239586&hd=2&autoplay=0,,,,2000 об/мин.,1 л
https://entero.ru/i/nofoto-m.jpg,Нож Sirman для PACOJET PJET10156,Нож Sirman для PACOJET PJET10156,0,RUB,Нет,Sirman,Профоборудование,Молекулярная кухня,Гомогенизаторы,https://entero.ru/item/307781,,307781,,,,,,,,,0,,,,,,,,
https://cdn.entero.ru/mp@2x/49/f8/49f8831d0abbcdf4d2a1bf69bae9eb6e.jpg;https://cdn.entero.ru/mp@2x/9b/ff/9bff90a1dbb7d8e76535a924527e7b00.jpg;https://cdn.entero.ru/mp@2x/07/2e/072e6b2e182a12ca0ea6430d1fce196f.jpg,Гомогенизатор FRXSH Mousse Chef,Гомогенизатор FRXSH Mousse Chef,0,RUB,Нет,,Профоборудование,Молекулярная кухня,Гомогенизаторы,https://entero.ru/item/339612,"<p>Гомогенизатор<a style=""text-decoration:none;cursor:text;"" href=""http://entero.ru/item/339612""><b class=""b""> FRXSH Mousse Chef</b></a> предназначен для измельчения продуктов питания, приготовления пюре, воздушных муссов, рыбных и мясных паштетов, концентратов овощей и специй, паст, кремообразных начинок, соусов, готового жидкого теста, мороженого и сорбетов, а также для смешивания ингредиентов на предприятиях общественного питания и торговли. Модель оснащена сенсорным цветным дисплеем. Корпус выполнен из нержавеющей стали и алюминия.</p>

<p><b>Комплектация:</b></p>

<ul>
<li>2 стакана из хромированной стали с уплотнителем</li>
<li>Ополаскивающее кольцо</li>
<li>Чистящее уплотнение</li>
<li>Защита от брызг</li>
<li>Нож</li>
<li>Чистящая щетка</li>
</ul>

<p><b>Особенности:</b></p>

<ul>
<li>Муссирование замороженных продуктов с возможностью регулировки скорости</li>
<li>Взбивание и нарезка незамороженных продуктов</li>
<li>Регулировка интенсивности взбивания, нарезки или муссирования</li>
<li>Функция автоматического повтора до 9 раз</li>
<li>Выбор порций целиком и в 10 приемов</li>
<li>Обработка при нормальном или избыточном давлении</li>
<li>Функция памяти </li>
<li>3 программы очистки</li>
<li>Защита от переполнения чашек</li>
<li>Программируемые настройки для 5 рецептов</li>
<li>Режим ожидания</li>
<li>Высокая производительность и энергоэффективность</li>
<li>Компактные размеры</li>
<li>Простота очистки и обслуживания</li>
</ul>",339612,220 В,1 кВт,180 мм,310 мм,477 мм,,,,0,https://entero.ru/manuals/403085/%D0%98%D0%BD%D1%81%D1%82%D1%80%D1%83%D0%BA%D1%86%D0%B8%D1%8F%20%D0%BD%D0%B0%20FRXSH%20Mousse%20Chef.pdf;https://entero.ru/manuals/507899/%D0%94%D0%B5%D0%BA%D0%BB%D0%B0%D1%80%D0%B0%D1%86%D0%B8%D1%8F%20%D0%BE%20%D1%81%D0%BE%D0%BE%D1%82%D0%B2%D0%B5%D1%82%D1%81%D1%82%D0%B2%D0%B8%D0%B8.pdf,,https://vk.com/video_ext.php?oid=-177656185&id=456240912&hash=525081f25587ec7e;https://vk.com/video_ext.php?oid=-177656185&id=456240913&hash=500f022631cb77f3,14.25 кг,Швейцария,,,
https://cdn.entero.ru/mp@2x/05/d3/05d3f240fe8fa29912f3a97367b07ada.jpg;https://cdn.entero.ru/mp@2x/ab/1b/ab1b44b534ee93ba79e8ef6d7c450574.jpg,Гомогенизатор Pacojet 2,PJ02 / PACOJET II,0,RUB,Нет,Pacojet,Профоборудование,Молекулярная кухня,Гомогенизаторы,https://entero.ru/item/73463,"<p>Гомогенизатор<b class=""b""> <a style=""text-decoration:none;cursor:text;"" href=""http://entero.ru/item/73463"">Pacojet 2</a></b> предназначен для измельчения продуктов питания, приготовления пюре, муссов, паштетов, смешивания ингредиентов на предприятиях общественного питания и торговли. Прибор позволяет обрабатывать глубоко замороженные продукты с помощью пакотирования, получая при этом воздушную массу с сохранением питательных веществ, с естественным вкусом и цветом.</p>

<p><b>Комплектация:</b></p>

<ul>
<li>2 контейнера из нержавеющей стали с крышками белого цвета</li>
<li>Стандартный нож из нержавеющей стали</li>
<li>Защитная резиновая крышка черного цвета</li>
<li>Внешний пластиковый защитный контейнер черного цвета</li>
<li>Резиновая вставка для ополаскивания зеленого цвета</li>
<li>Вставка для чистки с вращающимися щетками из пластик синего цвета</li>
<li>Резиновое уплотнительное кольцо к вставке для чистки синего цвета</li>
<li>Ложка из хромированной нержавеющей стали</li>
<li>Инструкция по эксплуатации</li>
<li>Книга рецептов на 5 языках</li>
</ul>

<p><b>Особенности:</b></p>

<ul>
<li>Цветной графический дисплей</li>
<li>Сенсорный экран с интуитивно понятными пиктограммами</li>
<li>Режим точного дозирования порций</li>
<li>Режим автоматической разгерметизации: возможность сброса давления воздуха во время рабочего цикла</li>
<li>Предохранительная функция: автоматический контроль от переполнения содержимого контейнера, без оттаивания продукта</li>
<li>Настройки пользователя</li>
<li>Полный цикл очистки отображается на дисплее</li>
</ul>

<p><b>Дополнительные характеристики:</b></p>

<ul>
<li>Время приготовления:
<ul>
<li>Порция: 20 сек.</li>
<li>Целый контейнер (1 л): 4 мин.</li>
</ul>
</li>
<li>Размер контейнера: 130х130х135 мм</li>
<li>Максимальное заполнение: 0,8 л </li>
<li>Скорость двигателя: 6000 об/мин.</li>
<li>Оптимальная температура пакотирования: -22 °С</li>
<li>Давление: 1,2 бар</li>
<li>Габариты в упаковке: 300х460х600 мм</li>
</ul>",73463,220 В,0.95 кВт,182 мм,360 мм,498 мм,,,,0,https://entero.ru/manuals/80215/%D0%A0%D0%B0%D1%81%D1%87%D0%B5%D1%82%20%D0%BA%D0%BE%D0%BB%D0%B8%D1%87%D0%B5%D1%81%D1%82%D0%B2%D0%B0%20%D1%81%D1%82%D0%B0%D0%BA%D0%B0%D0%BD%D0%BE%D0%B2.jpg;https://entero.ru/manuals/87670/%D0%9E%D1%87%D0%B8%D1%81%D1%82%D0%BA%D0%B0%20%D0%B8%20%D1%83%D1%85%D0%BE%D0%B4.pdf;https://entero.ru/manuals/396135/%D0%9F%D1%80%D0%B0%D0%B2%D0%B8%D0%BB%D0%B0%20%D1%80%D0%B0%D0%B1%D0%BE%D1%82%D1%8B%20%D1%81%20%D0%B3%D0%BE%D0%BC%D0%BE%D0%B3%D0%B5%D0%BD%D0%B8%D0%B7%D0%B0%D1%82%D0%BE%D1%80%D0%B0%D0%BC%D0%B8.pdf,,https://vk.com/video_ext.php?oid=-177656185&id=456239359&hd=2&autoplay=0,15.7 кг,,15 кг/час,2000 об/мин.,1 л
https://cdn.entero.ru/mp@2x/e7/74/e7747ad4b902070c991c720e361bae39.jpg,Гомогенизатор InnoCook SJ-650,sonic-sj650,464000,RUB,Нет,,Профоборудование,Молекулярная кухня,Гомогенизаторы,https://entero.ru/item/345111,"<p>Ультразвуковой гомогенизатор<b class=""b""> <a style=""text-decoration:none;cursor:text;"" href=""http://entero.ru/item/345111"">InnoCook SJ-650</a> </b>предназначен для приготовления муссов и напитков на предприятиях общественного питания и торговли. Модель оснащена LED touch-дисплеем.</p>

<p><b>Дополнительные характеристики:</b></p>

<ul>
<li>Рабочая частота: от 20000 до 25000 Гц</li>
<li>Таймер: на 999 минут</li>
<li>Размер дисплея: 4,3""</li>
<li>Количество программ для сохранения: 50</li>
<li>Размеры процессора: 420х240х250 мм</li>
<li>Размеры камеры: 250х240х450 мм</li>
<li>Размер насадок: 2, 3, 6, 10 и 12 мм</li>
</ul>",345111,,0.65 кВт,,,,,,,0,https://entero.ru/manuals/421297/%D0%9A%D0%B0%D1%82%D0%B0%D0%BB%D0%BE%D0%B3%20InnoCook.pdf,483333,,,Китай,,,0.5 л
https://cdn.entero.ru/mp@2x/4c/5f/4c5fb247cdb590bbc02bec5f72bf7ef6.jpg,Гомогенизатор InnoCook MB-650,sonic-mb650,533250,RUB,Нет,,Профоборудование,Молекулярная кухня,Гомогенизаторы,https://entero.ru/item/345119,"<p>Ультразвуковой гомогенизатор<b class=""b""> <a style=""text-decoration:none;cursor:text;"" href=""http://entero.ru/item/345119"">InnoCook MB-650</a> </b>предназначен для приготовления муссов и напитков на предприятиях общественного питания и торговли.</p>

<p><b>Дополнительные характеристики:</b></p>

<ul>
<li>Частота: от 19000 до 26000 Гц</li>
<li>Таймер: от 1 до 999 минут</li>
<li>Регулировка мощности: от 1% до 100%</li>
<li>Шаг мощности: 1%</li>
<li>Температура: от 0 °С до 300 °С</li>
<li>Шаг температуры: 1 °С</li>
<li>Интервалы работы: от 1 сек до 60 мин</li>
<li>Размеры процессора: 340x270x479 мм</li>
</ul>",345119,,0.65 кВт,,,,,,,0,https://entero.ru/manuals/421303/%D0%9A%D0%B0%D1%82%D0%B0%D0%BB%D0%BE%D0%B3%20InnoCook.pdf,,,,Китай,,,0.6 л
https://cdn.entero.ru/mp@2x/17/67/1767733b646115f2d9c4478af188a508.jpg,Гомогенизатор InnoCook SJ-1500,sonic-sj1500,568400,RUB,Нет,,Профоборудование,Молекулярная кухня,Гомогенизаторы,https://entero.ru/item/345113,"<p>Ультразвуковой гомогенизатор<b class=""b""> <a style=""text-decoration:none;cursor:text;"" href=""http://entero.ru/item/345113"">InnoCook SJ-1500</a> </b>предназначен для приготовления муссов и напитков на предприятиях общественного питания и торговли. Модель оснащена LED touch-дисплеем.</p>

<p><b>Дополнительные характеристики:</b></p>

<ul>
<li>Рабочая частота: от 19500 до 20500 Гц</li>
<li>Таймер: на 999 минут</li>
<li>Размер дисплея: 4,3""</li>
<li>Количество программ для сохранения: 50</li>
<li>Размеры процессора: 420х240х250 мм</li>
<li>Размеры камеры: 250х240х450 мм</li>
<li>Размер насадок: 10, 20 и 25 мм</li>
</ul>",345113,,1.5 кВт,,,,,,,0,https://entero.ru/manuals/421298/%D0%9A%D0%B0%D1%82%D0%B0%D0%BB%D0%BE%D0%B3%20InnoCook.pdf,,,,Китай,,,1.2 л
https://cdn.entero.ru/mp@2x/ad/64/ad6483269017453937d7bc581ecaa953.jpg,Гомогенизатор InnoCook PZ-650,onic-pz650,604940,RUB,Нет,,Профоборудование,Молекулярная кухня,Гомогенизаторы,https://entero.ru/item/345116,"<p>Ультразвуковой гомогенизатор<b class=""b""> <a style=""text-decoration:none;cursor:text;"" href=""http://entero.ru/item/345116"">InnoCook PZ-650</a> </b>предназначен для приготовления муссов и напитков на предприятиях общественного питания и торговли.</p>

<p><b>Дополнительные характеристики:</b></p>

<ul>
<li>Частота: от 19000 до 25000 Гц</li>
<li>Таймер: от 1 до 999 минут</li>
<li>Регулировка мощности: от 1% до 100%</li>
<li>Шаг мощности: 1%</li>
<li>Температура: от 0 °С до 300 °С</li>
<li>Шаг температуры: 1 °С</li>
<li>Интервалы работы: от 1 сек до 60 мин</li>
<li>Размеры процессора: 440x248x251 мм</li>
<li>Размеры камеры: 252x240x455 мм</li>
</ul>",345116,,0.65 кВт,,,,,,,0,https://entero.ru/manuals/421300/%D0%9A%D0%B0%D1%82%D0%B0%D0%BB%D0%BE%D0%B3%20InnoCook.pdf,,,,Китай,,,0.6 л
https://cdn.entero.ru/mp@2x/89/c1/89c1592c1c7d581cc34b36119f5b1a3f.jpg,Гомогенизатор InnoCook SJ-2200,sonic-sj2200,740660,RUB,Нет,,Профоборудование,Молекулярная кухня,Гомогенизаторы,https://entero.ru/item/345115,"<p>Ультразвуковой гомогенизатор<b class=""b""> <a style=""text-decoration:none;cursor:text;"" href=""http://entero.ru/item/345115"">InnoCook SJ-2200</a> </b>предназначен для приготовления муссов и напитков на предприятиях общественного питания и торговли. Модель оснащена LED touch-дисплеем.</p>

<p><b>Дополнительные характеристики:</b></p>

<ul>
<li>Рабочая частота: от 19500 до 20500 Гц</li>
<li>Таймер: на 999 минут</li>
<li>Размер дисплея: 4,3""</li>
<li>Количество программ для сохранения: 50</li>
<li>Размеры процессора: 420х240х250 мм</li>
<li>Размеры камеры: 250х240х450 мм</li>
<li>Размер насадок: 10, 20, 22 и 25 мм</li>
</ul>",345115,,2.2 кВт,,,,,,,0,https://entero.ru/manuals/421299/%D0%9A%D0%B0%D1%82%D0%B0%D0%BB%D0%BE%D0%B3%20InnoCook.pdf,796409,,,Китай,,,2 л
https://cdn.entero.ru/mp@2x/a4/3e/a43ecd7f0f97b885dc52a7368ba6f039.jpg,Гомогенизатор InnoCook PZ-2200,onic-pz2200,762300,RUB,Нет,,Профоборудование,Молекулярная кухня,Гомогенизаторы,https://entero.ru/item/345118,"<p>Ультразвуковой гомогенизатор<b class=""b""> <a style=""text-decoration:none;cursor:text;"" href=""http://entero.ru/item/345118"">InnoCook PZ-2200</a> </b>предназначен для приготовления муссов и напитков на предприятиях общественного питания и торговли.</p>

<p><b>Дополнительные характеристики:</b></p>

<ul>
<li>Частота: от 19000 до 25000 Гц</li>
<li>Таймер: от 1 до 999 минут</li>
<li>Регулировка мощности: от 1% до 100%</li>
<li>Шаг мощности: 1%</li>
<li>Температура: от 0 °С до 300 °С</li>
<li>Шаг температуры: 1 °С</li>
<li>Интервалы работы: от 1 сек до 60 мин</li>
<li>Размеры процессора: 440x248x251 мм</li>
<li>Размеры камеры: 252x240x455 мм</li>
</ul>",345118,,2 кВт,,,,,,,0,https://entero.ru/manuals/421302/%D0%9A%D0%B0%D1%82%D0%B0%D0%BB%D0%BE%D0%B3%20InnoCook.pdf,794063,,,Китай,,,2.5 л
https://cdn.entero.ru/mp@2x/96/d1/96d1c933214d95145168a86df242773c.jpg,Гомогенизатор InnoCook MB-1500,sonic-mb1500,777865,RUB,Нет,,Профоборудование,Молекулярная кухня,Гомогенизаторы,https://entero.ru/item/345120,"<p>Ультразвуковой гомогенизатор<b class=""b""> <a style=""text-decoration:none;cursor:text;"" href=""http://entero.ru/item/345120"">InnoCook MB-1500</a> </b>предназначен для приготовления муссов и напитков на предприятиях общественного питания и торговли.</p>

<p><b>Дополнительные характеристики:</b></p>

<ul>
<li>Частота: от 19000 до 26000 Гц</li>
<li>Таймер: от 1 до 999 минут</li>
<li>Регулировка мощности: от 1% до 100%</li>
<li>Шаг мощности: 1%</li>
<li>Температура: от 0 °С до 300 °С</li>
<li>Шаг температуры: 1 °С</li>
<li>Интервалы работы: от 1 сек до 60 мин</li>
<li>Размеры процессора: 340x270x479 мм</li>
</ul>",345120,,1.5 кВт,,,,,,,0,https://entero.ru/manuals/421304/%D0%9A%D0%B0%D1%82%D0%B0%D0%BB%D0%BE%D0%B3%20InnoCook.pdf,,,,Китай,,,1.5 л
https://cdn.entero.ru/mp@2x/4f/41/4f412c73c2862174a4f97b47b2d674db.jpg,Гомогенизатор InnoCook PZ-1500,onic-pz1500,788800,RUB,Нет,,Профоборудование,Молекулярная кухня,Гомогенизаторы,https://entero.ru/item/345117,"<p>Ультразвуковой гомогенизатор<b class=""b""> <a style=""text-decoration:none;cursor:text;"" href=""http://entero.ru/item/345117"">InnoCook PZ-1500</a> </b>предназначен для приготовления муссов и напитков на предприятиях общественного питания и торговли.</p>

<p><b>Дополнительные характеристики:</b></p>

<ul>
<li>Частота: от 19000 до 25000 Гц</li>
<li>Таймер: от 1 до 999 минут</li>
<li>Регулировка мощности: от 1% до 100%</li>
<li>Шаг мощности: 1%</li>
<li>Температура: от 0 °С до 300 °С</li>
<li>Шаг температуры: 1 °С</li>
<li>Интервалы работы: от 1 сек до 60 мин</li>
<li>Размеры процессора: 440x248x251 мм</li>
<li>Размеры камеры: 252x240x455 мм</li>
</ul>",345117,,1.5 кВт,,,,,,,0,https://entero.ru/manuals/421301/%D0%9A%D0%B0%D1%82%D0%B0%D0%BB%D0%BE%D0%B3%20InnoCook.pdf,839149,,,Китай,,,1.5 л
https://cdn.entero.ru/mp@2x/00/2b/002bb6de7a2dceec49f5fbbc717ca3b1.jpg;https://cdn.entero.ru/mp@2x/20/3d/203d26169dc8df605da85204a8a69a9e.jpg,Гомогенизатор InnoCook HX-650,sonic-hx650,837481,RUB,Нет,,Профоборудование,Молекулярная кухня,Гомогенизаторы,https://entero.ru/item/345121,"<p>Ультразвуковой гомогенизатор<b class=""b""> <a style=""text-decoration:none;cursor:text;"" href=""http://entero.ru/item/345121"">InnoCook HX-650</a> </b>предназначен для приготовления муссов и напитков на предприятиях общественного питания и торговли. Модель оснащена пультом ДУ, подсветкой звукоизоляционной камеры, сенсорным экраном и электрическим подъемом стола для колбы.</p>

<p><b>Дополнительные характеристики:</b></p>

<ul>
<li>Частота: от 19000 до 26000 Гц</li>
<li>Таймер: от 1 до 999 минут</li>
<li>Регулировка мощности: от 1% до 100%</li>
<li>Шаг мощности: 1%</li>
<li>Температура: от 0 °С до 300 °С</li>
<li>Шаг температуры: 1 °С</li>
<li>Интервалы работы: от 1 сек до 60 мин</li>
<li>Размеры процессора: 340х270х500 мм</li>
</ul>",345121,,0.65 кВт,,,,,,,0,https://entero.ru/manuals/421305/%D0%9A%D0%B0%D1%82%D0%B0%D0%BB%D0%BE%D0%B3%20InnoCook.pdf,900517,,,Китай,,,0.6 л
https://cdn.entero.ru/mp@2x/8e/73/8e73000cd034f736bb9598612c9de69d.jpg;https://cdn.entero.ru/mp@2x/0e/fe/0efe2836c1344557f58eb7b1405a8367.jpg,Гомогенизатор InnoCook HX-1500,sonic-hx1500,908275,RUB,Нет,,Профоборудование,Молекулярная кухня,Гомогенизаторы,https://entero.ru/item/345122,"<p>Ультразвуковой гомогенизатор<b class=""b""> <a style=""text-decoration:none;cursor:text;"" href=""http://entero.ru/item/345122"">InnoCook HX-1500</a> </b>предназначен для приготовления муссов и напитков на предприятиях общественного питания и торговли. Модель оснащена пультом ДУ, подсветкой звукоизоляционной камеры, сенсорным экраном и электрическим подъемом стола для колбы.</p>

<p><b>Дополнительные характеристики:</b></p>

<ul>
<li>Частота: от 19000 до 26000 Гц</li>
<li>Таймер: от 1 до 999 минут</li>
<li>Регулировка мощности: от 1% до 100%</li>
<li>Шаг мощности: 1%</li>
<li>Температура: от 0 °С до 300 °С</li>
<li>Шаг температуры: 1 °С</li>
<li>Интервалы работы: от 1 сек до 60 мин</li>
<li>Размеры процессора: 340х270х500 мм</li>
</ul>",345122,,1.2 кВт,,,,,,,0,https://entero.ru/manuals/421306/%D0%9A%D0%B0%D1%82%D0%B0%D0%BB%D0%BE%D0%B3%20InnoCook.pdf,966250,,,Китай,,,1.2 л
https://cdn.entero.ru/mp@2x/a0/17/a017fc8ce7defd12ed22b5925b9a2d54.jpg;https://cdn.entero.ru/mp@2x/12/9d/129da1008b773557c5bd01c98f6db9c4.jpg;https://cdn.entero.ru/mp@2x/78/10/7810d36574581a637e674b208e22fb80.jpg;https://cdn.entero.ru/mp@2x/27/1c/271cb980c3462f8fec0c40905f8f871c.jpg;https://cdn.entero.ru/mp@2x/24/b8/24b8ec33cba6d263e3e8767c62b9e0d1.jpg,Гомогенизатор ультразвуковой PolyScience UH30AC2E,Гомогенизатор ультразвуковой PolyScience UH30AC2E,1648620,RUB,Нет,PolyScience,Профоборудование,Молекулярная кухня,Гомогенизаторы,https://entero.ru/item/127224,"<p>Ультразвуковой гомогенизатор <a style=""text-decoration:none;cursor:text;"" href=""http://entero.ru/item/127224""><b class=""b"">PolyScience UH30AC2E </b></a>используется для получения экстрактов, настоев, эмульсий, суспензий, гомогенизирование и получение быстрого брожения продуктов в ресторанах, барах, кафе и т.д. Система состоит всего из 4х компонентов: генератора, преобразователя, пробника и звукового блока. При использовании гомогенизатора сохраняется аромат продукта и его полезные свойства. </p>

<p><b>Особенности:</b></p>

<ul>
<li>20 пользовательских программ</li>
<li>Режимы импульсный или непрерывный</li>
<li>Управление: Выходной контроль мощности</li>
<li>Объем обрабатываемой жидкости от 1 до 500 мл</li>
<li>Продолжительность операции от 0 до 15 минут</li>
</ul>

<p><b>Дополнительные характеристики:</b></p>

<ul>
<li><u>Г</u>абариты: 430x360x610 мм</li>
<li>Габариты в упаковке: 737х356х406 мм</li>
</ul>

<p><b> Опции (заказываются отдельно):</b></p>

<ul>
<li>Лабораторная подставка для стержня</li>
<li>Шумоизоляционный бокс</li>
<li>Зажим преобразователя</li>
</ul>

<p> </p>

<p> </p>

<p> </p>

<p><br>
<br>
</p>

<p> </p>",127224,220 В,0.55 кВт,191 мм,318 мм,235 мм,,,,0,,,,6.35 кг,,,,
https://cdn.entero.ru/mp@2x/6f/29/6f2906aa5bdfe27360023d21afc0208e.jpg;https://cdn.entero.ru/mp@2x/06/b1/06b1583fefa840812dfc6fb9a1f4aab0.jpg,Набор стаканов Taurus 999179000,Набор стаканов Taurus 999179000,19836,RUB,Да,Taurus,Профоборудование,Молекулярная кухня,Гомогенизаторы,https://entero.ru/item/113920,"<p>Набор из 4 стаканов<b class=""b""> <a style=""text-decoration:none;cursor:text;"" href=""http://entero.ru/item/113920"">Taurus 999179000</a> </b>используется совместно с гомогенизатором <a href=""https://entero.ru/item/113919"">Rowzer</a> на предприятиях общественного питания и торговли. Аксессуары выполнены из нержавеющей стали, крышки - из белого пластика.</p>

<p><b>Характеристики:</b></p>

<ul>
<li>Объем: 1 л</li>
<li>Максимальное заполнение: 0,8 л</li>
<li>Размеры: 130x130x140 мм</li>
</ul>",113920,,,,,,,,,81,,,,,,,,
https://cdn.entero.ru/mp@2x/71/56/71563c15efef12db4e5142e3ae5ddb37.jpg,"Комплект стальных стаканов с крышками HotmixPRO 12700079 (1,3 л)","Комплект стальных стаканов с крышками HotmixPRO 12700079 (1,3 л)",33858,RUB,Да,HotmixPRO,Профоборудование,Молекулярная кухня,Гомогенизаторы,https://entero.ru/item/234193,"<p>Комплект стальных стаканов с крышками <a style=""text-decoration:none;cursor:text;"" href=""http://entero.by/item/234193""><b class=""b"">HotmixPro 12700079 </b></a>предназначен для совместного использования с гомогенизаторами <a href=""https://entero.ru/item/233794"">Easy Giaz</a> и <a href=""https://entero.ru/item/233818"">Giaz</a> для пакотирования продукта питания на предприятиях общественного питания и торговли.</p>

<p>В комплект поставки входят 4 стальных стаканов объемом 1,3 л с пластиковыми крышками.</p>",234193,,,,,,,,,0,,,,,,,,
https://cdn.entero.ru/mp@2x/a3/c0/a3c0503c85b55f4ce724a17ab88f6891.jpg,Комплект стаканов с крышками Pacojet для Pacojet 4 (12 шт),Комплект стаканов с крышками Pacojet для Pacojet 4 (12 шт),33879,RUB,Да,Pacojet,Профоборудование,Молекулярная кухня,Гомогенизаторы,https://entero.ru/item/260008,"<p><span class=""b"">Комплект стаканов </span><a style=""text-decoration:none;cursor:text;"" href=""http://entero.ru/item/260008""><b class=""b"">Pacojet</b></a> используются совместно с гомогенизатором <a href=""https://entero.ru/item/260004"" target=""_blank"">Pacojet 4</a> на предприятиях общественного питания и торговли. Стаканы изготовлены из прочного и безопасного поликарбоната. Продукт помещается в стакан, замораживается и вставляется в защитный наружный черный стакан для дальнейшего пакотирования.</p>

<p><b>Характеристики:</b></p>

<ul>
<li>Габариты: 400х400х150 мм</li>
<li>Вес: 0,8 кг</li>
</ul>",260008,,,,,,,,,0,,36041,,,,,,
https://cdn.entero.ru/mp@2x/5e/0c/5e0c732c3ef803db7cf762f702193f59.jpg,Комплект стаканов Pacojet 139161-E00-00 6 шт.,Комплект стаканов Pacojet 139161-E00-00 6 шт.,28950,RUB,Да,Pacojet,Профоборудование,Молекулярная кухня,Гомогенизаторы,https://entero.ru/item/347343,"<p><span class=""b"">Комплект стаканов </span><a style=""text-decoration:none;cursor:text;"" href=""http://entero.ru/item/347343""><b class=""b"">Pacojet 139161-E00-00</b></a> предназначен для совместного использования с гомогенизатором <a href=""https://entero.ru/item/260004"" target=""_blank"">Pacojet 4</a>. Изделия выполнены из пластика.</p>

<p>В комплект поставки входят 6 стаканов и 6 крышек.</p>",347343,,,,,,,,,0,,,,,,,,
https://cdn.entero.ru/mp@2x/db/07/db07156a05391f55baeb4b6d9c494a05.jpg,Емкость для гомогенизатора Taurus Rowzer Plus,Емкость для гомогенизатора Taurus Rowzer Plus,6900,RUB,Да,Taurus,Профоборудование,Молекулярная кухня,Гомогенизаторы,https://entero.ru/item/365827,"<p>Емкость <a style=""text-decoration:none;cursor:text;"" href=""http://entero.ru/item/365827""><b class=""b"">Taurus </b></a>используется совместно с гомогенизатором <a href=""https://entero.ru/item/120997"" target=""_blank"">Rowzer Plus</a> для приготовления мороженого и сорбетов из замороженных продуктов, взбивания мусов и кремов на предприятиях общественного питания и торговли. Изделие выполнено из пластика.</p>

<p><b class=""o"">Для работы внутрь вставляются стаканы<a href=""https://entero.ru/item/113920"" target=""_blank""> 999179000</a>, которые в комплект поставки не входят и приобретаются отдельно.</b></p>",365827,,,,,,,,,16,,,,,,,,
https://cdn.entero.ru/mp@2x/68/44/6844b22f52c22a3a26676c79907092b3.jpg,Стакан внешний защитный Pacojet 139159-E05-00,Стакан внешний защитный Pacojet 139159-E05-00,17421,RUB,Да,Pacojet,Профоборудование,Молекулярная кухня,Гомогенизаторы,https://entero.ru/item/347340,"<p><span class=""b"">Внешний защитный стакан </span><a style=""text-decoration:none;cursor:text;"" href=""http://entero.ru/item/347340""><b class=""b"">Pacojet 139159-E05-00</b></a> предназначен для совместного использования с гомогенизатором <a href=""https://entero.ru/item/260004"" target=""_blank"">Pacojet 4</a>. Изделие выполнено из ABS платика.</p>",347340,,,,,,,,,0,,18533,,,,,,
https://cdn.entero.ru/mp@2x/3c/4a/3c4a8c87ea59a4a23c47381c8977138f.jpg,Аксессуар для извлечения ножей FRXSH для Mousse Chef,Аксессуар для извлечения ножей FRXSH для Mousse Chef,2008,RUB,Да,,Профоборудование,Молекулярная кухня,Гомогенизаторы,https://entero.ru/item/339781,"<p>Аксессуар для извлечения ножей<a style=""text-decoration:none;cursor:text;"" href=""http://entero.ru/item/339781""><b class=""b""> FRXSH </b></a>предназначен для использования ножа-резака совместно с гомогенизатором <a href=""https://entero.ru/item/339612"">Mousse Chef </a>на предприятиях общественного питания и торговли.</p>

<p><b>Характеристики:</b></p>

<ul>
<li>Размер: 100х100х25 мм</li>
</ul>",339781,,,,,,,,,0,,2510,,,,,,
https://cdn.entero.ru/mp@2x/c8/7d/c87dac6e26796d9e55015a9946cb6dd4.jpg,"Контейнер изоляционный для 4х стаканов FRXSH для Mousse Chef, с крышкой","Контейнер изоляционный для 4х стаканов FRXSH для Mousse Chef, с крышкой",10225,RUB,Да,,Профоборудование,Молекулярная кухня,Гомогенизаторы,https://entero.ru/item/339777,"<p>Контейнер изоляционный для 4х стаканов<a style=""text-decoration:none;cursor:text;"" href=""http://entero.ru/item/339777""><b class=""b""> FRXSH </b></a>предназначен для использования совместно с гомогенизатором <a href=""https://entero.ru/item/339612"">Mousse Chef </a>на предприятиях общественного питания и торговли. Изолирующая коробка оснащена крышкой и точным креплением для 4 чашек. Аксессуар изготовлен из пенополистирола.</p>

<p><b>Характеристики:</b></p>

<ul>
<li>Размер: 220х320х320 мм</li>
<li>Вес: 0,5 кг</li>
</ul>",339777,,,,,,,,,0,,,,,,,,
https://cdn.entero.ru/mp@2x/24/f3/24f3af1547e000699d9a08f4e388c8d6.jpg,Стакан защитный FRXSH для Mousse Chef,Стакан защитный FRXSH для Mousse Chef,10845,RUB,Да,,Профоборудование,Молекулярная кухня,Гомогенизаторы,https://entero.ru/item/339774,"<p>Стакан защитный <a style=""text-decoration:none;cursor:text;"" href=""http://entero.ru/item/339774""><b class=""b"">FRXSH </b></a>предназначен для использования совместно с гомогенизатором <a href=""https://entero.ru/item/339612"">Mousse Chef </a>на предприятиях общественного питания и торговли. Аксессуар оснащен функцией блокировки для предотвращения ослабления во время обработки и изготовлен из пластика.</p>

<p><b>Характеристики:</b></p>

<ul>
<li>Размер: 140х148х184 мм</li>
<li>Вес: 0,3 кг</li>
</ul>",339774,,,,,,,,,0,,11788,,,,,,
https://cdn.entero.ru/mp@2x/e9/64/e96439bea5c05e67bb9dee23cf0a1f18.jpg,Насадка для чистки FRXSH для Mousse Chef,Насадка для чистки FRXSH для Mousse Chef,12075,RUB,Да,,Профоборудование,Молекулярная кухня,Гомогенизаторы,https://entero.ru/item/339778,"<p>Насадка для чистки<a style=""text-decoration:none;cursor:text;"" href=""http://entero.ru/item/339778""><b class=""b""> FRXSH </b></a>предназначена для гигиенической очистки поверхностей гомогенизатора <a href=""https://entero.ru/item/339612"">Mousse Chef </a>, контактирующих с пищевыми продуктами на предприятиях общественного питания и торговли. Насадка оснащена щетками и скребком для вала. Аксессуар изготовлен из высококачественного и безопасного для пищевых продуктов тритана.</p>

<p><b>Характеристики:</b></p>

<ul>
<li>Цвет: бирюзовый</li>
<li>Размер: 130х130х130 мм</li>
<li>Вес: 0,1 кг</li>
</ul>",339778,,,,,,,,,0,,13125,,,,,,
https://cdn.entero.ru/mp@2x/20/7f/207f5afc4543117e9d38e697f5c62e06.jpg,Крышка защитная Pacojet 139171-E05-00,Крышка защитная Pacojet 139171-E05-00,14358,RUB,Да,Pacojet,Профоборудование,Молекулярная кухня,Гомогенизаторы,https://entero.ru/item/347338,"<p><span class=""b"">Защитная крышка </span><a style=""text-decoration:none;cursor:text;"" href=""http://entero.by/item/347338""><b class=""b"">Pacojet </b></a><a style=""text-decoration:none;cursor:text;"" href=""http://entero.by/item/347338""><b class=""b"">139171-E05-00</b></a> предназначена для установки и герметичной фиксации контейнера с заготовкой в гомогенизаторе <a href=""https://entero.ru/item/260004"" target=""_blank"">Pacojet 4</a>. Изделие выполнено из резины.</p>",347338,,,,,,,,,0,,15274,,,,,,
https://cdn.entero.ru/mp@2x/d9/d3/d9d3880aab72f7a6612155fb2ef52cce.jpg,Лопатка HotmixPRO 12700013,Лопатка HotmixPRO 12700013,20600,RUB,Да,HotmixPRO,Профоборудование,Молекулярная кухня,Гомогенизаторы,https://entero.ru/item/260943,"<p>Лопатка <b class=""b""><a style=""text-decoration:none;cursor:text;"" href=""http://entero.ru/item/260943"">HotmixPro 12700013</a> </b>предназначен для совместного использования с гомогенизаторами <a href=""https://entero.ru/item/233794"">Easy Giaz</a> и <a href=""https://entero.ru/item/233818"">Giaz</a> для взбивания продукта питания на предприятиях общественного питания и торговли.</p>

<p> </p>",260943,,,,,,,,,0,,22151,,,,,,
https://cdn.entero.ru/mp@2x/58/0b/580ba6b20d9285160a0986f72935b23f.jpg,Нож измельчающий HotmixPRO 12700012,Нож измельчающий HotmixPRO 12700012,22042,RUB,Да,HotmixPRO,Профоборудование,Молекулярная кухня,Гомогенизаторы,https://entero.ru/item/260940,"<p>Нож измельчающий <b class=""b""><a style=""text-decoration:none;cursor:text;"" href=""http://entero.ru/item/260940"">HotmixPro 12700012</a> </b>предназначен для совместного использования с гомогенизаторами <a href=""https://entero.ru/item/233794"">Easy Giaz</a> и <a href=""https://entero.ru/item/233818"">Giaz</a> для измельчения продукта питания на предприятиях общественного питания и торговли.</p>

<p> </p>",260940,,,,,,,,,0,,,,,,,,
https://cdn.entero.ru/mp@2x/71/46/71469e6339397fd0927d876706664a46.jpg,"Комплект стальных стаканов с крышками HotmixPRO 12700069 (1,8 л)","Комплект стальных стаканов с крышками HotmixPRO 12700069 (1,8 л)",32950,RUB,Да,HotmixPRO,Профоборудование,Молекулярная кухня,Гомогенизаторы,https://entero.ru/item/233838,"<p>Комплект стальных стаканов с крышками <a style=""text-decoration:none;cursor:text;"" href=""http://entero.ru/item/233838""><b class=""b"">HotmixPro 12700069 </b></a>предназначен для совместного использования с гомогенизаторами <a href=""https://entero.ru/item/233818"">Giaz</a> для пакотирования продукта питания на предприятиях общественного питания и торговли.</p>

<p>В комплект поставки входят 4 стальных стаканов объемом 1,8 л с пластиковыми крышками.</p>",233838,,,,,,,,,0,,34323,,,,,,
https://cdn.entero.ru/mp@2x/06/88/0688ac024cf9f357b6007fc6a1a2072c.jpg,Комплект стаканов Pacojet 42249/6 6 шт.,Комплект стаканов Pacojet 42249/6 6 шт.,0,RUB,Нет,Pacojet,Профоборудование,Молекулярная кухня,Гомогенизаторы,https://entero.ru/item/347364,"<p><span class=""b"">Комплект стаканов </span><a style=""text-decoration:none;cursor:text;"" href=""http://entero.ru/item/347364""><b class=""b"">Pacojet 42249/6</b></a> предназначен для хранения заготовки продукта питания, в морозильной камере, ларе, шокере, а также для совместного использования с гомогенизаторами Pacojet: <a href=""https://entero.ru/item/30201"">PJ1</a>, <a href=""https://entero.ru/item/114266"">PJ Junior</a>, <a href=""https://entero.ru/item/73463"">PJ2</a>, <a href=""https://entero.ru/item/135449"">PJ2 PLUS</a>, с аппаратом <a href=""https://entero.ru/item/260004"">PJ4</a> с помощью специального защитного стакана предназначенного для стаканов из нержавеющей стали. Стаканы выполнены из нержавеющей стали.</p>

<p>В комплект поставки входят 6 стаканов и 6 крышек белого цвета.</p>",347364,,,,,,,,,0,,,,,,,,
https://cdn.entero.ru/mp@2x/51/16/51166d6d1353cd505ede5db59b27267f.jpg,Держатель ножа магнитный Pacojet 45275,Держатель ножа магнитный Pacojet 45275,0,RUB,Нет,Pacojet,Профоборудование,Молекулярная кухня,Гомогенизаторы,https://entero.ru/item/347330,"<p><span class=""b"">Магнитный держатель ножа </span><b class=""b""><a style=""text-decoration:none;cursor:text;"" href=""http://entero.ru/item/347330"">Pacojet 45275</a></b> используются совместно с <a href=""https://entero.ru/search.php?text=гомогенизатор%20Pacojet&cid=1617"" target=""_blank"">гомогенизаторами</a> на предприятиях общественного питания и торговли. Изделие выполнено из нержавеющей стали.</p>",347330,,,,,,,,,0,,,,,,,,
https://cdn.entero.ru/mp@2x/d8/5f/d85f6646650bb3d5ad30164b85a4d762.jpg,Набор стаканов FRXSH 4 шт для Mousse Chef,Набор стаканов FRXSH 4 шт для Mousse Chef,0,RUB,Нет,,Профоборудование,Молекулярная кухня,Гомогенизаторы,https://entero.ru/item/339773,"<p>Набор стаканов<a style=""text-decoration:none;cursor:text;"" href=""http://entero.ru/item/339773""><b class=""b""> FRXSH </b></a>предназначен для для глубокой заморозки блюд совместно с гомогенизатором <a href=""https://entero.ru/item/339612"">Mousse Chef </a>на предприятиях общественного питания и торговли. Аксессуары оснащены полукруглой выемкой для фиксации содержимого и крышками. Контейнеры изготовлены из хромированной стали с полированной отделкой.</p>",339773,,,,,,,,,0,,,,,,,,
https://cdn.entero.ru/mp@2x/8a/e2/8ae20e979a0b5879bc29e3a233d3e007.jpg,Нож Pacojet 139177-E05-00,Нож Pacojet 139177-E05-00,0,RUB,Нет,Pacojet,Профоборудование,Молекулярная кухня,Гомогенизаторы,https://entero.ru/item/347342,"<p><span class=""b"">Внешний защитный стакан </span><a style=""text-decoration:none;cursor:text;"" href=""http://entero.ru/item/347342""><b class=""b"">Pacojet 139177-E05-00</b></a> предназначен для совместного использования с гомогенизатором <a href=""https://entero.ru/item/260004"" target=""_blank"">Pacojet 4</a>. </p>",347342,,,,,,,,,0,,,,,,,,
https://cdn.entero.ru/mp@2x/9b/f7/9bf7e2d13bcb667797cc09d10f7252c7.jpg,Кольцо скребка FRXSH Silver Dancer для Mousse Chef,Кольцо скребка FRXSH Silver Dancer для Mousse Chef,2551,RUB,Нет,,Профоборудование,Молекулярная кухня,Гомогенизаторы,https://entero.ru/item/339768,"<p>Кольцо скребка<a style=""text-decoration:none;cursor:text;"" href=""http://entero.ru/item/339768""><b class=""b""> FRXSH Silver Dancer </b></a> предназначено для использования совместно с гомогенизатором <a href=""https://entero.ru/item/339612"">Mousse Chef </a>на предприятиях общественного питания и торговли. </p>

<p><b>Характеристики:</b></p>

<ul>
<li>Размер: 30х30х10 мм</li>
</ul>",339768,,,,,,,,,0,,,,,,,,
https://cdn.entero.ru/mp@2x/cc/e3/cce3d07a23682c51b0b3807207ecd95d.jpg,Насадка для мытья FRXSH для Mousse Chef,Насадка для мытья FRXSH для Mousse Chef,13229,RUB,Нет,,Профоборудование,Молекулярная кухня,Гомогенизаторы,https://entero.ru/item/339783,"<p>Насадка для мытья<a style=""text-decoration:none;cursor:text;"" href=""http://entero.ru/item/339783""><b class=""b""> FRXSH </b></a>предназначена для предварительной или промежуточной очистки поверхностей гомогенизатора <a href=""https://entero.ru/item/339612"">Mousse Chef </a>, контактирующих с пищевыми продуктами на предприятиях общественного питания и торговли. Аксессуар изготовлен из нитриловой резины. </p>

<p><b>Характеристики:</b></p>

<ul>
<li>Цвет: синий</li>
<li>Размер: 120х120х20 мм</li>
<li>Вес: 0,1 кг</li>
</ul>",339783,,,,,,,,,0,,14073,,,,,,
https://cdn.entero.ru/mp@2x/1c/86/1c8659a9c1a7d3b0e7a17dd3820400ae.jpg,Скребок кольцевой FRXSH для Mousse Chef,Скребок кольцевой FRXSH для Mousse Chef,14135,RUB,Нет,,Профоборудование,Молекулярная кухня,Гомогенизаторы,https://entero.ru/item/339766,"<p>Скребок кольцевой<a style=""text-decoration:none;cursor:text;"" href=""http://entero.ru/item/339766""><b class=""b""> FRXSH Silver Dancer </b></a>предназначен для предотвращения попадания продуктов во время обработки в корпус гомогенизатора <a href=""https://entero.ru/item/339612"">Mousse Chef </a>на предприятиях общественного питания и торговли. Брызговик изготовлен из резины.</p>

<p><b>Характеристики:</b></p>

<ul>
<li>Размер: 120х120х20 мм</li>
<li>Вес: 100 гр</li>
</ul>",339766,,,,,,,,,0,,,,,,,,
https://cdn.entero.ru/mp@2x/09/dd/09ddc39626ee0fbafac5fb6c1a91b2a5.jpg,Диск для взбивания жидких продуктов FRXSH Whipping Disc для Mousse Chef,Диск для взбивания жидких продуктов FRXSH Whipping Disc для Mousse Chef,18373,RUB,Нет,,Профоборудование,Молекулярная кухня,Гомогенизаторы,https://entero.ru/item/339770,"<p>Диск для взбивания жидких продуктов<a style=""text-decoration:none;cursor:text;"" href=""http://entero.ru/item/339770""><b class=""b""> FRXSH Whipping Disc </b></a>предназначен для использования совместно с гомогенизатором <a href=""https://entero.ru/item/339612"">Mousse Chef </a>на предприятиях общественного питания и торговли. Аксессуар изготовлен из нержавеющей стали. </p>",339770,,,,,,,,,0,,19756,,,,,,
https://cdn.entero.ru/mp@2x/7d/20/7d204d70311005fde1515e1aa27436a9.jpg,Универсальный нож с двумя лезвиями FRXSH Cutter для Mousse Chef,Универсальный нож с двумя лезвиями FRXSH Cutter для Mousse Chef,18633,RUB,Нет,,Профоборудование,Молекулярная кухня,Гомогенизаторы,https://entero.ru/item/339769,"<p>Универсальный нож с двумя лезвиями <a style=""text-decoration:none;cursor:text;"" href=""http://entero.ru/item/339769""><b class=""b""> FRXSH Cutter </b></a>предназначен для резки или измельчения незамороженных продуктов в гомогенизаторе <a href=""https://entero.ru/item/339612"">Mousse Chef </a>на предприятиях общественного питания и торговли. Аксессуар изготовлен из нержавеющей стали.</p>

<p><b>Характеристики:</b></p>

<ul>
<li>Размер: 120х120х20 мм</li>
<li>Вес: 200 гр</li>
</ul>",339769,,,,,,,,,0,,19822,,,,,,
https://cdn.entero.ru/mp@2x/aa/1f/aa1f971e5cbb119661ed157507a34caf.jpg,Нож FRXSH Silver Dancer для Mousse Chef,Нож FRXSH Silver Dancer для Mousse Chef,29191,RUB,Нет,,Профоборудование,Молекулярная кухня,Гомогенизаторы,https://entero.ru/item/339762,"<p>Нож-мусс<a style=""text-decoration:none;cursor:text;"" href=""http://entero.ru/item/339762""><b class=""b""> FRXSH Silver Dancer </b></a>предназначен для взбивания жидких и замороженных продуктов в гомогенизаторе <a href=""https://entero.ru/item/339612"">Mousse Chef </a>на предприятиях общественного питания и торговли. Аксессуар изготовлен из закаленной стали.</p>

<p><b>Характеристики:</b></p>

<ul>
<li>Цвет: серебро</li>
<li>Размер:120х120х20 мм</li>
<li>Вес: 100 гр</li>
</ul>

<p> </p>",339762,,,,,,,,,0,,31054,,,,,,
https://cdn.entero.ru/mp@2x/9f/e6/9fe6fb678022841fc2a215cf070af0f7.jpg,Нож FRXSH Gold Dance для Mousse Chef,Нож FRXSH Gold Dance для Mousse Chef,40942,RUB,Нет,,Профоборудование,Молекулярная кухня,Гомогенизаторы,https://entero.ru/item/339765,"<p>Нож-мусс<a style=""text-decoration:none;cursor:text;"" href=""http://entero.ru/item/339765""><b class=""b""> FRXSH Gold Dancer </b></a>предназначен для взбивания жидких и замороженных продуктов в гомогенизаторе <a href=""https://entero.ru/item/339612"">Mousse Chef </a>на предприятиях общественного питания и торговли. Аксессуар изготовлен из закаленной нитридом титана стали.</p>

<p><b>Характеристики:</b></p>

<ul>
<li>Цвет: золото</li>
<li>Размер:120х120х20 мм</li>
<li>Вес: 100 гр</li>
</ul>",339765,,,,,,,,,0,,,,,,,,
https://cdn.entero.ru/mp@2x/ac/b3/acb3bfe8e0be41883ecdebe76f4e9f34.jpg,Нож Pacojet PJ45255 золотой,Нож Pacojet PJ45255 золотой,0,RUB,Нет,Pacojet,Профоборудование,Молекулярная кухня,Гомогенизаторы,https://entero.ru/item/153131,"<p>Нож <a style=""text-decoration:none;cursor:text;"" href=""http://entero.ru/item/153131""><b class=""b"">Pacojet PJ45255</b></a> предназначен для совместного использования с гомогенизатором <a href=""https://entero.ru/item/135449"" target=""_blank"">2 PLUS</a> для обработки глубокозамороженного продукта в пюреобразную мелкотекстурную массу в заранее заготовленных стаканах на предприятиях общественного питания и торговли. Фиксируется при помощи магнитного держателя с резьбовой направляющей. Аксессуар выполнен из нержавеющей стали с титаново-нитридным покрытием. </p>

<p> </p>

<p><span style=""color:#FF0000;""><em>Внимание! Не совместим с Pacojet 2, Pacojet Junior или Pacojet 1.</em></span></p>",153131,,,,,,,,,0,,,,,,,,
