Изображения,Название,Артикул,Цена,Валюта,Наличие,Бренд,Категория,Подкатегория,Раздел,URL,Описание,Код товара,Напряжение,Ширина,Глубина,Высота,Вес,Количество мест,Размеры,Остаток,Файлы,Старая цена,Видео,Вес (без упаковки),Родина бренда,Страна-производитель,Производительность,Диаметр барабана,Скорость глажения,Вид нагрева,Температура нагрева,Ширина зоны глажения,Мощность нагрева,Количество валов
https://cdn.entero.ru/mp@2x/66/82/66826f7730ea59c0f95ba054bd9af917.jpg,Каландр гладильный Fagor PS-20/160 M E,19098344,1071888,RUB,Да,Fagor,Профоборудование,Прачечное,Гладильно-сушильные катки,https://entero.ru/item/331616,"<p>Гладильный каландр <a style=""text-decoration:none;cursor:text;"" href=""http://entero.ru/item/331616""><b class=""b"">Fagor PS-20/160 M E</b></a> используется в прачечных образовательных, оздоровительных заведений, производственных предприятий, в поликлиниках, гостиницах, детских садах, общежитиях, больницах, роддомах и воинских частях для сушки и глажения прямого белья сразу после отжима. </p>

<p><b>Особенности:</b></p>

<ul>
<li>Подача белья на возврат</li>
<li>Регулируемая скорость и температура глажения</li>
</ul>

<p><b>Дополнительные характеристики:</b></p>

<ul>
<li>Высота загрузки: 990 мм</li>
<li>Уровень звука: 63 дБ</li>
<li>Объем испарения:10-12 л/ч</li>
<li>Количество спиралей: 3</li>
<li>Мощность спирали: 4 КВт</li>
<li>Общая мощность: 12 КВт</li>
<li>Мощность двигателя: 0,37 кВт</li>
<li>Мощность нагрева: 12 кВт</li>
<li>Общая мощность: 12,37 (кВт)</li>
<li>Габариты упаковки: 2340x770x1400 мм</li>
</ul>

<p> </p>

<p> </p>",331616,380 В,2128 мм,686 мм,1110 мм,,,,0,https://entero.ru/manuals/392630/%D0%98%D0%BD%D1%81%D1%82%D1%80%D1%83%D0%BA%D1%86%D0%B8%D1%8F%20%D0%BD%D0%B0%20Fagor%20PS-20_160%20M%20E.pdf,,,203 кг,,Испания,от 13 до 15 кг/ч,200 мм,от 1.5 до 6 м/мин.,электро,,1600 мм,15 кВт,1
https://cdn.entero.ru/mp@2x/3f/72/3f724f63a2c4aea12cd0e30451886a3c.jpg,Каландр гладильный Fagor PS-35/200 M E,19091168,1700910,RUB,Да,Fagor,Профоборудование,Прачечное,Гладильно-сушильные катки,https://entero.ru/item/331626,"<p>Гладильный каландр <a style=""text-decoration:none;cursor:text;"" href=""http://entero.ru/item/331626""><b class=""b"">Fagor PS-35/200 M E</b></a> используется в прачечных образовательных, оздоровительных заведений, производственных предприятий, в поликлиниках, гостиницах, детских садах, общежитиях, больницах, роддомах и воинских частях для сушки и глажения прямого белья сразу после отжима. </p>

<p><b>Особенности:</b></p>

<ul>
<li>Подача белья на возврат</li>
<li>Регулируемая скорость и температура глажения</li>
</ul>

<p><b>Дополнительные характеристики:</b></p>

<ul>
<li>Высота загрузки: 990 мм</li>
<li>Уровень звука: 63 дБ</li>
<li>Объем испарения:21-28 л/ч</li>
<li>Количество спиралей: 6</li>
<li>Мощность спирали: 3,5 КВт</li>
<li>Мощность двигателя: 0,52 кВт</li>
<li>Мощность нагрева: 21 кВт</li>
<li>Общая мощность: 21,52 (кВт)</li>
<li>Габариты упаковки: 2780x770x1400 мм</li>
</ul>

<p> </p>

<p> </p>",331626,380 В,2552 мм,686 мм,11152 мм,,,,0,https://entero.ru/manuals/392637/%D0%98%D0%BD%D1%81%D1%82%D1%80%D1%83%D0%BA%D1%86%D0%B8%D1%8F%20%D0%BD%D0%B0%20Fagor%20PS-35_200%20M%20E.pdf,,,435 кг,,Испания,от 35 до 40 кг/ч,325 мм,от 1.5 до 10 м/мин.,электро,,2000 мм,21.49 кВт,1
https://cdn.entero.ru/mp@2x/ca/07/ca072bb20bb32f926d4a49f55a37a739.jpg,Каландр гладильный Fagor PS-20/200 M E,19098347,1151965,RUB,Да,Fagor,Профоборудование,Прачечное,Гладильно-сушильные катки,https://entero.ru/item/331625,"<p>Гладильный каландр <a style=""text-decoration:none;cursor:text;"" href=""http://entero.ru/item/331625""><b class=""b"">Fagor PS-20/200 M E</b></a> используется в прачечных образовательных, оздоровительных заведений, производственных предприятий, в поликлиниках, гостиницах, детских садах, общежитиях, больницах, роддомах и воинских частях для сушки и глажения прямого белья сразу после отжима. </p>

<p><b>Особенности:</b></p>

<ul>
<li>Подача белья на возврат</li>
<li>Регулируемая скорость и температура глажения</li>
</ul>

<p><b>Дополнительные характеристики:</b></p>

<ul>
<li>Высота загрузки: 990 мм</li>
<li>Уровень звука: 63 дБ</li>
<li>Объем испарения:12-14 л/ч</li>
<li>Количество спиралей: 3</li>
<li>Мощность спирали: 5 КВт</li>
<li>Общая мощность: 15 КВт</li>
<li>Мощность двигателя: 0,37 кВт</li>
<li>Мощность нагрева: 18 кВт</li>
<li>Общая мощность: 18,37 (кВт)</li>
<li>Габариты упаковки: 2780x770x1400 мм</li>
</ul>

<p> </p>

<p> </p>",331625,380 В,2478 мм,686 мм,1110 мм,,,,0,https://entero.ru/manuals/392634/%D0%98%D0%BD%D1%81%D1%82%D1%80%D1%83%D0%BA%D1%86%D0%B8%D1%8F%20%D0%BD%D0%B0%20Fagor%20PS-20_200%20M%20E.pdf,,,237 кг,,Испания,от 19 до 21 кг/ч,200 мм,от 1.5 до 6 м/мин.,электро,,2000 мм,18.37 кВт,1
https://cdn.entero.ru/mp@2x/60/0f/600f5b6a91d95e642aadf737c39e40c9.jpg;https://cdn.entero.ru/mp@2x/9b/69/9b694e2442df35db0ec7285a6d6d465f.jpg,Каландр гладильный Girbau PB5125,901322,3164000,RUB,Да,Girbau,Профоборудование,Прачечное,Гладильно-сушильные катки,https://entero.ru/item/37342,"<p>Каландр гладильный <b class=""b""><a style=""text-decoration:none;cursor:text;"" href=""http://entero.ru/item/37342"">Girbau PB5125</a> </b>используется в прачечных всех типов, образовательных, оздоровительных заведениях, производственных предприятиях, в поликлиниках, гостиницах, детских садах, общежитиях, больницах, роддомах и воинских частях для сушки и глажения прямого белья с остаточной влажностью 50%. Модель имеет возможность устанавливать различные программы обработки белья в зависимости от типа ткани. Гладильные ремни изготовлены из термостойкого и прочного армированного материала Nomex, вал - нержавеющая сталь с хромированным покрытием.</p>

<p><b>Особенности:</b></p>

<ul>
<li>Пристенный каландр с горизонтальной загрузкой</li>
<li>Вход и выдача проглаженного белья с передней стороны машины, что дает возможность обслуживания ее одним оператором.</li>
<li>Использование гладильного вала 80-100%</li>
<li>Автоматическая система регулировки скорости глажения Autospeed в зависимости от типа белья и его влажности</li>
<li>Система Optifeed с отображением в режиме реального времени на панели управления зоны подачи с самой высокой температурой и подсветкой на гладильной поверхности</li>
<li>Приспособление защиты пальцев для обеспечения безопасной работы оператора</li>
</ul>

<p><b>Дополнительные характеристики:</b></p>

<ul>
<li>Длина вала: 2530 мм</li>
<li>Вентилятор для отвода воздуха: 0,55 кВт</li>
<li>Испарительная способность: 40 л/ч</li>
<li>Воздухоотвод: Ø 130 мм, 1077 м³/ч </li>
</ul>",37342,380 В,3470 мм,1173 мм,1630 мм,,,,0,,3295833,,1265 кг,,Испания,от 64 до 80 кг/ч,510 мм,от 1 до 9 м/мин.,электро,,2530 мм,49.18 кВт,1
https://cdn.entero.ru/mp@2x/2a/fb/2afb793aebfd59a096027a1b3d72a208.jpg,Каландр гладильный Fagor PS-50/260 TP2 E,Каландр гладильный Fagor PS-50/260 TP2 E,0,RUB,Нет,Fagor,Профоборудование,Прачечное,Гладильно-сушильные катки,https://entero.ru/item/294012,"<p>Гладильный каландр <a style=""text-decoration:none;cursor:text;"" href=""http://entero.ru/item/294012""><b class=""b"">Fagor</b></a><a style=""text-decoration:none;cursor:text;"" href=""http://entero.ru/item/294012""><b class=""b""> PS-35/200 M E</b></a> используется в прачечных образовательных, оздоровительных заведений, производственных предприятий, в поликлиниках, гостиницах, детских садах, общежитиях, больницах, роддомах и воинских частях для сушки и глажения прямого белья сразу после отжима. </p>

<p><b>Особенности:</b></p>

<ul>
<li>Подача белья на возврат</li>
<li>Регулируемая скорость и температура глажения</li>
<li>
<p>5 предустановленных программ, возможность установки новых программ</p>
</li>
</ul>",294012,380 В,3444 мм,1070 мм,1420 мм,,,,0,,,,1180 кг,,Испания,от 60 до 80 кг/ч,500 мм,от 1 до 8 м/мин.,электро,,2600 мм,41.37 кВт,1
https://cdn.entero.ru/mp@2x/59/69/59697f9987d83547f5431a6ef2a79d14.jpg,Каландр гладильный Fagor PS-35/260 M PLUS E,Каландр гладильный Fagor PS-35/260 M PLUS E,0,RUB,Нет,Fagor,Профоборудование,Прачечное,Гладильно-сушильные катки,https://entero.ru/item/341813,"<p>Гладильный каландр <a style=""text-decoration:none;cursor:text;"" href=""http://entero.ru/item/341813""><b class=""b"">Fagor PS-35/260 M PLUS E</b></a> используется в прачечных образовательных, оздоровительных заведений, производственных предприятий, в поликлиниках, гостиницах, детских садах, общежитиях, больницах, роддомах и воинских частях для сушки и глажения прямого белья сразу после отжима. Панели выполнены из нержавеющей стали и искусственной кожи.</p>

<p><b>Особенности:</b></p>

<ul>
<li>Микропроцессорное управление</li>
<li>Фронтальная подача белья</li>
<li>Увеличенная поверхность контакта с белем</li>
<li>Режимы работы:
<ul>
<li>Ручной: выбор скорости и температуры</li>
<li>Автоматический: автоматическая регулировка скорости глажки в зависимости от температуры</li>
</ul>
</li>
<li>Ролик с инвертором: бережное управление для предотвращения износа ремней и механических элементов</li>
<li>Ленты для подачи и глажки Nomex: устойчивы к высоким температурам</li>
<li>Автоматическая остановка при температуре 80 °C: продлевает срок службы гладильных лент</li>
<li>Легкий доступ ко всем компонентам: простота эксплуатации и обслуживания</li>
</ul>

<p><b>Дополнительные характеристики:</b></p>

<ul>
<li>Максимальный уровень шума: 63 дБ</li>
<li>Регулируемая высота подачи: 990 мм</li>
<li>Мощность:
<ul>
<li>Двигатель: 0,37 кВт</li>
<li>Вентилятор: 2х 0,12 кВт</li>
</ul>
</li>
<li>Поток воздуха: 1000 м<sup>3</sup>/ч</li>
</ul>

<p><b>Опции (заказываются отдельно):</b></p>

<ul>
<li>Интеллектуальная система контроля влажности: автоматическая регулировка скорости глажки в зависимости от остаточной влажности</li>
<li>Никелированный цилиндр</li>
</ul>",341813,380 В,3202 мм,686 мм,1112 мм,585 кг,1,3430x770x1400 мм,0,https://entero.ru/manuals/406466/%D0%91%D1%80%D0%BE%D1%88%D1%8E%D1%80%D0%B0%20%D0%BD%D0%B0%20Fagor%20PS-35_260%20M%20PLUS%20E%20%28%D0%B0%D0%BD%D0%B3%D0%BB.%29.pdf,,,545 кг,,Испания,50 кг/ч,325 мм,от 1.5 до 12 м/мин.,электро,,2600 мм,40.5 кВт,
https://cdn.entero.ru/mp@2x/06/38/063808e47e1a3ac2df8e8eab0c32b4db.jpg,Каландр гладильный Вязьма ВК-1640,ВК-1640.2231,952534,RUB,Нет,Вязьма,Профоборудование,Прачечное,Гладильно-сушильные катки,https://entero.ru/item/134818,"<p>Гладильный каландр <b class=""b""><a style=""text-decoration:none;cursor:text;"" href=""http://entero.ru/item/134818"">Вязьма ВК-1640</a> </b>используется в прачечных образовательных, оздоровительных заведениях, производственных предприятиях, в поликлиниках, гостиницах, детских садах, общежитиях, больницах, роддомах и воинских частях для сушки и глажения прямого белья с остаточной влажностью 50%. Модель имеет возможность устанавливать различные программы обработки белья в зависимости от типа ткани. Гладильные ленты изготовлены из термостойкого и прочного армированного материала NOMEX и Meta Armid, а ленты подающего транспортера - из армированного материала NOMEX, вал - с хромированным покрытием.</p>

<p>В комплект поставки входит вентилятор.</p>

<p><b>Особенности: </b></p>

<ul>
<li>Автоматическое микрокомпьютерное управление</li>
<li>Интеллектуальная система поддержания заданной температуры</li>
<li>Встроенный вытяжной вентилятор</li>
<li>Новая конструкция нагревателей обеспечивает максимально эффективную передачу тепла от нагревателей на поверхность гладильного вала и минимальные потери тепла</li>
<li>Индикация скорости и температуры глажения на панели контроллера</li>
<li>Плавная регулировка скорости глажения</li>
<li>Прижимной цилиндр с мягкой обмоткой обеспечивает плотный прижим ткани к поверхности гладильного вала</li>
<li>Увеличенный диаметр гладильного вала</li>
<li>Фторопластовые съемники бережно отделяют бельё от гладильного вала на выходе из зоны глажения</li>
<li>Аварийный ручной привод при пропадании электропитания</li>
<li>Аварийная защитная панель управления:
<ul>
<li>Панель в верхней части позволяет остановить движение лент при неосторожном попадании в зону рук оператора или не расправленного белья</li>
<li>В нижней части - педаль для остановки транспортеров и для включения реверсивного движения</li>
</ul>
</li>
<li>Легкий доступ ко всем обслуживаемым местам каландра</li>
</ul>

<p>​​<b>Характеристики:</b></p>

<ul>
<li>Высота загрузки: 1000 мм</li>
<li>Время подогрева до рабочей температуры: 30 мин.</li>
</ul>

<p><br>
<em>* - Ориентировочное значение получено для эталонного х/б белья с остаточной влажностью не более 50% при максимальном использовании ширины глажения.</em></p>

<p><em><span style=""color:#FF0000;"">Внимание! На фото аналогичная модель другого размера.</span></em></p>",134818,380 В,2130 мм,1025 мм,1225 мм,,,,0,https://entero.ru/manuals/156648/%D0%A1%D0%B5%D1%80%D1%82%D0%B8%D1%84%D0%B8%D0%BA%D0%B0%D1%82%20%D1%81%D0%BE%D0%BE%D1%82%D0%B2%D0%B5%D1%82%D1%81%D1%82%D0%B2%D0%B8%D1%8F.jpg;https://entero.ru/manuals/156649/%D0%9A%D0%B0%D1%82%D0%B0%D0%BB%D0%BE%D0%B3%20%D0%BE%D0%B1%D0%BE%D1%80%D1%83%D0%B4%D0%BE%D0%B2%D0%B0%D0%BD%D0%B8%D1%8F%20%D0%92%D1%8F%D0%B7%D1%8C%D0%BC%D0%B0.pdf,1035363,https://vk.com/video_ext.php?oid=-177656185&id=456239944&hd=2&autoplay=0,570 кг,,Россия,40 кг/ч,414 мм,от 1 до 6 м/мин.,электро,от 80 до 180 °С,1600 мм,22.5 кВт,
https://cdn.entero.ru/mp@2x/b7/a8/b7a88622f776f7bd07a8c90794287c11.jpg,Каландр гладильный Вязьма ВК-1424,ВК-1424.2231,709919,RUB,Нет,Вязьма,Профоборудование,Прачечное,Гладильно-сушильные катки,https://entero.ru/item/134776,"<p>Гладильный каландр <b class=""b""><a style=""text-decoration:none;cursor:text;"" href=""http://entero.ru/item/134776"">Вязьма ВК-1424</a> </b>используется в прачечных образовательных, оздоровительных заведениях, производственных предприятиях, в поликлиниках, гостиницах, детских садах, общежитиях, больницах, роддомах и воинских частях для сушки и глажения прямого белья с остаточной влажностью 50%. Модель имеет возможность устанавливать различные программы обработки белья в зависимости от типа ткани. Гладильные ленты изготовлены из термостойкого и прочного армированного материала NOMEX и Meta Armid, а ленты подающего транспортера - из армированного материала NOMEX, вал - с хромированным покрытием.</p>

<p>В комплект поставки входят частотный преобразователь и вентилятор.</p>

<p><b>Особенности: </b></p>

<ul>
<li>Автоматическое микрокомпьютерное управление</li>
<li>Интеллектуальная система поддержания заданной температуры</li>
<li>Частотный преобразователь</li>
<li>Встроенный вытяжной вентилятор</li>
<li>Новая конструкция нагревателей обеспечивает максимально эффективную передачу тепла от нагревателей на поверхность гладильного вала и минимальные потери тепла</li>
<li>Индикация скорости и температуры глажения на панели контроллера</li>
<li>Плавная регулировка скорости глажения</li>
<li>Прижимной цилиндр с мягкой обмоткой обеспечивает плотный прижим ткани к поверхности гладильного вала</li>
<li>Увеличенный диаметр гладильного вала</li>
<li>Фторопластовые съемники бережно отделяют бельё от гладильного вала на выходе из зоны глажения</li>
<li>Аварийный ручной привод при пропадании электропитания</li>
<li>Аварийная защитная панель управления:
<ul>
<li>Панель в верхней части позволяет остановить движение лент при неосторожном попадании в зону рук оператора или не расправленного белья</li>
<li>В нижней части - педаль для остановки транспортеров и для включения реверсивного движения</li>
</ul>
</li>
<li>Легкий доступ ко всем обслуживаемым местам каландра</li>
</ul>

<p>​​<b>Характеристики:</b></p>

<ul>
<li>Время подогрева до рабочей температуры: 20 мин.</li>
</ul>

<p><em>* - Ориентировочное значение получено для эталонного х/б белья с остаточной влажностью не более 50% при максимальном использовании ширины глажения.</em></p>

<p><em><span style=""color:#FF0000;"">Внимание! На фото аналогичная модель другого размера.</span></em></p>",134776,380 В,2000 мм,600 мм,1105 мм,,,,0,https://entero.ru/manuals/156553/%D0%A1%D0%B5%D1%80%D1%82%D0%B8%D1%84%D0%B8%D0%BA%D0%B0%D1%82%20%D1%81%D0%BE%D0%BE%D1%82%D0%B2%D0%B5%D1%82%D1%81%D1%82%D0%B2%D0%B8%D1%8F.jpg;https://entero.ru/manuals/156554/%D0%9A%D0%B0%D1%82%D0%B0%D0%BB%D0%BE%D0%B3%20%D0%BE%D0%B1%D0%BE%D1%80%D1%83%D0%B4%D0%BE%D0%B2%D0%B0%D0%BD%D0%B8%D1%8F%20%D0%92%D1%8F%D0%B7%D1%8C%D0%BC%D0%B0.pdf,739499,https://vk.com/video_ext.php?oid=-177656185&id=456239944&hd=2&autoplay=0,310 кг,,Россия,25 кг/ч,240 мм,от 1 до 8 м/мин.,электро,от 90 до 170 °С,1400 мм,12 кВт,
https://cdn.entero.ru/mp@2x/1f/6c/1f6c220a7f6908de49024c5727e2faf8.jpg,Каландр гладильный Kromluks KBSU-E/320/1800,Каландр гладильный Kromluks KBSU-E/320/1800,750975,RUB,Нет,,Профоборудование,Прачечное,Гладильно-сушильные катки,https://entero.ru/item/224199,"<p>Гладильный каландр <b class=""b""><a style=""text-decoration:none;cursor:text;"" href=""http://entero.ru/item/224199"">Kromluks KBSU-E/320/1800</a></b> используется в прачечных образовательных, оздоровительных заведений, производственных предприятий, в поликлиниках, гостиницах, детских садах, общежитиях, больницах, роддомах и воинских частях для сушки и глажения прямого белья сразу после отжима, с остаточной влажностью 50%. Ленты выполнены из термостойкого материала ""Nomex"", вал имеет хромированное покрытие.</p>

<p><b>Особенности:</b></p>

<ul>
<li>Сенсорная система защиты рук оператора</li>
<li>Установка: анкерные болты</li>
</ul>

<p><b>Дополнительные характеристики:</b></p>

<ul>
<li>Мощность:
<ul>
<li>ТЭН: 14 кВт</li>
<li>Двигатель: 0,75 кВт</li>
<li>Вентилятор: 0,37 кВт</li>
</ul>
</li>
<li>Сечение кабеля: 4х6 мм<sup>2</sup>​</li>
</ul>

<p><b>Опции (заказываются отдельно):</b></p>

<ul>
<li>Размер вала по заказу</li>
</ul>

<p><br>
<em><span style=""color:#FF0000;"">Внимание! На фото аналогичная модель другого размера.</span></em></p>",224199,,2560 мм,950 мм,1160 мм,,,,0,,,,680 кг,,Турция,,320 мм,,электро,,1800 мм,14 кВт,
https://cdn.entero.ru/mp@2x/51/3f/513fce5b5fade877e66d827e1aefd2cd.jpg,Каландр гладильный Вязьма ВК-2450,ВК-2450.2231,1436887,RUB,Нет,Вязьма,Профоборудование,Прачечное,Гладильно-сушильные катки,https://entero.ru/item/81272,"<p>Гладильный каландр <b class=""b""><a style=""text-decoration:none;cursor:text;"" href=""http://entero.ru/item/81272"">Вязьма ВК-2450</a> </b>используется в прачечных образовательных, оздоровительных заведениях, производственных предприятиях, в поликлиниках, гостиницах, детских садах, общежитиях, больницах, роддомах и воинских частях для сушки и глажения прямого белья с остаточной влажностью 50%. Модель имеет возможность устанавливать различные программы обработки белья в зависимости от типа ткани. Гладильные ленты изготовлены из термостойкого и прочного армированного материала NOMEX и Meta Armid, а ленты подающего транспортера - из армированного материала NOMEX, вал - с хромированным покрытием.</p>

<p>В комплект поставки входят частотный преобразователь и вентилятор.</p>

<p><b>Особенности: </b></p>

<ul>
<li>Автоматическое микрокомпьютерное управление</li>
<li>Интеллектуальная система поддержания заданной температуры</li>
<li>Частотный преобразователь</li>
<li>Встроенный вытяжной вентилятор</li>
<li>Новая конструкция нагревателей обеспечивает максимально эффективную передачу тепла от нагревателей на поверхность гладильного вала и минимальные потери тепла</li>
<li>Индикация скорости и температуры глажения на панели контроллера</li>
<li>Плавная регулировка скорости глажения</li>
<li>Прижимной цилиндр с мягкой обмоткой обеспечивает плотный прижим ткани к поверхности гладильного вала</li>
<li>Увеличенный диаметр гладильного вала</li>
<li>Фторопластовые съемники бережно отделяют бельё от гладильного вала на выходе из зоны глажения</li>
<li>Аварийный ручной привод при пропадании электропитания</li>
<li>Аварийная защитная панель управления:
<ul>
<li>Панель в верхней части позволяет остановить движение лент при неосторожном попадании в зону рук оператора или не расправленного белья</li>
<li>В нижней части - педаль для остановки транспортеров и для включения реверсивного движения</li>
</ul>
</li>
<li>Легкий доступ ко всем обслуживаемым местам каландра</li>
</ul>

<p>​​<b>Характеристики:</b></p>

<ul>
<li>Высота загрузки: 1000 мм</li>
<li>Время подогрева до рабочей температуры: 30 мин.</li>
<li>Габариты в упаковке: 3060х900х1400 мм</li>
</ul>

<p><br>
<em>* Ориентировочное значение получено для эталонного х/б белья с остаточной влажностью не более 50% при максимальном использовании ширины глажения.</em></p>

<p><em><span style=""color:#FF0000;"">Внимание! На фото аналогичная модель другого размера.</span></em></p>",81272,380 В,3060 мм,900 мм,1400 мм,,,,0,https://entero.ru/manuals/55091/%D0%A1%D0%B5%D1%80%D1%82%D0%B8%D1%84%D0%B8%D0%BA%D0%B0%D1%82%20%D1%81%D0%BE%D0%BE%D1%82%D0%B2%D0%B5%D1%82%D1%81%D1%82%D0%B2%D0%B8%D1%8F.jpg;https://entero.ru/manuals/120646/%D0%9A%D0%B0%D1%82%D0%B0%D0%BB%D0%BE%D0%B3%20%D0%BE%D0%B1%D0%BE%D1%80%D1%83%D0%B4%D0%BE%D0%B2%D0%B0%D0%BD%D0%B8%D1%8F%20%D0%92%D1%8F%D0%B7%D1%8C%D0%BC%D0%B0.pdf;https://entero.ru/manuals/302918/%D0%98%D0%BD%D1%81%D1%82%D1%80%D1%83%D0%BA%D1%86%D0%B8%D1%8F%20%D0%BD%D0%B0%20%D0%92%D1%8F%D0%B7%D1%8C%D0%BC%D0%B0%20%D0%92%D0%9A-2450.pdf,1528603,https://vk.com/video_ext.php?oid=-177656185&id=456239944&hd=2&autoplay=0,850 кг,,Россия,85 кг/ч,514 мм,от 1 до 8 м/мин.,электро,от 80 до 200 °С,2400 мм,41.4 кВт,
https://cdn.entero.ru/mp@2x/73/2e/732e699a07c6e2c1a46e452433604d9b.jpg,Каландр гладильный Вязьма ВК-1840,ВК-1840.2231,993845,RUB,Нет,Вязьма,Профоборудование,Прачечное,Гладильно-сушильные катки,https://entero.ru/item/134832,"<p>Гладильный каландр <b class=""b""><a style=""text-decoration:none;cursor:text;"" href=""http://entero.ru/item/134832"">Вязьма ВК-1840</a> </b>используется в прачечных образовательных, оздоровительных заведениях, производственных предприятиях, в поликлиниках, гостиницах, детских садах, общежитиях, больницах, роддомах и воинских частях для сушки и глажения прямого белья с остаточной влажностью 50%. Модель имеет возможность устанавливать различные программы обработки белья в зависимости от типа ткани. Гладильные ленты изготовлены из термостойкого и прочного армированного материала NOMEX и Meta Armid, а ленты подающего транспортера - из армированного материала NOMEX, вал - с хромированным покрытием.</p>

<p><b>Особенности: </b></p>

<ul>
<li>Автоматическое микрокомпьютерное управление</li>
<li>Интеллектуальная система поддержания заданной температуры</li>
<li>Встроенный вытяжной вентилятор</li>
<li>Новая конструкция нагревателей обеспечивает максимально эффективную передачу тепла от нагревателей на поверхность гладильного вала и минимальные потери тепла</li>
<li>Индикация скорости и температуры глажения на панели контроллера</li>
<li>Плавная регулировка скорости глажения</li>
<li>Прижимной цилиндр с мягкой обмоткой обеспечивает плотный прижим ткани к поверхности гладильного вала</li>
<li>Увеличенный диаметр гладильного вала</li>
<li>Фторопластовые съемники бережно отделяют бельё от гладильного вала на выходе из зоны глажения</li>
<li>Аварийный ручной привод при пропадании электропитания</li>
<li>Аварийная защитная панель управления:
<ul>
<li>Панель в верхней части позволяет остановить движение лент при неосторожном попадании в зону рук оператора или не расправленного белья</li>
<li>В нижней части - педаль для остановки транспортеров и для включения реверсивного движения</li>
</ul>
</li>
<li>Легкий доступ ко всем обслуживаемым местам каландра</li>
</ul>

<p>​​<b>Характеристики:</b></p>

<ul>
<li>Время подогрева до рабочей температуры: 30 мин.</li>
</ul>

<p><br>
<em>* - Ориентировочное значение получено для эталонного х/б белья с остаточной влажностью не более 50% при максимальном использовании ширины глажения.</em></p>

<p><em><span style=""color:#FF0000;"">Внимание! На фото аналогичная модель другого размера.</span></em></p>",134832,380 В,2330 мм,1025 мм,1225 мм,693 кг,1,2563x1127x1347 мм,0,https://entero.ru/manuals/156669/%D0%A1%D0%B5%D1%80%D1%82%D0%B8%D1%84%D0%B8%D0%BA%D0%B0%D1%82%20%D1%81%D0%BE%D0%BE%D1%82%D0%B2%D0%B5%D1%82%D1%81%D1%82%D0%B2%D0%B8%D1%8F.jpg;https://entero.ru/manuals/156670/%D0%9A%D0%B0%D1%82%D0%B0%D0%BB%D0%BE%D0%B3%20%D0%BE%D0%B1%D0%BE%D1%80%D1%83%D0%B4%D0%BE%D0%B2%D0%B0%D0%BD%D0%B8%D1%8F%20%D0%92%D1%8F%D0%B7%D1%8C%D0%BC%D0%B0.pdf,,https://vk.com/video_ext.php?oid=-177656185&id=456239944&hd=2&autoplay=0,630 кг,,Россия,50 кг/ч,414 мм,от 1 до 6 м/мин.,электро,от 80 до 108 °С,1800 мм,25.2 кВт,
https://cdn.entero.ru/mp@2x/93/08/9308af2778a29a35b313ad373416e792.jpg,Каландр гладильный Вязьма ВК-2250,ВК-2250.2231,1228503,RUB,Нет,Вязьма,Профоборудование,Прачечное,Гладильно-сушильные катки,https://entero.ru/item/108005,"<p>Гладильный каландр <b class=""b""><a style=""text-decoration:none;cursor:text;"" href=""http://entero.ru/item/108005"">Вязьма ВК-2250</a> </b>используется в прачечных образовательных, оздоровительных заведениях, производственных предприятиях, в поликлиниках, гостиницах, детских садах, общежитиях, больницах, роддомах и воинских частях для сушки и глажения прямого белья с остаточной влажностью 50%. Модель имеет возможность устанавливать различные программы обработки белья в зависимости от типа ткани.</p>

<p><b>Особенности: </b></p>

<ul>
<li>Автоматическое микрокомпьютерное управление</li>
<li>Встроенный вытяжной вентилятор</li>
<li>Механизм переключения прямого и обратного хода</li>
<li>Электронный терморегулятор</li>
<li>Блок электрических нагревателей (электрокалорифер) для эффективной передачи тепла и снижения тепловых потерь</li>
<li>Гладильные ленты Nomex с замками из нержавеющей стали</li>
<li>Увеличенный диаметр гладильного вала</li>
<li>Хромированное покрытие гладильного вала</li>
</ul>

<p><b>​​Характеристики:</b></p>

<ul>
<li>Время подогрева до рабочей температуры: 30 мин.</li>
</ul>",108005,380 В,2730 мм,1060 мм,1215 мм,,,,0,https://entero.ru/manuals/156691/%D0%A1%D0%B5%D1%80%D1%82%D0%B8%D1%84%D0%B8%D0%BA%D0%B0%D1%82%20%D1%81%D0%BE%D0%BE%D1%82%D0%B2%D0%B5%D1%82%D1%81%D1%82%D0%B2%D0%B8%D1%8F.jpg;https://entero.ru/manuals/156692/%D0%9A%D0%B0%D1%82%D0%B0%D0%BB%D0%BE%D0%B3%20%D0%BE%D0%B1%D0%BE%D1%80%D1%83%D0%B4%D0%BE%D0%B2%D0%B0%D0%BD%D0%B8%D1%8F%20%D0%92%D1%8F%D0%B7%D1%8C%D0%BC%D0%B0.pdf,1320971,https://vk.com/video_ext.php?oid=-177656185&id=456239944&hd=2&autoplay=0,780 кг,,Россия,87 кг/ч,514 мм,от 1 до 8 м/мин.,электро,от 80 до 200 °С,2200 мм,37.8 кВт,
https://cdn.entero.ru/mp@2x/15/41/1541a1564351899a9076313fb31e1a9a.jpg,Каландр гладильный Kromluks KBSU-E/500/1500,Каландр гладильный Kromluks KBSU-E/500/1500,765846,RUB,Нет,,Профоборудование,Прачечное,Гладильно-сушильные катки,https://entero.ru/item/224205,"<p>Гладильный каландр <b class=""b""><a style=""text-decoration:none;cursor:text;"" href=""http://entero.ru/item/224205"">Kromluks KBSU-E/500/1500</a></b> используется в прачечных образовательных, оздоровительных заведений, производственных предприятий, в поликлиниках, гостиницах, детских садах, общежитиях, больницах, роддомах и воинских частях для сушки и глажения прямого белья сразу после отжима, с остаточной влажностью 50%. Ленты выполнены из термостойкого материала ""Nomex"", вал имеет хромированное покрытие.</p>

<p><b>Особенности:</b></p>

<ul>
<li>Сенсорная система защиты рук оператора</li>
<li>Установка: анкерные болты</li>
</ul>

<p><b>Дополнительные характеристики:</b></p>

<ul>
<li>Мощность:
<ul>
<li>ТЭН: 19 кВт</li>
<li>Двигатель: 0,75 кВт</li>
<li>Вентилятор: 0,37 кВт</li>
</ul>
</li>
<li>Вход пара: 1""</li>
<li>Вход конденсата: 3/4""</li>
<li>Сечение кабеля: 4х10 мм<sup>2</sup>​</li>
</ul>

<p><b>Опции (заказываются отдельно):</b></p>

<ul>
<li>Размер вала по заказу</li>
</ul>

<p><br>
<em><span style=""color:#FF0000;"">Внимание! На фото аналогичная модель другого размера.</span></em></p>",224205,,2270 мм,1250 мм,1250 мм,,,,0,,814730,,750 кг,,Турция,,500 мм,,электро,,1500 мм,19 кВт,
https://cdn.entero.ru/mp@2x/20/3f/203fb532060a122bf9ef10ffed4d1b14.jpg,Каландр гладильный Kromluks KBSU-В/320/1800,Каландр гладильный Kromluks KBSU-В/320/1800,809789,RUB,Нет,,Профоборудование,Прачечное,Гладильно-сушильные катки,https://entero.ru/item/224216,"<p>Гладильный каландр <b class=""b""><a style=""text-decoration:none;cursor:text;"" href=""http://entero.ru/item/224216"">Kromluks KBSU-В/320/1800</a></b> используется в прачечных образовательных, оздоровительных заведений, производственных предприятий, в поликлиниках, гостиницах, детских садах, общежитиях, больницах, роддомах и воинских частях для сушки и глажения прямого белья сразу после отжима, с остаточной влажностью 50%. Ленты выполнены из термостойкого материала ""Nomex"", вал имеет хромированное покрытие.</p>

<p><b>Особенности:</b></p>

<ul>
<li>Сенсорная система защиты рук оператора</li>
<li>Установка: анкерные болты</li>
</ul>

<p><b>Дополнительные характеристики:</b></p>

<ul>
<li>Давление пара: от 4 до 10 кПа</li>
<li>Мощность:
<ul>
<li>Двигатель: 0,75 кВт</li>
<li>Вентилятор: 0,37 кВт</li>
</ul>
</li>
<li>Сечение кабеля: 4х4 мм<sup>2</sup>​</li>
</ul>

<p><b>Опции (заказываются отдельно):</b></p>

<ul>
<li>Размер вала по заказу</li>
</ul>

<p><br>
<em><span style=""color:#FF0000;"">Внимание! На фото аналогичная модель другого размера.</span></em></p>",224216,,2560 мм,950 мм,1160 мм,,,,0,,843530,,680 кг,,Турция,,320 мм,,пар,,1800 мм,,
https://cdn.entero.ru/mp@2x/a2/97/a297a0a15b3a570c920bc4b48a5be273.jpg,Каландр гладильный Kromluks KBSU-E/600/2000,Каландр гладильный Kromluks KBSU-E/600/2000,1011214,RUB,Нет,,Профоборудование,Прачечное,Гладильно-сушильные катки,https://entero.ru/item/224208,"<p>Гладильный каландр <b class=""b""><a style=""text-decoration:none;cursor:text;"" href=""http://entero.ru/item/224208"">Kromluks KBSU-E/600/2000</a></b> используется в прачечных образовательных, оздоровительных заведений, производственных предприятий, в поликлиниках, гостиницах, детских садах, общежитиях, больницах, роддомах и воинских частях для сушки и глажения прямого белья сразу после отжима, с остаточной влажностью 50%. Ленты выполнены из термостойкого материала ""Nomex"", вал имеет хромированное покрытие.</p>

<p><b>Особенности:</b></p>

<ul>
<li>Сенсорная система защиты рук оператора</li>
<li>Установка: анкерные болты</li>
</ul>

<p><b>Дополнительные характеристики:</b></p>

<ul>
<li>Мощность:
<ul>
<li>ТЭН: 24 кВт</li>
<li>Двигатель: 1,1 кВт</li>
<li>Вентилятор: 0,37 кВт</li>
</ul>
</li>
<li>Вход пара: 1""</li>
<li>Вход конденсата: 3/4""</li>
<li>Сечение кабеля: 4х10 мм<sup>2</sup>​</li>
</ul>

<p><b>Опции (заказываются отдельно):</b></p>

<ul>
<li>Размер вала по заказу</li>
</ul>

<p><br>
<em><span style=""color:#FF0000;"">Внимание! На фото аналогичная модель другого размера.</span></em></p>",224208,,2850 мм,1400 мм,1320 мм,,,,0,,1075760,,1260 кг,,Турция,,600 мм,,электро,,2000 мм,24 кВт,
https://cdn.entero.ru/mp@2x/53/9c/539c6d895ddc196dffee5507a7b0c358.jpg,Каландр гладильный Вязьма ВК-2050,Каландр гладильный Вязьма ВК-2050,1150898,RUB,Нет,Вязьма,Профоборудование,Прачечное,Гладильно-сушильные катки,https://entero.ru/item/81269,"<p>Гладильный каландр <b class=""b""><a style=""text-decoration:none;cursor:text;"" href=""http://entero.ru/item/81269"">Вязьма ВК-2050</a> </b>используется в прачечных образовательных, оздоровительных заведениях, производственных предприятиях, в поликлиниках, гостиницах, детских садах, общежитиях, больницах, роддомах и воинских частях для сушки и глажения прямого белья с остаточной влажностью 50%. Модель имеет возможность устанавливать различные программы обработки белья в зависимости от типа ткани. Гладильные ленты изготовлены из термостойкого и прочного армированного материала NOMEX и Meta Armid, а ленты подающего транспортера - из армированного материала NOMEX, вал - с хромированным покрытием.</p>

<p><b>Особенности: </b></p>

<ul>
<li>Автоматическое микрокомпьютерное управление</li>
<li>Интеллектуальная система поддержания заданной температуры</li>
<li>Встроенный вытяжной вентилятор</li>
<li>Новая конструкция нагревателей обеспечивает максимально эффективную передачу тепла от нагревателей на поверхность гладильного вала и минимальные потери тепла</li>
<li>Индикация скорости и температуры глажения на панели контроллера</li>
<li>Плавная регулировка скорости глажения</li>
<li>Прижимной цилиндр с мягкой обмоткой обеспечивает плотный прижим ткани к поверхности гладильного вала</li>
<li>Увеличенный диаметр гладильного вала</li>
<li>Фторопластовые съемники бережно отделяют бельё от гладильного вала на выходе из зоны глажения</li>
<li>Аварийный ручной привод при пропадании электропитания</li>
<li>Аварийная защитная панель управления:
<ul>
<li>Панель в верхней части позволяет остановить движение лент при неосторожном попадании в зону рук оператора или не расправленного белья</li>
<li>В нижней части - педаль для остановки транспортеров и для включения реверсивного движения</li>
</ul>
</li>
<li>Легкий доступ ко всем обслуживаемым местам каландра</li>
</ul>

<p>​​<b>Характеристики:</b></p>

<ul>
<li>Высота загрузки: 1000 мм</li>
<li>Время подогрева до рабочей температуры: 30 мин.</li>
</ul>

<p><em>* - Ориентировочное значение получено для эталонного х/б белья с остаточной влажностью не более 50% при максимальном использовании ширины глажения.</em></p>

<p><em><span style=""color:#FF0000;"">Внимание! На фото аналогичная модель другого размера.</span></em></p>",81269,380 В,2565 мм,1060 мм,1175 мм,,,,0,https://entero.ru/manuals/55086/%D0%A1%D0%B5%D1%80%D1%82%D0%B8%D1%84%D0%B8%D0%BA%D0%B0%D1%82%20%D1%81%D0%BE%D0%BE%D1%82%D0%B2%D0%B5%D1%82%D1%81%D1%82%D0%B2%D0%B8%D1%8F.jpg;https://entero.ru/manuals/120644/%D0%9A%D0%B0%D1%82%D0%B0%D0%BB%D0%BE%D0%B3%20%D0%BE%D0%B1%D0%BE%D1%80%D1%83%D0%B4%D0%BE%D0%B2%D0%B0%D0%BD%D0%B8%D1%8F%20%D0%92%D1%8F%D0%B7%D1%8C%D0%BC%D0%B0.pdf;https://entero.ru/manuals/302917/%D0%98%D0%BD%D1%81%D1%82%D1%80%D1%83%D0%BA%D1%86%D0%B8%D1%8F%20%D0%BD%D0%B0%20%D0%92%D1%8F%D0%B7%D1%8C%D0%BC%D0%B0%20%D0%92%D0%9A-2050.pdf,1224360,https://vk.com/video_ext.php?oid=-177656185&id=456239944&hd=2&autoplay=0,750 кг,,Россия,65 кг/ч,514 мм,от 1 до 8 м/мин.,электро,от 80 до 200 °С,2000 мм,34.2 кВт,
https://cdn.entero.ru/mp@2x/bf/68/bf681a59b7a53b61109e346d9fb612e5.jpg,Каландр гладильный Kromluks KBSU-E/750/2500,Каландр гладильный Kromluks KBSU-E/750/2500,1483362,RUB,Нет,,Профоборудование,Прачечное,Гладильно-сушильные катки,https://entero.ru/item/224211,"<p>Гладильный каландр <b class=""b""><a style=""text-decoration:none;cursor:text;"" href=""http://entero.ru/item/224211"">Kromluks KBSU-E/750/2500</a></b> используется в прачечных образовательных, оздоровительных заведений, производственных предприятий, в поликлиниках, гостиницах, детских садах, общежитиях, больницах, роддомах и воинских частях для сушки и глажения прямого белья сразу после отжима, с остаточной влажностью 50%. Ленты выполнены из термостойкого материала ""Nomex"", вал имеет хромированное покрытие.</p>

<p><b>Особенности:</b></p>

<ul>
<li>Сенсорная система защиты рук оператора</li>
<li>Установка: анкерные болты</li>
</ul>

<p><b>Дополнительные характеристики:</b></p>

<ul>
<li>Мощность:
<ul>
<li>ТЭН: 28 кВт</li>
<li>Двигатель: 2,2 кВт</li>
<li>Вентилятор: 0,37 кВт</li>
</ul>
</li>
<li>Вход пара: 1""</li>
<li>Вход конденсата: 3/4""</li>
<li>Сечение кабеля: 4х10 мм<sup>2</sup>​</li>
</ul>

<p><b>Опции (заказываются отдельно):</b></p>

<ul>
<li>Размер вала по заказу</li>
</ul>

<p><br>
<em><span style=""color:#FF0000;"">Внимание! На фото аналогичная модель другого размера.</span></em></p>",224211,,3450 мм,1550 мм,1700 мм,,,,0,,1561434,,1720 кг,,Турция,,750 мм,,электро,,2500 мм,28 кВт,
https://cdn.entero.ru/mp@2x/72/62/7262357b97a1261c3dea44b41f0643ef.jpg;https://cdn.entero.ru/mp@2x/19/fc/19fc48c10090f31e4b3ed30d3637e8a8.jpg;https://cdn.entero.ru/mp@2x/60/50/6050b2b044078f6d123b68c5bda1b5ce.jpg;https://cdn.entero.ru/mp@2x/65/e5/65e58706211d7819fb48b0d91d890c53.jpg,Каток гладильно-сушильный GMP G 21.35,Каток гладильно-сушильный GMP G 21.35,1536640,RUB,Нет,GMP,Профоборудование,Прачечное,Гладильно-сушильные катки,https://entero.ru/item/29909,"<p>Гладильно-сушильный каток <b class=""b""><a style=""text-decoration:none;cursor:text;"" href=""http://entero.ru/item/29909"">GMP G 21.35</a></b> используется в прачечных образовательных, оздоровительных заведениях, гостиницах, детских садах, общежитиях, больницах, роддомах и прачечных самообслуживания для глажения прямого белья с остаточной влажностью 50%. Модель оснащена педалью ножного управления. Гладильные ремни выполнены из полированной стали с термостойким покрытием NOMEX.</p>

<p><b>Особенности:</b></p>

<ul>
<li>Управление микропроцессором</li>
<li>Регулируемая скорость глажения</li>
<li>Высококачественные сертифицированные цилиндры</li>
<li>Автоматическое охлаждение ""Cool-down""</li>
<li>Специально разработанный прижимный вал</li>
<li>Подача белья с помощью ремней</li>
<li>Натяжные ролики ремней произведены накаткой, что облегчает обслуживание</li>
<li>Вытяжка паров с системой воздушных лезвий гарантирует ультра-эффективную вытяжку паров благодаря более широкой вытяжной поверхности</li>
<li>Фронтальный возврат обработанного белья</li>
<li>Пылезащитные фильтры предохраняют двигатели вытяжных устройств от перегрева из-за недостаточной вентиляции и продлевают срок их службы</li>
<li>Аварийный выключатель и система защиты пальцев</li>
<li>Легкий доступ к деталям</li>
</ul>

<p><b>Характеристики:</b></p>

<ul>
<li>Производительность: 56 кг/ч</li>
<li>Скорость глажения: от 1,6 до 5 м/мин.</li>
<li>Размер вала: 2100х325 мм</li>
<li>Объем отводимого воздуха: 280 м<sup>3</sup>/час</li>
<li>Объем отводимых дымов: 140 м<sup>3</sup>/час</li>
<li>Напряжение: 380 В</li>
<li>Мощность:
<ul>
<li>Нагрев: 23,4 кВт</li>
<li>Двигатель: 1 кВт</li>
</ul>
</li>
<li>Габариты: 2640x550x1100 мм</li>
<li>Габариты в упаковке: 2850x690x1500 мм</li>
<li>Вес: 548 кг</li>
<li>Вес с упаковкой: 580 кг</li>
</ul>

<p><b>Опции (заказываются отдельно):</b></p>

<ul>
<li>Версия с газовым нагревом</li>
<li>Версия с паровым нагревом</li>
<li>Хромированный вал с гарантией от коррозии на 3 года</li>
<li>2 датчика температуры</li>
<li>Версия для прачечных самообслуживания</li>
</ul>",29909,,,,,,,,0,https://entero.ru/manuals/80257/%D0%98%D0%BD%D1%81%D1%82%D1%80%D1%83%D0%BA%D1%86%D0%B8%D1%8F%20%D0%BD%D0%B0%20GMP%20G%2021.35.pdf;https://entero.ru/manuals/71047/%D0%91%D1%80%D0%BE%D1%88%D1%8E%D1%80%D0%B0%20%D0%BD%D0%B0%20GMP%20G%2021.35.pdf,,,,,,,,,,,,,
https://cdn.entero.ru/mp@2x/6c/b3/6cb3ef69b0717d98ff4e5612ffc66d3f.jpg,Каландр гладильный Kromluks KBSU-E/1200/3000,Каландр гладильный Kromluks KBSU-E/1200/3000,1970381,RUB,Нет,,Профоборудование,Прачечное,Гладильно-сушильные катки,https://entero.ru/item/224215,"<p>Гладильный каландр <b class=""b""><a style=""text-decoration:none;cursor:text;"" href=""http://entero.ru/item/224215"">Kromluks KBSU-E/1200/3000</a></b> используется в прачечных образовательных, оздоровительных заведений, производственных предприятий, в поликлиниках, гостиницах, детских садах, общежитиях, больницах, роддомах и воинских частях для сушки и глажения прямого белья сразу после отжима, с остаточной влажностью 50%. Ленты выполнены из термостойкого материала ""Nomex"", вал имеет хромированное покрытие.</p>

<p><b>Особенности:</b></p>

<ul>
<li>Сенсорная система защиты рук оператора</li>
<li>Установка: анкерные болты</li>
</ul>

<p><b>Дополнительные характеристики:</b></p>

<ul>
<li>Мощность:
<ul>
<li>ТЭН: 48 кВт</li>
<li>Двигатель: 2,2 кВт</li>
<li>Вентилятор: 0,37 кВт</li>
</ul>
</li>
<li>Вход пара: 1""</li>
<li>Вход конденсата: 3/4""</li>
<li>Сечение кабеля: 4х16 мм<sup>2</sup>​</li>
</ul>

<p><b>Опции (заказываются отдельно):</b></p>

<ul>
<li>Размер вала по заказу</li>
</ul>

<p><br>
<em><span style=""color:#FF0000;"">Внимание! На фото аналогичная модель другого размера.</span></em></p>",224215,,4040 мм,1800 мм,1770 мм,,,,0,,2096150,,2160 кг,,Турция,,1200 мм,,электро,,3000 мм,48 кВт,
https://cdn.entero.ru/mp@2x/c7/99/c799520dda8f6feb966d1820170044b5.jpg,Каландр гладильный Вязьма ВК-2800,Каландр гладильный Вязьма ВК-2800,1999259,RUB,Нет,Вязьма,Профоборудование,Прачечное,Гладильно-сушильные катки,https://entero.ru/item/81274,"<p>Гладильный каландр <b class=""b""><a style=""text-decoration:none;cursor:text;"" href=""http://entero.ru/item/81274"">Вязьма ВК-2800</a> </b>используется в прачечных образовательных, оздоровительных заведениях, производственных предприятиях, в поликлиниках, гостиницах, детских садах, общежитиях, больницах, роддомах и воинских частях для сушки и глажения прямого белья с остаточной влажностью 50%. Модель имеет возможность устанавливать различные программы обработки белья в зависимости от типа ткани.</p>

<p><b>Особенности: </b></p>

<ul>
<li>Автоматическое микрокомпьютерное управление</li>
<li>Вытяжное устройство для удаления влаги</li>
<li>Механизм переключения прямого и обратного хода​</li>
</ul>

<p><em>* Ориентировочное значение получено для эталонного х/б белья с остаточной влажностью не более 50% при максимальном использовании ширины глажения.</em></p>",81274,380 В,3850 мм,1540 мм,1390 мм,,,,0,https://entero.ru/manuals/120649/%D0%9A%D0%B0%D1%82%D0%B0%D0%BB%D0%BE%D0%B3%20%D0%BE%D0%B1%D0%BE%D1%80%D1%83%D0%B4%D0%BE%D0%B2%D0%B0%D0%BD%D0%B8%D1%8F%20%D0%92%D1%8F%D0%B7%D1%8C%D0%BC%D0%B0.pdf;https://entero.ru/manuals/302921/%D0%98%D0%BD%D1%81%D1%82%D1%80%D1%83%D0%BA%D1%86%D0%B8%D1%8F%20%D0%BD%D0%B0%20%D0%92%D1%8F%D0%B7%D1%8C%D0%BC%D0%B0%20%D0%92%D0%9A-2800.pdf,2173108,https://vk.com/video_ext.php?oid=-177656185&id=456239944&hd=2&autoplay=0,1800 кг,,Россия,105 кг/ч,800 мм,6 м/мин.,электро,,2800 мм,26.4 кВт,
https://cdn.entero.ru/mp@2x/9c/e6/9ce61172fb27cd114bc854b8601fd2d2.jpg,Каландр гладильный Kromluks KBSU-В/500/1500,Каландр гладильный Kromluks KBSU-В/500/1500,736105,RUB,Нет,,Профоборудование,Прачечное,Гладильно-сушильные катки,https://entero.ru/item/224217,"<p>Гладильный каландр <b class=""b""><a style=""text-decoration:none;cursor:text;"" href=""http://entero.ru/item/224217"">Kromluks KBSU-В/500/1500</a></b> используется в прачечных образовательных, оздоровительных заведений, производственных предприятий, в поликлиниках, гостиницах, детских садах, общежитиях, больницах, роддомах и воинских частях для сушки и глажения прямого белья сразу после отжима, с остаточной влажностью 50%. Ленты выполнены из термостойкого материала ""Nomex"", вал имеет хромированное покрытие.</p>

<p><b>Особенности:</b></p>

<ul>
<li>Сенсорная система защиты рук оператора</li>
<li>Установка: анкерные болты</li>
</ul>

<p><b>Дополнительные характеристики:</b></p>

<ul>
<li>Давление пара: от 4 до 10 кПа</li>
<li>Расход пара: 30 кг/ч</li>
<li>Мощность:
<ul>
<li>Двигатель: 0,75 кВт</li>
<li>Вентилятор: 0,37 кВт</li>
</ul>
</li>
<li>Вход пара: 1""</li>
<li>Вход конденсата: 3/4""</li>
<li>Сечение кабеля: 4х4 мм<sup>2</sup>​</li>
</ul>

<p><b>Опции (заказываются отдельно):</b></p>

<ul>
<li>Размер вала по заказу</li>
</ul>

<p><br>
<em><span style=""color:#FF0000;"">Внимание! На фото аналогичная модель другого размера.</span></em></p>",224217,,2270 мм,1250 мм,1250 мм,,,,0,,783090,,750 кг,,Турция,,500 мм,,пар,,1500 мм,,
https://cdn.entero.ru/mp@2x/73/0d/730d5c605dec40ce7c2bf01b871d169c.jpg,Каландр гладильный Kromluks KBSU-В/600/1800,Каландр гладильный Kromluks KBSU-В/600/1800,817894,RUB,Нет,,Профоборудование,Прачечное,Гладильно-сушильные катки,https://entero.ru/item/224218,"<p>Гладильный каландр <b class=""b""><a style=""text-decoration:none;cursor:text;"" href=""http://entero.ru/item/224218"">Kromluks KBSU-В/600/1800</a></b> используется в прачечных образовательных, оздоровительных заведений, производственных предприятий, в поликлиниках, гостиницах, детских садах, общежитиях, больницах, роддомах и воинских частях для сушки и глажения прямого белья сразу после отжима, с остаточной влажностью 50%. Ленты выполнены из термостойкого материала ""Nomex"", вал имеет хромированное покрытие.</p>

<p><b>Особенности:</b></p>

<ul>
<li>Сенсорная система защиты рук оператора</li>
<li>Установка: анкерные болты</li>
</ul>

<p><b>Дополнительные характеристики:</b></p>

<ul>
<li>Давление пара: от 4 до 10 кПа</li>
<li>Расход пара: 30 кг/ч</li>
<li>Мощность:
<ul>
<li>Двигатель: 1,1 кВт</li>
<li>Вентилятор: 0,37 кВт</li>
</ul>
</li>
<li>Вход пара: 1""</li>
<li>Вход конденсата: 3/4""</li>
<li>Сечение кабеля: 4х4 мм<sup>2</sup>​</li>
</ul>

<p><b>Опции (заказываются отдельно):</b></p>

<ul>
<li>Размер вала по заказу</li>
</ul>

<p><br>
<em><span style=""color:#FF0000;"">Внимание! На фото аналогичная модель другого размера.</span></em></p>",224218,,2650 мм,1400 мм,1320 мм,,,,0,,889015,,1240 кг,,Турция,,600 мм,,пар,,1800 мм,,
https://cdn.entero.ru/mp@2x/a5/f8/a5f88d261cf50dded230ef1d500014d3.jpg,Каландр гладильный Kromluks KBSU-E/600/1800,Каландр гладильный Kromluks KBSU-E/600/1800,960654,RUB,Нет,,Профоборудование,Прачечное,Гладильно-сушильные катки,https://entero.ru/item/224207,"<p>Гладильный каландр <b class=""b""><a style=""text-decoration:none;cursor:text;"" href=""http://entero.ru/item/224207"">Kromluks KBSU-E/600/1800</a></b> используется в прачечных образовательных, оздоровительных заведений, производственных предприятий, в поликлиниках, гостиницах, детских садах, общежитиях, больницах, роддомах и воинских частях для сушки и глажения прямого белья сразу после отжима, с остаточной влажностью 50%. Ленты выполнены из термостойкого материала ""Nomex"", вал имеет хромированное покрытие.</p>

<p><b>Особенности:</b></p>

<ul>
<li>Сенсорная система защиты рук оператора</li>
<li>Установка: анкерные болты</li>
</ul>

<p><b>Дополнительные характеристики:</b></p>

<ul>
<li>Мощность:
<ul>
<li>ТЭН: 24 кВт</li>
<li>Двигатель: 1,1 кВт</li>
<li>Вентилятор: 0,37 кВт</li>
</ul>
</li>
<li>Вход пара: 1""</li>
<li>Вход конденсата: 3/4""</li>
<li>Сечение кабеля: 4х10 мм<sup>2</sup>​</li>
</ul>

<p><b>Опции (заказываются отдельно):</b></p>

<ul>
<li>Размер вала по заказу</li>
</ul>

<p><br>
<em><span style=""color:#FF0000;"">Внимание! На фото аналогичная модель другого размера.</span></em></p>",224207,,2650 мм,1400 мм,1320 мм,,,,0,,1000681,,1240 кг,,Турция,,600 мм,,электро,,1800 мм,24 кВт,
https://cdn.entero.ru/mp@2x/be/28/be2863644cf02797cffe3783c60f46f4.jpg,Каландр гладильный Вязьма ВК-1640П,ВК-1640П.2231,1024880,RUB,Нет,Вязьма,Профоборудование,Прачечное,Гладильно-сушильные катки,https://entero.ru/item/134829,"<p>Гладильный каландр <b class=""b""><a style=""text-decoration:none;cursor:text;"" href=""http://entero.ru/item/134829"">Вязьма ВК-1640П</a> </b>используется в прачечных образовательных, оздоровительных заведениях, производственных предприятиях, в поликлиниках, гостиницах, детских садах, общежитиях, больницах, роддомах и воинских частях для сушки и глажения прямого белья с остаточной влажностью 50%. Модель имеет возможность устанавливать различные программы обработки белья в зависимости от типа ткани. Гладильные ленты изготовлены из термостойкого и прочного армированного материала NOMEX и Meta Armid, а ленты подающего транспортера - из армированного материала NOMEX, вал - с хромированным покрытием.</p>

<p>В комплект поставки входит вентилятор.</p>

<p><b>Особенности: </b></p>

<ul>
<li>Автоматическое микрокомпьютерное управление</li>
<li>Интеллектуальная система поддержания заданной температуры</li>
<li>Встроенный вытяжной вентилятор</li>
<li>Новая конструкция нагревателей обеспечивает максимально эффективную передачу тепла от нагревателей на поверхность гладильного вала и минимальные потери тепла</li>
<li>Индикация скорости и температуры глажения на панели контроллера</li>
<li>Плавная регулировка скорости глажения</li>
<li>Прижимной цилиндр с мягкой обмоткой обеспечивает плотный прижим ткани к поверхности гладильного вала</li>
<li>Увеличенный диаметр гладильного вала</li>
<li>Фторопластовые съемники бережно отделяют бельё от гладильного вала на выходе из зоны глажения</li>
<li>Аварийный ручной привод при пропадании электропитания</li>
<li>Аварийная защитная панель управления:
<ul>
<li>Панель в верхней части позволяет остановить движение лент при неосторожном попадании в зону рук оператора или не расправленного белья</li>
<li>В нижней части - педаль для остановки транспортеров и для включения реверсивного движения</li>
</ul>
</li>
<li>Легкий доступ ко всем обслуживаемым местам каландра</li>
</ul>

<p>​​<b>Характеристики:</b></p>

<ul>
<li>Высота загрузки: 1000 мм</li>
<li>Время подогрева до рабочей температуры: 30 мин.</li>
<li>Давление пара рабочее: от 0,4 до 0,6 МПа</li>
<li>Условный проход подвода пара и отвода конденсата: 20 мм</li>
</ul>

<p><br>
<em>* - Ориентировочное значение получено для эталонного х/б белья с остаточной влажностью не более 50% при максимальном использовании ширины глажения.</em></p>

<p><em><span style=""color:#FF0000;"">Внимание! На фото аналогичная модель другого размера.</span></em></p>",134829,380 В,2130 мм,1035 мм,1225 мм,,,,0,https://entero.ru/manuals/156659/%D0%A1%D0%B5%D1%80%D1%82%D0%B8%D1%84%D0%B8%D0%BA%D0%B0%D1%82%20%D1%81%D0%BE%D0%BE%D1%82%D0%B2%D0%B5%D1%82%D1%81%D1%82%D0%B2%D0%B8%D1%8F.jpg;https://entero.ru/manuals/156660/%D0%9A%D0%B0%D1%82%D0%B0%D0%BB%D0%BE%D0%B3%20%D0%BE%D0%B1%D0%BE%D1%80%D1%83%D0%B4%D0%BE%D0%B2%D0%B0%D0%BD%D0%B8%D1%8F%20%D0%92%D1%8F%D0%B7%D1%8C%D0%BC%D0%B0.pdf,,,570 кг,,Россия,40 кг/ч,414 мм,от 1 до 6 м/мин.,пар,от 80 до 160 °С,1600 мм,,
https://cdn.entero.ru/mp@2x/58/89/5889aff02924029f0cf0021aad7a83ce.jpg,Каландр гладильный Вязьма ВК-1840П,ВК-1840П.2231,1066325,RUB,Нет,Вязьма,Профоборудование,Прачечное,Гладильно-сушильные катки,https://entero.ru/item/134834,"<p>Гладильный каландр <b class=""b""><a style=""text-decoration:none;cursor:text;"" href=""http://entero.ru/item/134834"">Вязьма ВК-1840П</a> </b>используется в прачечных образовательных, оздоровительных заведениях, производственных предприятиях, в поликлиниках, гостиницах, детских садах, общежитиях, больницах, роддомах и воинских частях для сушки и глажения прямого белья с остаточной влажностью 50%. Модель имеет возможность устанавливать различные программы обработки белья в зависимости от типа ткани. Гладильные ленты изготовлены из термостойкого и прочного армированного материала NOMEX и Meta Armid, а ленты подающего транспортера - из армированного материала NOMEX, вал - с хромированным покрытием.</p>

<p><b>Особенности: </b></p>

<ul>
<li>Автоматическое микрокомпьютерное управление</li>
<li>Интеллектуальная система поддержания заданной температуры</li>
<li>Встроенный вытяжной вентилятор</li>
<li>Новая конструкция нагревателей обеспечивает максимально эффективную передачу тепла от нагревателей на поверхность гладильного вала и минимальные потери тепла</li>
<li>Индикация скорости и температуры глажения на панели контроллера</li>
<li>Плавная регулировка скорости глажения</li>
<li>Прижимной цилиндр с мягкой обмоткой обеспечивает плотный прижим ткани к поверхности гладильного вала</li>
<li>Увеличенный диаметр гладильного вала</li>
<li>Фторопластовые съемники бережно отделяют бельё от гладильного вала на выходе из зоны глажения</li>
<li>Аварийный ручной привод при пропадании электропитания</li>
<li>Аварийная защитная панель управления:
<ul>
<li>Панель в верхней части позволяет остановить движение лент при неосторожном попадании в зону рук оператора или не расправленного белья</li>
<li>В нижней части - педаль для остановки транспортеров и для включения реверсивного движения</li>
</ul>
</li>
<li>Легкий доступ ко всем обслуживаемым местам каландра</li>
</ul>

<p>​​<b>Характеристики:</b></p>

<ul>
<li>Высота загрузки: 1000 мм</li>
<li>Время подогрева до рабочей температуры: 30 мин.</li>
<li>Удельный расход:
<ul>
<li>Электроэнергия: 0,01 кВт*ч/кг</li>
<li>Пар: 1 кг/кг</li>
</ul>
</li>
<li>Требования к подводящим коммуникациям:
<ul>
<li>Давление пара: от 0,4 до 0,6 МПа</li>
<li>Условный проход подвода пара и отвода конденсата: 20 мм</li>
</ul>
</li>
</ul>

<p><br>
<em>* - Ориентировочное значение получено для эталонного х/б белья с остаточной влажностью не более 50% при максимальном использовании ширины глажения.</em></p>

<p><em><span style=""color:#FF0000;"">Внимание! На фото аналогичная модель другого размера.</span></em></p>",134834,380 В,2330 мм,1035 мм,1225 мм,,,,0,https://entero.ru/manuals/156674/%D0%A1%D0%B5%D1%80%D1%82%D0%B8%D1%84%D0%B8%D0%BA%D0%B0%D1%82%20%D1%81%D0%BE%D0%BE%D1%82%D0%B2%D0%B5%D1%82%D1%81%D1%82%D0%B2%D0%B8%D1%8F.jpg;https://entero.ru/manuals/156675/%D0%9A%D0%B0%D1%82%D0%B0%D0%BB%D0%BE%D0%B3%20%D0%BE%D0%B1%D0%BE%D1%80%D1%83%D0%B4%D0%BE%D0%B2%D0%B0%D0%BD%D0%B8%D1%8F%20%D0%92%D1%8F%D0%B7%D1%8C%D0%BC%D0%B0.pdf,1146586,,630 кг,,Россия,50 кг/ч,414 мм,от 1 до 6 м/мин.,пар,от 80 до 160 °С,1800 мм,,
https://cdn.entero.ru/mp@2x/79/3d/793d8ec0bf851feca119627a0a0519ff.jpg,Каландр гладильный Kromluks KBSU-В/600/2000,Каландр гладильный Kromluks KBSU-В/600/2000,1074415,RUB,Нет,,Профоборудование,Прачечное,Гладильно-сушильные катки,https://entero.ru/item/224219,"<p>Гладильный каландр <b class=""b""><a style=""text-decoration:none;cursor:text;"" href=""http://entero.ru/item/224219"">Kromluks KBSU-В/600/2000</a></b> используется в прачечных образовательных, оздоровительных заведений, производственных предприятий, в поликлиниках, гостиницах, детских садах, общежитиях, больницах, роддомах и воинских частях для сушки и глажения прямого белья сразу после отжима, с остаточной влажностью 50%. Ленты выполнены из термостойкого материала ""Nomex"", вал имеет хромированное покрытие.</p>

<p><b>Особенности:</b></p>

<ul>
<li>Сенсорная система защиты рук оператора</li>
<li>Установка: анкерные болты</li>
</ul>

<p><b>Дополнительные характеристики:</b></p>

<ul>
<li>Давление пара: от 4 до 10 кПа</li>
<li>Расход пара: 40 кг/ч</li>
<li>Мощность:
<ul>
<li>Двигатель: 1,1 кВт</li>
<li>Вентилятор: 0,37 кВт</li>
</ul>
</li>
<li>Вход пара: 1""</li>
<li>Вход конденсата: 3/4""</li>
<li>Сечение кабеля: 4х4 мм<sup>2</sup>​</li>
</ul>

<p><b>Опции (заказываются отдельно):</b></p>

<ul>
<li>Размер вала по заказу</li>
</ul>

<p><br>
<em><span style=""color:#FF0000;"">Внимание! На фото аналогичная модель другого размера.</span></em></p>",224219,,2850 мм,1400 мм,1320 мм,,,,0,,1119182,,1260 кг,,Турция,,600 мм,,пар,,2000 мм,,
https://cdn.entero.ru/mp@2x/a7/f9/a7f9be2bf97c51e6b25423e8f9ae6380.jpg,Каландр гладильный Вязьма ВК-2050П,Каландр гладильный Вязьма ВК-2050П,1222304,RUB,Нет,Вязьма,Профоборудование,Прачечное,Гладильно-сушильные катки,https://entero.ru/item/81268,"<p>Гладильный каландр <b class=""b""><a style=""text-decoration:none;cursor:text;"" href=""http://entero.ru/item/81268"">Вязьма ВК-2050П</a> </b>используется в прачечных образовательных, оздоровительных заведениях, производственных предприятиях, в поликлиниках, гостиницах, детских садах, общежитиях, больницах, роддомах и воинских частях для сушки и глажения прямого белья с остаточной влажностью 50%. Модель имеет возможность устанавливать различные программы обработки белья в зависимости от типа ткани. Гладильные ленты изготовлены из термостойкого и прочного армированного материала NOMEX и Meta Armid, а ленты подающего транспортера - из армированного материала NOMEX, вал - с хромированным покрытием.</p>

<p><b>Особенности: </b></p>

<ul>
<li>Автоматическое микрокомпьютерное управление</li>
<li>Интеллектуальная система поддержания заданной температуры</li>
<li>Встроенный вытяжной вентилятор</li>
<li>Новая конструкция нагревателей обеспечивает максимально эффективную передачу тепла от нагревателей на поверхность гладильного вала и минимальные потери тепла</li>
<li>Индикация скорости и температуры глажения на панели контроллера</li>
<li>Плавная регулировка скорости глажения</li>
<li>Прижимной цилиндр с мягкой обмоткой обеспечивает плотный прижим ткани к поверхности гладильного вала</li>
<li>Увеличенный диаметр гладильного вала</li>
<li>Фторопластовые съемники бережно отделяют бельё от гладильного вала на выходе из зоны глажения</li>
<li>Аварийный ручной привод при пропадании электропитания</li>
<li>Аварийная защитная панель управления:
<ul>
<li>Панель в верхней части позволяет остановить движение лент при неосторожном попадании в зону рук оператора или не расправленного белья</li>
<li>В нижней части - педаль для остановки транспортеров и для включения реверсивного движения</li>
</ul>
</li>
<li>Легкий доступ ко всем обслуживаемым местам каландра</li>
</ul>

<p>​​<b>Характеристики:</b></p>

<ul>
<li>Высота загрузки: 1000 мм</li>
<li>Время подогрева до рабочей температуры: 30 мин.</li>
<li>Мощность:
<ul>
<li>Привод с регулируемой скоростью: 0,37 кВт</li>
<li>Привод вентилятора: 0,37 кВт</li>
</ul>
</li>
<li>Удельный расход:
<ul>
<li>Электроэнергии: 0,01 кВт*ч/кг</li>
<li>Пар: 1 кг/кг</li>
</ul>
</li>
<li>Требования к подводящим коммуникациям:
<ul>
<li>Давление пара рабочее: от 0,4 до 0,6 МПа</li>
<li>Условный проход подвода пара и отвода конденсата: 20 мм</li>
</ul>
</li>
</ul>

<p><br>
<em>* - Ориентировочное значение получено для эталонного х/б белья с остаточной влажностью не более 50% при максимальном использовании ширины глажения.</em></p>

<p><em><span style=""color:#FF0000;"">Внимание! На фото аналогичная модель другого размера.</span></em></p>",81268,380 В,2565 мм,1075 мм,1175 мм,,,,0,https://entero.ru/manuals/55085/%D0%A1%D0%B5%D1%80%D1%82%D0%B8%D1%84%D0%B8%D0%BA%D0%B0%D1%82%20%D1%81%D0%BE%D0%BE%D1%82%D0%B2%D0%B5%D1%82%D1%81%D1%82%D0%B2%D0%B8%D1%8F.jpg;https://entero.ru/manuals/120645/%D0%9A%D0%B0%D1%82%D0%B0%D0%BB%D0%BE%D0%B3%20%D0%BE%D0%B1%D0%BE%D1%80%D1%83%D0%B4%D0%BE%D0%B2%D0%B0%D0%BD%D0%B8%D1%8F%20%D0%92%D1%8F%D0%B7%D1%8C%D0%BC%D0%B0.pdf;https://entero.ru/manuals/302919/%D0%98%D0%BD%D1%81%D1%82%D1%80%D1%83%D0%BA%D1%86%D0%B8%D1%8F%20%D0%BD%D0%B0%20%D0%92%D1%8F%D0%B7%D1%8C%D0%BC%D0%B0%20%D0%92%D0%9A-2050%D0%9F.pdf,,,750 кг,,Россия,65 кг/ч,514 мм,от 1 до 8 м/мин.,пар,от 80 до 160 °С,2000 мм,,
https://cdn.entero.ru/mp@2x/29/cd/29cd216b4f6453674239bef62debfc39.jpg,Каландр гладильный Kromluks KBSU-В/750/2000,Каландр гладильный Kromluks KBSU-В/750/2000,1278889,RUB,Нет,,Профоборудование,Прачечное,Гладильно-сушильные катки,https://entero.ru/item/224220,"<p>Гладильный каландр <b class=""b""><a style=""text-decoration:none;cursor:text;"" href=""http://entero.ru/item/224220"">Kromluks KBSU-В/750/2000</a></b> используется в прачечных образовательных, оздоровительных заведений, производственных предприятий, в поликлиниках, гостиницах, детских садах, общежитиях, больницах, роддомах и воинских частях для сушки и глажения прямого белья сразу после отжима, с остаточной влажностью 50%. Ленты выполнены из термостойкого материала ""Nomex"", вал имеет хромированное покрытие.</p>

<p><b>Особенности:</b></p>

<ul>
<li>Сенсорная система защиты рук оператора</li>
<li>Установка: анкерные болты</li>
</ul>

<p><b>Дополнительные характеристики:</b></p>

<ul>
<li>Давление пара: от 4 до 10 кПа</li>
<li>Расход пара: 50 кг/ч</li>
<li>Мощность:
<ul>
<li>Двигатель: 2,2 кВт</li>
<li>Вентилятор: 0,37 кВт</li>
</ul>
</li>
<li>Вход пара: 1""</li>
<li>Вход конденсата: 3/4""</li>
<li>Сечение кабеля: 4х4 мм<sup>2</sup>​</li>
</ul>

<p><b>Опции (заказываются отдельно):</b></p>

<ul>
<li>Размер вала по заказу</li>
</ul>

<p><br>
<em><span style=""color:#FF0000;"">Внимание! На фото аналогичная модель другого размера.</span></em></p>",224220,,2950 мм,1550 мм,1700 мм,,,,0,,1332176,,1600 кг,,Турция,,750 мм,,пар,,2000 мм,,
https://cdn.entero.ru/mp@2x/84/19/8419150c51c2f21899684f7a0419a4df.jpg,Каландр гладильный Вязьма ВК-2250П,ВК-2250П.2231,1289902,RUB,Нет,Вязьма,Профоборудование,Прачечное,Гладильно-сушильные катки,https://entero.ru/item/134838,"<p>Гладильный каландр <b class=""b""><a style=""text-decoration:none;cursor:text;"" href=""http://entero.ru/item/134838"">Вязьма ВК-2250П</a> </b>используется в прачечных образовательных, оздоровительных заведениях, производственных предприятиях, в поликлиниках, гостиницах, детских садах, общежитиях, больницах, роддомах и воинских частях для сушки и глажения прямого белья с остаточной влажностью 50%. Модель имеет возможность устанавливать различные программы обработки белья в зависимости от типа ткани.</p>

<p><b>Особенности: </b></p>

<ul>
<li>Автоматическое микрокомпьютерное управление</li>
<li>Встроенный вытяжной вентилятор</li>
<li>Механизм переключения прямого и обратного хода</li>
<li>Электронный терморегулятор</li>
<li>Блок электрических нагревателей (электрокалорифер) для эффективной передачи тепла и снижения тепловых потерь</li>
<li>Гладильные ленты Nomex с замками из нержавеющей стали</li>
<li>Увеличенный диаметр гладильного вала</li>
<li>Хромированное покрытие гладильного вала</li>
</ul>

<p><b>​​Характеристики:</b></p>

<ul>
<li>Время подогрева до рабочей температуры: 30 мин.</li>
<li>Мощность:
<ul>
<li>Привод с регулируемой скоростью: 0,37 кВт</li>
<li>Привод вентилятора: 0,37 кВт</li>
</ul>
</li>
<li>Удельный расход:
<ul>
<li>Электроэнергии: 0,01 кВт*ч/кг</li>
<li>Пар: 1 кг/кг</li>
</ul>
</li>
<li>Требования к подводящим коммуникациям:
<ul>
<li>Давление пара рабочее: от 0,4 до 0,6 МПа</li>
<li>Условный проход подвода пара и отвода конденсата: 20 мм</li>
</ul>
</li>
</ul>",134838,380 В,2730 мм,1075 мм,1215 мм,,,,0,https://entero.ru/manuals/156693/%D0%A1%D0%B5%D1%80%D1%82%D0%B8%D1%84%D0%B8%D0%BA%D0%B0%D1%82%20%D1%81%D0%BE%D0%BE%D1%82%D0%B2%D0%B5%D1%82%D1%81%D1%82%D0%B2%D0%B8%D1%8F.jpg;https://entero.ru/manuals/156694/%D0%9A%D0%B0%D1%82%D0%B0%D0%BB%D0%BE%D0%B3%20%D0%BE%D0%B1%D0%BE%D1%80%D1%83%D0%B4%D0%BE%D0%B2%D0%B0%D0%BD%D0%B8%D1%8F%20%D0%92%D1%8F%D0%B7%D1%8C%D0%BC%D0%B0.pdf,,,780 кг,,Россия,87 кг/ч,514 мм,от 1 до 8 м/мин.,пар,от 80 до 160 °С,2200 мм,,
https://cdn.entero.ru/mp@2x/e4/e2/e4e20f21dc86e00ca94e19814d8b2264.jpg,Каландр гладильный Kromluks KBSU-E/750/2000,Каландр гладильный Kromluks KBSU-E/750/2000,1348782,RUB,Нет,,Профоборудование,Прачечное,Гладильно-сушильные катки,https://entero.ru/item/224210,"<p>Гладильный каландр <b class=""b""><a style=""text-decoration:none;cursor:text;"" href=""http://entero.ru/item/224210"">Kromluks KBSU-E/750/2000</a></b> используется в прачечных образовательных, оздоровительных заведений, производственных предприятий, в поликлиниках, гостиницах, детских садах, общежитиях, больницах, роддомах и воинских частях для сушки и глажения прямого белья сразу после отжима, с остаточной влажностью 50%. Ленты выполнены из термостойкого материала ""Nomex"", вал имеет хромированное покрытие.</p>

<p><b>Особенности:</b></p>

<ul>
<li>Сенсорная система защиты рук оператора</li>
<li>Установка: анкерные болты</li>
</ul>

<p><b>Дополнительные характеристики:</b></p>

<ul>
<li>Мощность:
<ul>
<li>ТЭН: 28 кВт</li>
<li>Двигатель: 2,2 кВт</li>
<li>Вентилятор: 0,37 кВт</li>
</ul>
</li>
<li>Вход пара: 1""</li>
<li>Вход конденсата: 3/4""</li>
<li>Сечение кабеля: 4х10 мм<sup>2</sup>​</li>
</ul>

<p><b>Опции (заказываются отдельно):</b></p>

<ul>
<li>Размер вала по заказу</li>
</ul>

<p><br>
<em><span style=""color:#FF0000;"">Внимание! На фото аналогичная модель другого размера.</span></em></p>",224210,,2950 мм,1550 мм,1700 мм,,,,0,,,,1600 кг,,Турция,,750 мм,,электро,,2000 мм,28 кВт,
https://cdn.entero.ru/mp@2x/e6/35/e6353e62af5beca70e7a43a151d48832.jpg,Каландр гладильный Kromluks KBSU-В/750/2500,Каландр гладильный Kromluks KBSU-В/750/2500,1457338,RUB,Нет,,Профоборудование,Прачечное,Гладильно-сушильные катки,https://entero.ru/item/224221,"<p>Гладильный каландр <b class=""b""><a style=""text-decoration:none;cursor:text;"" href=""http://entero.ru/item/224221"">Kromluks KBSU-В/750/2500</a></b> используется в прачечных образовательных, оздоровительных заведений, производственных предприятий, в поликлиниках, гостиницах, детских садах, общежитиях, больницах, роддомах и воинских частях для сушки и глажения прямого белья сразу после отжима, с остаточной влажностью 50%. Ленты выполнены из термостойкого материала ""Nomex"", вал имеет хромированное покрытие.</p>

<p><b>Особенности:</b></p>

<ul>
<li>Сенсорная система защиты рук оператора</li>
<li>Установка: анкерные болты</li>
</ul>

<p><b>Дополнительные характеристики:</b></p>

<ul>
<li>Давление пара: от 4 до 10 кПа</li>
<li>Расход пара: 50 кг/ч</li>
<li>Мощность:
<ul>
<li>Двигатель: 2,2 кВт</li>
<li>Вентилятор: 0,37 кВт</li>
</ul>
</li>
<li>Вход пара: 1""</li>
<li>Вход конденсата: 3/4""</li>
<li>Сечение кабеля: 4х4 мм<sup>2</sup>​</li>
</ul>

<p><b>Опции (заказываются отдельно):</b></p>

<ul>
<li>Размер вала по заказу</li>
</ul>

<p><br>
<em><span style=""color:#FF0000;"">Внимание! На фото аналогичная модель другого размера.</span></em></p>",224221,,3450 мм,1550 мм,1700 мм,,,,0,,1534040,,1720 кг,,Турция,,750 мм,,пар,,2500 мм,,
https://cdn.entero.ru/mp@2x/a0/95/a095d21bc02cb6baa381fa1fad1915ee.jpg,Каландр гладильный Вязьма ВК-2450П,ВК-2450П.2231,1505571,RUB,Нет,Вязьма,Профоборудование,Прачечное,Гладильно-сушильные катки,https://entero.ru/item/81271,"<p>Гладильный каландр <b class=""b""><a style=""text-decoration:none;cursor:text;"" href=""http://entero.ru/item/81271"">Вязьма ВК-2450П</a> </b>используется в прачечных образовательных, оздоровительных заведениях, производственных предприятиях, в поликлиниках, гостиницах, детских садах, общежитиях, больницах, роддомах и воинских частях для сушки и глажения прямого белья с остаточной влажностью 50%. Модель имеет возможность устанавливать различные программы обработки белья в зависимости от типа ткани. Гладильные ленты изготовлены из термостойкого и прочного армированного материала NOMEX и Meta Armid, а ленты подающего транспортера - из армированного материала NOMEX, вал - с хромированным покрытием.</p>

<p>В комплект поставки входят частотный преобразователь и вентилятор.</p>

<p><b>Особенности: </b></p>

<ul>
<li>Автоматическое микрокомпьютерное управление</li>
<li>Интеллектуальная система поддержания заданной температуры</li>
<li>Частотный преобразователь</li>
<li>Встроенный вытяжной вентилятор</li>
<li>Новая конструкция нагревателей обеспечивает максимально эффективную передачу тепла от нагревателей на поверхность гладильного вала и минимальные потери тепла</li>
<li>Индикация скорости и температуры глажения на панели контроллера</li>
<li>Плавная регулировка скорости глажения</li>
<li>Прижимной цилиндр с мягкой обмоткой обеспечивает плотный прижим ткани к поверхности гладильного вала</li>
<li>Увеличенный диаметр гладильного вала</li>
<li>Фторопластовые съемники бережно отделяют бельё от гладильного вала на выходе из зоны глажения</li>
<li>Аварийный ручной привод при пропадании электропитания</li>
<li>Аварийная защитная панель управления:
<ul>
<li>Панель в верхней части позволяет остановить движение лент при неосторожном попадании в зону рук оператора или не расправленного белья</li>
<li>В нижней части - педаль для остановки транспортеров и для включения реверсивного движения</li>
</ul>
</li>
<li>Легкий доступ ко всем обслуживаемым местам каландра</li>
</ul>

<p>​​<b>Характеристики:</b></p>

<ul>
<li>Высота загрузки: 1000 мм</li>
<li>Время подогрева до рабочей температуры: 30 мин.</li>
<li>Мощность:
<ul>
<li>Привод с регулируемой скоростью: 0,37 кВт</li>
<li>Привод вентилятора: 0,37 кВт</li>
</ul>
</li>
<li>Удельный расход:
<ul>
<li>Электроэнергия: 0,01 кВт*ч/кг</li>
<li>Пар: 1 кг/кг</li>
</ul>
</li>
<li>Требования к подводящим коммуникациям:
<ul>
<li>Давление пара рабочее: от 0,4 до 0,6 МПа</li>
<li>Условный проход подвода пара и отвода конденсата: 20 мм</li>
</ul>
</li>
</ul>

<p><br>
<em>​* Ориентировочное значение получено для эталонного х/б белья с остаточной влажностью не более 50% при максимальном использовании ширины глажения.</em></p>

<p><em><span style=""color:#FF0000;"">Внимание! На фото аналогичная модель другого размера.</span></em></p>",81271,380 В,2970 мм,1075 мм,1175 мм,,,,0,https://entero.ru/manuals/55090/%D0%A1%D0%B5%D1%80%D1%82%D0%B8%D1%84%D0%B8%D0%BA%D0%B0%D1%82%20%D1%81%D0%BE%D0%BE%D1%82%D0%B2%D0%B5%D1%82%D1%81%D1%82%D0%B2%D0%B8%D1%8F.jpg;https://entero.ru/manuals/120647/%D0%9A%D0%B0%D1%82%D0%B0%D0%BB%D0%BE%D0%B3%20%D0%BE%D0%B1%D0%BE%D1%80%D1%83%D0%B4%D0%BE%D0%B2%D0%B0%D0%BD%D0%B8%D1%8F%20%D0%92%D1%8F%D0%B7%D1%8C%D0%BC%D0%B0.pdf;https://entero.ru/manuals/302920/%D0%98%D0%BD%D1%81%D1%82%D1%80%D1%83%D0%BA%D1%86%D0%B8%D1%8F%20%D0%BD%D0%B0%20%D0%92%D1%8F%D0%B7%D1%8C%D0%BC%D0%B0%20%D0%92%D0%9A-2450%D0%9F.pdf,1636490,,850 кг,,Россия,85 кг/ч,514 мм,от 1 до 8 м/мин.,пар,от 80 до 160 °С,2400 мм,,
https://cdn.entero.ru/mp@2x/9c/2f/9c2fe138fc3321e18ee14839709f096d.jpg,Каландр гладильный Kromluks KBSU-В/1000/3000,Каландр гладильный Kromluks KBSU-В/1000/3000,1706424,RUB,Нет,,Профоборудование,Прачечное,Гладильно-сушильные катки,https://entero.ru/item/224222,"<p>Гладильный каландр <b class=""b""><a style=""text-decoration:none;cursor:text;"" href=""http://entero.ru/item/224222"">Kromluks KBSU-В/1000/3000</a></b> используется в прачечных образовательных, оздоровительных заведений, производственных предприятий, в поликлиниках, гостиницах, детских садах, общежитиях, больницах, роддомах и воинских частях для сушки и глажения прямого белья сразу после отжима, с остаточной влажностью 50%. Ленты выполнены из термостойкого материала ""Nomex"", вал имеет хромированное покрытие.</p>

<p><b>Особенности:</b></p>

<ul>
<li>Сенсорная система защиты рук оператора</li>
<li>Установка: анкерные болты</li>
</ul>

<p><b>Дополнительные характеристики:</b></p>

<ul>
<li>Давление пара: от 4 до 10 кПа</li>
<li>Расход пара: 85 кг/ч</li>
<li>Мощность:
<ul>
<li>Двигатель: 2,2 кВт</li>
<li>Вентилятор: 0,37 кВт</li>
</ul>
</li>
<li>Вход пара: 1""</li>
<li>Вход конденсата: 3/4""</li>
<li>Сечение кабеля: 4х4 мм<sup>2</sup>​</li>
</ul>

<p><b>Опции (заказываются отдельно):</b></p>

<ul>
<li>Размер вала по заказу</li>
</ul>

<p><br>
<em><span style=""color:#FF0000;"">Внимание! На фото аналогичная модель другого размера.</span></em></p>",224222,,4040 мм,1800 мм,1770 мм,,,,0,,,,2040 кг,,Турция,,1000 мм,,пар,,3000 мм,,
https://cdn.entero.ru/mp@2x/cf/a2/cfa22ab8986a77c2289d883f811c20b2.jpg,Каландр гладильный Kromluks KBSU-E/1000/3000,Каландр гладильный Kromluks KBSU-E/1000/3000,1769625,RUB,Нет,,Профоборудование,Прачечное,Гладильно-сушильные катки,https://entero.ru/item/224214,"<p>Гладильный каландр <b class=""b""><a style=""text-decoration:none;cursor:text;"" href=""http://entero.ru/item/224214"">Kromluks KBSU-E/1000/3000</a></b> используется в прачечных образовательных, оздоровительных заведений, производственных предприятий, в поликлиниках, гостиницах, детских садах, общежитиях, больницах, роддомах и воинских частях для сушки и глажения прямого белья сразу после отжима, с остаточной влажностью 50%. Ленты выполнены из термостойкого материала ""Nomex"", вал имеет хромированное покрытие.</p>

<p><b>Особенности:</b></p>

<ul>
<li>Сенсорная система защиты рук оператора</li>
<li>Установка: анкерные болты</li>
</ul>

<p><b>Дополнительные характеристики:</b></p>

<ul>
<li>Мощность:
<ul>
<li>ТЭН: 45 кВт</li>
<li>Двигатель: 2,2 кВт</li>
<li>Вентилятор: 0,37 кВт</li>
</ul>
</li>
<li>Вход пара: 1""</li>
<li>Вход конденсата: 3/4""</li>
<li>Сечение кабеля: 4х16 мм<sup>2</sup>​</li>
</ul>

<p><b>Опции (заказываются отдельно):</b></p>

<ul>
<li>Размер вала по заказу</li>
</ul>

<p><br>
<em><span style=""color:#FF0000;"">Внимание! На фото аналогичная модель другого размера.</span></em></p>",224214,,4040 мм,1800 мм,1770 мм,,,,0,,,,2040 кг,,Турция,,1000 мм,,электро,,3000 мм,45 кВт,
https://cdn.entero.ru/mp@2x/fa/3f/fa3fc504cfe633a5f850d5ea44063ace.jpg;https://cdn.entero.ru/mp@2x/d1/f1/d1f16ed218f8521bb90d1747b951b8ba.jpg;https://cdn.entero.ru/mp@2x/72/71/72717609dca2a4d120e186acbbcce6ed.jpg;https://cdn.entero.ru/mp@2x/a1/de/a1de17f4f73ceeee586036d027f8ddd6.jpg,Гладильно-сушильный каток GMP G26.35,G 26-35 хром,1903617,RUB,Нет,GMP,Профоборудование,Прачечное,Гладильно-сушильные катки,https://entero.ru/item/149779,"<p>Гладильный каландр <a style=""text-decoration:none;cursor:text;"" href=""http://entero.ru/item/149779"">GMP G26.35</a> предназначен для прачечных с требованиями к широкой поверхности глажения. Полезная длина составляет 2,58 м. Благодаря специально разработанному прижимному ролику данный каландр позволяет работать с различными тканями, включая такие сложные как шелк, атлас, органзу и вышитые ткани.</p>

<p>Основные характеристики:</p>

<ul>
<li>Управление микропроцессором</li>
<li>Регулируемая скорость глажения при помощи инвертора</li>
<li>Специально разработанный прижимный вал</li>
<li>Двойной контроль температуры GEMINI</li>
<li>Гладильные ремни из NOMEX: долгий срок службы и устойчивость к температурам до 200ºC</li>
<li>Натяжные ремни</li>
<li>Ножная педаль. Позволяет останавливать натяжные ремни, и оператор может полностью сосредоточиться на подаче белья</li>
<li>Кнопка аварийного останова и система защиты пальцев</li>
<li>Фронтальный возврат обработанного белья</li>
<li>Автоматическое охлаждение (cool-down)</li>
</ul>

<p>Технические характеристики:</p>

<ul>
<li>Размеры вала, (длина, Ø) мм: 2580х325</li>
<li>Возможный нагрев: электрический/газовый/паровой (уточняйте при заказе)</li>
<li>Расход газа: метан 3,53 м3/час; пропан 2,5 кг/час</li>
<li>Расход пара: 32 кг/час</li>
<li>Стандартное напряжение: 220В/1Ф; 380В/3Ф (уточняйте при заказе)</li>
</ul>",149779,380 В,3140 мм,580 мм,1150 мм,,,,0,https://entero.ru/manuals/303033/%D0%98%D0%BD%D1%81%D1%82%D1%80%D1%83%D0%BA%D1%86%D0%B8%D1%8F%20%D0%BD%D0%B0%20GMP%20G26.35.pdf,2069149,,635 кг,,,75 кг/ч,,от 1.6 до 5 м/мин.,,,2500 мм,34.2 кВт,
https://cdn.entero.ru/mp@2x/94/c5/94c5f25983335d8c7bf695beaec7d22b.jpg,Каландр гладильный Kromluks KBSU-В/1200/3000,Каландр гладильный Kromluks KBSU-В/1200/3000,1962946,RUB,Нет,,Профоборудование,Прачечное,Гладильно-сушильные катки,https://entero.ru/item/224223,"<p>Гладильный каландр <b class=""b""><a style=""text-decoration:none;cursor:text;"" href=""http://entero.ru/item/224223"">Kromluks KBSU-В/1200/3000</a></b> используется в прачечных образовательных, оздоровительных заведений, производственных предприятий, в поликлиниках, гостиницах, детских садах, общежитиях, больницах, роддомах и воинских частях для сушки и глажения прямого белья сразу после отжима, с остаточной влажностью 50%. Ленты выполнены из термостойкого материала ""Nomex"", вал имеет хромированное покрытие.</p>

<p><b>Особенности:</b></p>

<ul>
<li>Сенсорная система защиты рук оператора</li>
<li>Установка: анкерные болты</li>
</ul>

<p><b>Дополнительные характеристики:</b></p>

<ul>
<li>Давление пара: от 4 до 10 кПа</li>
<li>Расход пара: 85 кг/ч</li>
<li>Мощность:
<ul>
<li>Двигатель: 2,2 кВт</li>
<li>Вентилятор: 0,37 кВт</li>
</ul>
</li>
<li>Вход пара: 1""</li>
<li>Вход конденсата: 3/4""</li>
<li>Сечение кабеля: 4х4 мм<sup>2</sup>​</li>
</ul>

<p><b>Опции (заказываются отдельно):</b></p>

<ul>
<li>Размер вала по заказу</li>
</ul>

<p><br>
<em><span style=""color:#FF0000;"">Внимание! На фото аналогичная модель другого размера.</span></em></p>",224223,,4040 мм,1800 мм,1770 мм,,,,0,,,,2160 кг,,Турция,,1200 мм,,пар,,3000 мм,,
https://cdn.entero.ru/mp@2x/dc/64/dc64613d8035f760901da991683c5276.jpg,Каландр гладильный Вязьма ВК-2800П,Каландр гладильный Вязьма ВК-2800П,1999259,RUB,Нет,Вязьма,Профоборудование,Прачечное,Гладильно-сушильные катки,https://entero.ru/item/81275,"<p>Гладильный каландр <b class=""b""><a style=""text-decoration:none;cursor:text;"" href=""http://entero.ru/item/81275"">Вязьма ВК-2800П</a> </b>используется в прачечных образовательных, оздоровительных заведениях, производственных предприятиях, в поликлиниках, гостиницах, детских садах, общежитиях, больницах, роддомах и воинских частях для сушки и глажения прямого белья с остаточной влажностью 50%. Модель имеет возможность устанавливать различные программы обработки белья в зависимости от типа ткани.</p>

<p><b>Особенности: </b></p>

<ul>
<li>Автоматическое микрокомпьютерное управление</li>
<li>Вытяжное устройство для удаления влаги</li>
<li>Механизм переключения прямого и обратного хода</li>
</ul>

<p>​​<b>Характеристики:</b></p>

<ul>
<li>Удельный расход пара: 150 кг/час</li>
<li>Требования к подводящим коммуникациям:
<ul>
<li>Давление пара: от 0,4 до 0,6 МПа</li>
<li>Условный проход на подвод пара: 25 мм</li>
<li>Условный проход на вывод конденсата: 15 мм</li>
</ul>
</li>
</ul>

<p><em>* Ориентировочное значение получено для эталонного х/б белья с остаточной влажностью не более 50% при максимальном использовании ширины глажения.</em></p>",81275,220 В,3850 мм,1540 мм,1390 мм,,,,0,https://entero.ru/manuals/156853/%D0%A1%D0%B5%D1%80%D1%82%D0%B8%D1%84%D0%B8%D0%BA%D0%B0%D1%82%20%D1%81%D0%BE%D0%BE%D1%82%D0%B2%D0%B5%D1%82%D1%81%D1%82%D0%B2%D0%B8%D1%8F.jpg;https://entero.ru/manuals/156854/%D0%9A%D0%B0%D1%82%D0%B0%D0%BB%D0%BE%D0%B3%20%D0%BE%D0%B1%D0%BE%D1%80%D1%83%D0%B4%D0%BE%D0%B2%D0%B0%D0%BD%D0%B8%D1%8F%20%D0%92%D1%8F%D0%B7%D1%8C%D0%BC%D0%B0.pdf,2082561,,1800 кг,,Россия,170 кг/ч,800 мм,10 м/мин.,пар,,2800 мм,0.55 кВт,
https://cdn.entero.ru/mp@2x/3a/02/3a028a03d9d2f1df795e6eb49c4475a8.jpg,Каландр гладильный Вязьма ВК2-3000П,Каландр гладильный Вязьма ВК2-3000П,4223560,RUB,Нет,Вязьма,Профоборудование,Прачечное,Гладильно-сушильные катки,https://entero.ru/item/134891,"<p>Гладильный каландр <b class=""b""><a style=""text-decoration:none;cursor:text;"" href=""http://entero.ru/item/134891"">Вязьма ВК2-3000П</a> </b>используется в прачечных образовательных, оздоровительных заведениях, производственных предприятиях, в поликлиниках, гостиницах, детских садах, общежитиях, больницах, роддомах и воинских частях для сушки и глажения прямого белья с остаточной влажностью 50%. Модель имеет возможность устанавливать различные программы обработки белья в зависимости от типа ткани.</p>

<p>В комплект поставки входит частотный преобразователь.</p>

<p><b>Особенности: </b></p>

<ul>
<li>Автоматическое микрокомпьютерное управление</li>
<li>Двухвалковый</li>
<li>Механизм переключения прямого и обратного хода</li>
</ul>

<p>​​<b>Характеристики:</b></p>

<ul>
<li>Время подогрева до рабочей температуры: 20 мин.</li>
<li>Удельный расход электроэнергии: 0,006 кВт*ч/кг</li>
<li>Удельный расход пара: 0,95 кг/кг</li>
<li>Требования к подводящим коммуникациям:
<ul>
<li>Давление пара: от 0,4 до 0,6 МПа</li>
<li>Условный проход на подвод пара: 40 мм</li>
<li>Условный проход на вывод конденсата: 20 мм</li>
</ul>
</li>
</ul>

<p><br>
<em>* Ориентировочное значение получено для эталонного х/б белья с остаточной влажностью не более 50% при максимальном использовании ширины глажения.</em></p>",134891,220 В,4060 мм,2850 мм,1320 мм,,,,0,https://entero.ru/manuals/156860/%D0%A1%D0%B5%D1%80%D1%82%D0%B8%D1%84%D0%B8%D0%BA%D0%B0%D1%82%20%D1%81%D0%BE%D0%BE%D1%82%D0%B2%D0%B5%D1%82%D1%81%D1%82%D0%B2%D0%B8%D1%8F.jpg;https://entero.ru/manuals/156861/%D0%9A%D0%B0%D1%82%D0%B0%D0%BB%D0%BE%D0%B3%20%D0%BE%D0%B1%D0%BE%D1%80%D1%83%D0%B4%D0%BE%D0%B2%D0%B0%D0%BD%D0%B8%D1%8F%20%D0%92%D1%8F%D0%B7%D1%8C%D0%BC%D0%B0.pdf,,,3000 кг,,Россия,265 кг/ч,800 мм,10 м/мин.,пар,,3000 мм,1.5 кВт,2
https://cdn.entero.ru/mp@2x/e4/40/e440ebe7f6c90e597c152c613679f9e8.jpg,Каландр гладильный Вязьма ВК2-3300П,Каландр гладильный Вязьма ВК2-3300П,4419654,RUB,Нет,Вязьма,Профоборудование,Прачечное,Гладильно-сушильные катки,https://entero.ru/item/134898,"<p>Гладильный каландр <b class=""b""><a style=""text-decoration:none;cursor:text;"" href=""http://entero.ru/item/134898"">Вязьма ВК2-3300П</a> </b>используется в прачечных образовательных, оздоровительных заведениях, производственных предприятиях, в поликлиниках, гостиницах, детских садах, общежитиях, больницах, роддомах и воинских частях для сушки и глажения прямого белья с остаточной влажностью 50%. Модель имеет возможность устанавливать различные программы обработки белья в зависимости от типа ткани.</p>

<p>В комплект поставки входит частотный преобразователь.</p>

<p><b>Особенности: </b></p>

<ul>
<li>Автоматическое микрокомпьютерное управление</li>
<li>Двухвалковый</li>
<li>Механизм переключения прямого и обратного хода</li>
</ul>

<p>​​<b>Характеристики:</b></p>

<ul>
<li>Время подогрева до рабочей температуры: 20 мин.</li>
<li>Скорость глажения: до 16 м/мин.</li>
<li>Удельный расход электроэнергии: 0,006 кВт*ч/кг</li>
<li>Удельный расход пара: 0,95 кг/кг</li>
<li>Требования к подводящим коммуникациям:
<ul>
<li>Давление пара: от 0,4 до 0,6 МПа</li>
<li>Условный проход на подвод пара: 40 мм</li>
<li>Условный проход на вывод конденсата: 20 мм</li>
</ul>
</li>
</ul>

<p><br>
<em>* Ориентировочное значение получено для эталонного х/б белья с остаточной влажностью не более 50% при максимальном использовании ширины глажения.</em></p>",134898,220 В,4360 мм,2850 мм,1320 мм,,,,0,https://entero.ru/manuals/156866/%D0%A1%D0%B5%D1%80%D1%82%D0%B8%D1%84%D0%B8%D0%BA%D0%B0%D1%82%20%D1%81%D0%BE%D0%BE%D1%82%D0%B2%D0%B5%D1%82%D1%81%D1%82%D0%B2%D0%B8%D1%8F.jpg;https://entero.ru/manuals/156867/%D0%9A%D0%B0%D1%82%D0%B0%D0%BB%D0%BE%D0%B3%20%D0%BE%D0%B1%D0%BE%D1%80%D1%83%D0%B4%D0%BE%D0%B2%D0%B0%D0%BD%D0%B8%D1%8F%20%D0%92%D1%8F%D0%B7%D1%8C%D0%BC%D0%B0.pdf,4752316,,3500 кг,,Россия,305 кг/ч,800 мм,,пар,,3300 мм,1.5 кВт,2
https://cdn.entero.ru/mp@2x/7e/dc/7edc6569a62b5a86ed6fdaf8b9ed9c56.jpg,Каландр гладильный TOLON TFI 6032/3200,Каландр гладильный TOLON TFI 6032/3200,6681389,RUB,Нет,,Профоборудование,Прачечное,Гладильно-сушильные катки,https://entero.ru/item/287849,"<p>Гладильный каландр <b class=""b""><a style=""text-decoration:none;cursor:text;"" href=""http://entero.ru/item/287849"">TOLON TFI 6032/3200</a></b> используется в прачечных образовательных, оздоровительных заведений, производственных предприятий, в поликлиниках, гостиницах, детских садах, общежитиях, больницах, роддомах и воинских частях для сушки и глажения прямого белья сразу после отжима. Модель оснащена электронным управлением с предустановленными программами глажки и кнопкой аварийной остановки. Конструкция выполнена из нержавеющей стали.</p>

<p><b>Особенности:</b></p>

<ul>
<li>Большая поверхность соприкосновения с бельем</li>
<li>Панель защиты от пальцев</li>
</ul>

<ul>
<li>Индикация температуры и скорости глажения</li>
<li>Двигатель с частотным управлением</li>
<li>Возможен обратный режим</li>
<li>Система контроля перегрева с 2 датчиками температуры</li>
<li>Быстрая и простая настройка программ через USB-порты</li>
<li>Светодиодные индикаторы по ширине глажки: хорошая видимость и удобство эксплуатации</li>
<li>Хромированное покрытие поверхности: лучшая теплопроводность, высокая стойкость к коррозии даже после периодов простоя</li>
</ul>

<p><b>Опции (заказываются отдельно):</b></p>

<ul>
<li>3 датчика складывания в точке подачи</li>
<li>Транспортные колеса</li>
<li>Задний вывод белья</li>
</ul>",287849,380 В,4152 мм,1351 мм,1598 мм,,,,0,https://entero.ru/manuals/351464/%D0%A1%D1%85%D0%B5%D0%BC%D0%B0%20%D0%BD%D0%B0%20TOLON%20TFI%206032_3200.pdf;https://entero.ru/manuals/351465/%D0%98%D0%BD%D1%81%D1%82%D1%80%D1%83%D0%BA%D1%86%D0%B8%D1%8F%20%D0%BD%D0%B0%20TOLON%20TFI%206032_3200.pdf,,,2010 кг,,Турция,от 180 до 200 кг/ч,600 мм,от 1 до 9 м/мин.,,,,71 кВт,
https://cdn.entero.ru/mp@2x/5d/92/5d9267217b2ed667e91040e5b407974a.jpg;https://cdn.entero.ru/mp@2x/96/57/96573570526375f8d4261886aa8dd94c.jpg;https://cdn.entero.ru/mp@2x/6c/76/6c76568eac82192a57ab6a3dcabcb450.jpg;https://cdn.entero.ru/mp@2x/14/d6/14d622fd5aa0e322ac3e3b98974a9465.jpg;https://cdn.entero.ru/mp@2x/5b/5b/5b5be0eabf553aa7c618ee58598fbda5.jpg,Каток гладильно-сушильный GMP G 14.25,Каток гладильно-сушильный GMP G 14.25,0,RUB,Нет,GMP,Профоборудование,Прачечное,Гладильно-сушильные катки,https://entero.ru/item/47502,"<p>Гладильно-сушильный каток <b class=""b""><a style=""text-decoration:none;cursor:text;"" href=""http://entero.ru/item/47502"">GMP G 14.25</a></b> используется в прачечных образовательных, оздоровительных заведениях, гостиницах, детских садах, общежитиях, больницах, роддомах и прачечных самообслуживания для глажения прямого белья с остаточной влажностью 50%. Модель оснащена столом для подачи белья. Стол выполнен из алюминия, гладильные ремни с термостойким покрытием NOMEX.</p>

<p><b>Особенности:</b></p>

<ul>
<li>Управление микропроцессором</li>
<li>Регулируемая скорость глажения</li>
<li>Автоматическое охлаждение ""Cool-down""</li>
<li>Специально разработанный прижимный вал</li>
<li>Гладильные ремни устойчивы к температуре до 200°C</li>
<li>Фронтальный возврат обработанного белья</li>
<li>Позволяет обрабатывать постельное белье до размера ""king size"", сложенного вдвое</li>
<li>Аварийный выключатель и система защиты пальцев</li>
</ul>

<p><b>Характеристики:</b></p>

<ul>
<li>Производительность: 25 кг/ч</li>
<li>Скорость глажения: от 0,8 до 3 м/мин.</li>
<li>Размер вала: 1450х270 мм</li>
<li>Объем отводимого воздуха: 280 м<sup>3</sup>/час</li>
<li>Объем отводимых дымов: 100 м<sup>3</sup>/час</li>
<li>Напряжение: 380 В</li>
<li>Мощность:
<ul>
<li>Нагрев: 12 кВт</li>
<li>Двигатель: 0,27 кВт</li>
</ul>
</li>
<li>Габариты: 2010x510x1080 мм</li>
<li>Габариты в упаковке: 2100x650x1250 мм</li>
<li>Вес: 310 кг</li>
<li>Вес с упаковкой: 340 кг</li>
</ul>

<p><b>Опции (заказываются отдельно):</b></p>

<ul>
<li>Версия с газовым нагревом</li>
<li>Хромированный вал с гарантией от коррозии на 3 года</li>
<li>Версия для прачечных самообслуживания</li>
</ul>",47502,,,,,,,,0,https://entero.ru/manuals/71042/%D0%91%D1%80%D0%BE%D1%88%D1%8E%D1%80%D0%B0%20%D0%BD%D0%B0%20GMP%20G%2014.25%20%28%D0%B0%D0%BD%D0%B3%D0%BB.%29.pdf,,,,,,,,,,,,,
https://cdn.entero.ru/mp@2x/48/47/484791dc1f762dbe5a4810ca29782837.jpg;https://cdn.entero.ru/mp@2x/91/25/91251f654d261db93dac8af2685e3c5d.jpg;https://cdn.entero.ru/mp@2x/78/2a/782aa90cc93773d9774776a622d0ec0d.jpg;https://cdn.entero.ru/mp@2x/c5/77/c577aa10e610c9fb2408d5e8c0dd01d0.jpg,Каток гладильно-сушильный GMP G 15.35,Каток гладильно-сушильный GMP G 15.35,0,RUB,Нет,GMP,Профоборудование,Прачечное,Гладильно-сушильные катки,https://entero.ru/item/59193,"<p>Гладильно-сушильный каток <b class=""b""><a style=""text-decoration:none;cursor:text;"" href=""http://entero.ru/item/59193"">GMP G 15.35</a> </b>используется в прачечных образовательных, оздоровительных заведениях, гостиницах, детских садах, общежитиях, больницах, роддомах и прачечных самообслуживания для глажения прямого белья с остаточной влажностью 50%. Модель оснащена педалью ножного управления. Гладильные ремни выполнены из полированной стали с термостойким покрытием NOMEX.</p>

<p><b>Особенности:</b></p>

<ul>
<li>Управление микропроцессором</li>
<li>Регулируемая скорость глажения</li>
<li>Высококачественные сертифицированные цилиндры</li>
<li>Автоматическое охлаждение ""Cool-down""</li>
<li>Специально разработанный прижимный вал</li>
<li>Подача белья с помощью ремней</li>
<li>Натяжные ролики ремней произведены накаткой, что облегчает обслуживание</li>
<li>Вытяжка паров с системой воздушных лезвий гарантирует ультра-эффективную вытяжку паров благодаря более широкой вытяжной поверхности</li>
<li>Фронтальный возврат обработанного белья</li>
<li>Пылезащитные фильтры предохраняют двигатели вытяжных устройств от перегрева из-за недостаточной вентиляции и продлевают срок их службы</li>
<li>Аварийный выключатель и система защиты пальцев</li>
<li>Легкий доступ к деталям</li>
</ul>

<p><b>Характеристики:</b></p>

<ul>
<li>Производительность: 43 кг/ч</li>
<li>Скорость глажения: от 1,6 до 5 м/мин.</li>
<li>Размер вала: 1480х325 мм</li>
<li>Объем отводимого воздуха: 280 м<sup>3</sup>/час</li>
<li>Объем отводимых дымов: 140 м<sup>3</sup>/час</li>
<li>Напряжение: 380 В</li>
<li>Мощность:
<ul>
<li>Нагрев: 18 кВт</li>
<li>Двигатель: 1 кВт</li>
</ul>
</li>
<li>Габариты: 2010x550x1100 мм</li>
<li>Габариты в упаковке: 2100x690x1500 мм</li>
<li>Вес: 450 кг</li>
<li>Вес с упаковкой: 474 кг</li>
</ul>

<p><b>Опции (заказываются отдельно):</b></p>

<ul>
<li>Версия с паровым нагревом</li>
<li>Хромированный вал с гарантией от коррозии на 3 года</li>
<li>2 датчика температуры</li>
<li>Версия для прачечных самообслуживания</li>
</ul>",59193,,,,,,,,0,https://entero.ru/manuals/80256/%D0%98%D0%BD%D1%81%D1%82%D1%80%D1%83%D0%BA%D1%86%D0%B8%D1%8F%20%D0%BD%D0%B0%20GMP%20G%2015.35.pdf;https://entero.ru/manuals/71043/%D0%91%D1%80%D0%BE%D1%88%D1%8E%D1%80%D0%B0%20%D0%BD%D0%B0%20GMP%20G%2015.35.pdf,,,,,,,,,,,,,
https://cdn.entero.ru/mp@2x/5b/bf/5bbfcb1f115b75ff8d8e1db4d9a4271d.jpg,Гладильно-сушильный каток IMESA MCA 150,Гладильно-сушильный каток IMESA MCA 150,0,RUB,Нет,IMESA,Профоборудование,Прачечное,Гладильно-сушильные катки,https://entero.ru/item/80252,"<p>Гладильно-сушильный каток <b class=""b""><a style=""text-decoration:none;cursor:text;"" href=""http://entero.ru/item/80252"">IMESA MCA 150</a></b>​ используется в прачечных, отелях, ресторанах, оздоровительных центрах, больницах и пр. для просушивания и глажки белья, ткани и одежды. Модель оснащена 30 программами и ремнями NOMEX. Вал выполнен из нержавеющей стали с покрытием из хрома.</p>

<p><b>Характеристики:</b></p>

<ul>
<li>Размеры вала: 325х1500 мм</li>
</ul>",80252,220 В,2230 мм,710 мм,1270 мм,,,,0,https://entero.ru/manuals/53154/%D0%91%D1%80%D0%BE%D1%88%D1%8E%D1%80%D0%B0%20%D0%BD%D0%B0%20IMESA%20MCA%20150%20%28%D0%B0%D0%BD%D0%B3%D0%BB.%29.pdf,,,,Италия,,от 30 до 35 кг/ч,,,электро,,1500 мм,21.7 кВт,
https://cdn.entero.ru/mp@2x/27/8d/278d74cc60a62d58fdd8a089f0aeb9b8.jpg,Каток гладильно-сушильный Lavarini MCA 150,Каток гладильно-сушильный Lavarini MCA 150,0,RUB,Нет,Lavarini,Профоборудование,Прачечное,Гладильно-сушильные катки,https://entero.ru/item/72862,"<p>Гладильно-сушильный каток <b class=""b""><a style=""text-decoration:none;cursor:text;"" href=""http://entero.ru/item/72862"">Lavarini MCA 150</a> </b>используется в небольших прачечных, гостиницах, салонах красоты, больницах и детских учреждениях для глажения и сушки фасонного белья. На выходе белье имеет 20% влажности. Модель оснащена защитной решеткой и контролем температуры и скоростью глажения.</p>

<p><b>Особенности:</b></p>

<ul>
<li>Управление при помощи микропроцессора IM7</li>
<li>30 программ для глажения</li>
<li>Функция подачи на возврат белья</li>
</ul>

<p><b>Характеристики:</b></p>

<ul>
<li>Размер вала: Ø 325х1500 мм</li>
</ul>

<p><b>Опции (заказываются отдельно):</b></p>

<ul>
<li>Покрытие вала и ленты из термостойкого материала Nomex</li>
</ul>",72862,380 В,2134 мм,776 мм,1072 мм,,,,0,,,,382 кг,Италия,,от 30 до 35 кг/ч,,,электро,,1500 мм,20.7 кВт,
https://cdn.entero.ru/mp@2x/50/c5/50c5a1b74098ee84bf4873ef1b9e5eb3.jpg,Гладильно-сушильный каток IMESA MCA 180,MC/A 180,0,RUB,Нет,IMESA,Профоборудование,Прачечное,Гладильно-сушильные катки,https://entero.ru/item/37270,"<p>Гладильно-сушильный каток <a style=""text-decoration:none;cursor:text;"" href=""http://entero.ru/item/37270""><b class=""b"">IMESA MCA 150</b></a>​ используется в прачечных, отелях, ресторанах, оздоровительных центрах, больницах и пр. для просушивания и глажки белья, ткани и одежды. Вал выполнен из нержавеющей стали с покрытием из хрома.</p>

<p><b>Характеристики:</b></p>

<ul>
<li>Размеры вала: 330х1880 мм</li>
</ul>

<p><br>
<em><span style=""color:#FF0000;"">Внимание! На фото аналогичная модель другого размера.</span></em></p>",37270,380 В,2510 мм,600 мм,1090 мм,,,,0,,,,,Италия,,40 кг/ч,,6 м/мин.,,,1880 мм,25.2 кВт,
https://cdn.entero.ru/mp@2x/0f/90/0f9099b935a03c89963bdb22c94d7454.jpg,Гладильный каландр IMESA MC/A 210,Гладильный каландр IMESA MC/A 210,0,RUB,Нет,IMESA,Профоборудование,Прачечное,Гладильно-сушильные катки,https://entero.ru/item/37271,"<p>Каландр гладильный <b class=""b""><a style=""text-decoration:none;cursor:text;"" href=""http://entero.ru/item/37271"">IMESA MC/A 210</a> </b>предназначен для сушки и глажения прямого белья, выстиранного и отжатого до остаточной влажности 50%.</p>


<p>Конструкция позволяет устанавливать каландр близко к стене для максимального использования пространства в небольших помещениях.</p>


<p>Специальная защитная решетка обеспечивает безопасность оператора.</p>


<p>Цилиндр изготовлен из высококачественной нержавеющей стали и покрыт хромом для предотвращения появления ржавчины и однородной температуры по всей площади цилиндра.</p>


<p>Возможность регулирования температуры позволяет подобрать свой режим глажения для различных видов белья.</p>


<p>Каландр полностью соответствует всем стандартам и требованиям безопасности.</p>


<p><b>Характеристики:</b></p>

<ul>
<li>Производительность (кг/ч): 46</li>
<li>Ширина глаженья (см): 206</li>
<li>Диаметр вала (см): 33</li>
<li>Скорость глаженья, м/мин.: 6</li>
<li>Вид нагрева: электрический</li>
<li>Номин. мощность (кВт): 25.2</li>
<li>Высота (см): 109</li>
<li>Ширина (см): 270</li>
<li>Глубина (см): 60</li>
<li>Вес (кг): 542</li>
<li>Страна-производитель: Италия</li>
<li>Гарантия: 1 год</li>
</ul>",37271,,,,,,,,0,,,,,,,,,,,,,,
https://cdn.entero.ru/mp@2x/9b/84/9b84cfa963ba2d58a3ccbd3d616a49ca.jpg,Каток гладильно-сушильный Lavarini MCA 210,Каток гладильно-сушильный Lavarini MCA 210,0,RUB,Нет,Lavarini,Профоборудование,Прачечное,Гладильно-сушильные катки,https://entero.ru/item/76061,"<p>Гладильно-сушильный каток <b class=""b""><a style=""text-decoration:none;cursor:text;"" href=""http://entero.ru/item/76061"">Lavarini MCA 210</a></b> используется в небольших прачечных, гостиницах, салонах красоты, больницах и детских учреждениях для глажения и сушки фасонного белья. На выходе белье имеет 20% влажности. Модель оснащена защитной решеткой и контролем температуры и скоростью глажения.</p>

<p><b>Особенности:</b></p>

<ul>
<li>Управление при помощи микропроцессора IM7</li>
<li>30 программ для глажения</li>
<li>Функция подачи на возврат белья</li>
</ul>

<p><b>Характеристики:</b></p>

<ul>
<li>Размер вала: Ø 330х2000 мм</li>
</ul>

<p><b>Опции (заказываются отдельно):</b></p>

<ul>
<li>Покрытие вала и ленты из термостойкого материала Nomex</li>
</ul>",76061,380 В,2704 мм,776 мм,1092 мм,,,,0,,,,,Италия,,46 кг/ч,,,электро,,2000 мм,25.2 кВт,
https://cdn.entero.ru/mp@2x/b8/ac/b8ac4f9d931e14167b50c90246bd9be5.jpg;https://cdn.entero.ru/mp@2x/ce/5b/ce5be73ab010dfd7c1c427fc9d7273f5.jpg;https://cdn.entero.ru/mp@2x/c1/f0/c1f02bb394dba49e89e799b2771bb99c.jpg,Каландр гладильный Girbau PB3221,901330,0,RUB,Нет,Girbau,Профоборудование,Прачечное,Гладильно-сушильные катки,https://entero.ru/item/37339,"<p>Каландр гладильный <b class=""b""><a style=""text-decoration:none;cursor:text;"" href=""http://entero.ru/item/37339"">Girbau PB3221</a> </b>используется в прачечных всех типов, образовательных, оздоровительных заведениях, производственных предприятиях, в поликлиниках, гостиницах, детских садах, общежитиях, больницах, роддомах и воинских частях для сушки и глажения прямого белья с остаточной влажностью 50%. Модель имеет возможность устанавливать различные программы обработки белья в зависимости от типа ткани. Гладильные ремни изготовлены из термостойкого и прочного армированного материала Nomex, вал - нержавеющая сталь с хромированным покрытием.</p>

<p><b>Особенности:</b></p>

<ul>
<li>Пристенный каландр с горизонтальной загрузкой</li>
<li>Вход и выдача проглаженного белья с передней стороны машины, что дает возможность обслуживания ее одним оператором.</li>
<li>Использование гладильного вала 80-100%</li>
<li>Автоматическая система регулировки скорости глажения Autospeed в зависимости от типа белья и его влажности</li>
<li>Система Optifeed с отображением в режиме реального времени на панели управления зоны подачи с самой высокой температурой </li>
<li>Приспособление защиты пальцев для обеспечения безопасной работы оператора</li>
</ul>

<p><b>Дополнительные характеристики:</b></p>

<ul>
<li>Длина вала: 2120 мм</li>
<li>Вентилятор для отвода воздуха: 0,30 кВт</li>
<li>Испарительная способность: 20 л/ч</li>
<li>Воздухоотвод: Ø 114 мм, 600 м³/ч </li>
</ul>",37339,380 В,2895 мм,872 мм,1416 мм,,,,0,,,,561 кг,,Испания,от 32 до 40 кг/ч,325 мм,от 1 до 5 м/мин.,электро,,2120 мм,23.14 кВт,1
https://cdn.entero.ru/mp@2x/3f/f9/3ff95caaf6800ed4e4957eb0ef99c0c7.jpg;https://cdn.entero.ru/mp@2x/f6/ed/f6ede8b93e8fcddb5305ff997bac7920.jpg,Гладильный каландр IMESA MC/M 2500 (электро),Гладильный каландр IMESA MC/M 2500 (электро),0,RUB,Нет,IMESA,Профоборудование,Прачечное,Гладильно-сушильные катки,https://entero.ru/item/37272,"<p>Каландр гладильный <b class=""b""><a style=""text-decoration:none;cursor:text;"" href=""http://entero.ru/item/37272"">IMESA MC/M 2500 (электро)</a> </b>предназначен для сушки и глажения прямого белья, выстиранного и отжатого до остаточной влажности 50%.</p>


<p><b>Особенности:</b></p>

<ul>
<li>Микропроцессор IM7: создание до 30 программ/ электронная регулировка температуры, скорости глажения и прижима мульды (патент Imesa)/ автоматическая корректировка скорости глажения в зависимости от температуры мульды/ большой дисплей</li>
<li>Покрытие вала: стальная шерсть, иглопробивное полотно - термостойкий хлопок (опция: покрытие из NOMEX'а)</li>
<li>Педаль управления</li>
<li>Приемный лоток</li>
<li>Планка защиты рук</li>
<li>Кнопка аварийной остановки</li>
<li>Планка анти-паника (патент Imesa)</li>
</ul>


<p><b>Характеристики:</b></p>

<ul>
<li>Производительность (кг/ч): 62</li>
<li>Ширина глаженья (см): 250</li>
<li>Диаметр вала (см): 50</li>
<li>Скорость глаженья, м/мин.: 9</li>
<li>Вид нагрева: электрический</li>
<li>Номин. мощность (кВт): 48.6</li>
<li>Высота (см): 168</li>
<li>Ширина (см): 340</li>
<li>Глубина (см): 102</li>
<li>Вес (кг): 1163</li>
<li>Страна-производитель: Италия</li>
<li>Гарантия: 1 год</li>
</ul>",37272,,,,,,,,0,,,,,,,,,,,,,,
https://cdn.entero.ru/mp@2x/81/e1/81e11df85f8590404e1f30dc1c0e3239.jpg;https://cdn.entero.ru/mp@2x/6c/dc/6cdc21eddbf08d3f1448802b60791356.jpg,Гладильный каландр IMESA MC/M 3200 (электро),Гладильный каландр IMESA MC/M 3200 (электро),0,RUB,Нет,IMESA,Профоборудование,Прачечное,Гладильно-сушильные катки,https://entero.ru/item/37276,"<p>Каландр гладильный <b class=""b""><a style=""text-decoration:none;cursor:text;"" href=""http://entero.ru/item/37276"">IMESA MC/M 3200 (электро)</a> </b>предназначен для сушки и глажения прямого белья, выстиранного и отжатого до остаточной влажности 50%.</p>


<p><b>Особенности:</b></p>

<ul>
<li>Микропроцессор IM7: создание до 30 программ/ электронная регулировка температуры, скорости глажения и прижима мульды (патент Imesa)/ автоматическая корректировка скорости глажения в зависимости от температуры мульды/ большой дисплей</li>
<li>Покрытие вала: стальная шерсть, иглопробивное полотно - термостойкий хлопок (опция: покрытие из NOMEX'а)</li>
<li>Педаль управления</li>
<li>Приемный лоток</li>
<li>Планка защиты рук</li>
<li>Кнопка аварийной остановки</li>
<li>Планка анти-паника (патент Imesa)</li>
</ul>


<p><b>Характеристики:</b></p>

<ul>
<li>Производительность (кг/ч): 80</li>
<li>Ширина глаженья (см): 313</li>
<li>Диаметр вала (см): 50</li>
<li>Скорость глаженья, м/мин.: 9</li>
<li>Вид нагрева: электрический</li>
<li>Номин. мощность (кВт): 61.2</li>
<li>Высота (см): 168</li>
<li>Ширина (см): 403</li>
<li>Глубина (см): 103</li>
<li>Вес (кг): 1373</li>
<li>Страна-производитель: Италия</li>
<li>Гарантия: 1 год</li>
</ul>",37276,,,,,,,,0,,,,,,,,,,,,,,
