Изображения,Название,Артикул,Цена,Валюта,Наличие,Бренд,Категория,Подкатегория,Раздел,URL,Описание,Код товара,Тип,Напряжение,Мощность,Ширина,Глубина,Высота,Вес,Количество мест,Размеры,Остаток,Файлы,Старая цена,Видео,Вес (без упаковки),Родина бренда,Страна-производитель,Назначение,Вес (с упаковкой),Управление,Давление
https://cdn.entero.ru/mp@2x/77/c7/77c766648caebf07a0caabe979fef9e8.jpg,Лампа для работы с карамелью Martellato LAMP01,Лампа для работы с карамелью Martellato LAMP01,53006,RUB,Да,Martellato,Профоборудование,Кондитерское,Машины для декорирования,https://entero.ru/item/108839,"<p>Лампа <b class=""b""><a style=""text-decoration:none;cursor:text;"" href=""http://entero.ru/item/108839"">Martellato LAMP01</a></b> используется на предприятиях общественного питания и торговли, в частных домах и квартирах для работы с карамелью. Модель оснащена 2-уровневой регулировкой мощности, регулировкой корпуса по высоте и наклону, 2 стопорными ручками и электрическим каблем. Изделие выполнено из лакированного металла и матовой стали.</p>

<p>Защитный экран и коврик для карамели приобретаются отдельно.</p>

<p><b>Особенности:</b></p>

<ul>
<li>Наклон до 40°</li>
<li>Прочная устойчивая металлическая основа</li>
<li>Силовой кабель внутри стойки</li>
</ul>

<p><b>Дополнительные характеристики:</b></p>

<ul>
<li>Рамер рабочей поверхности: 625x450 мм</li>
<li>Мощность: 0,6 / 1,2 кВт</li>
</ul>",108839,нагреватель,,,625 мм,450 мм,,,,,15,https://entero.ru/manuals/102182/%D0%9A%D0%B0%D1%82%D0%B0%D0%BB%D0%BE%D0%B3%20Martellato%20%28%D0%B0%D0%BD%D0%B3%D0%BB.%29.pdf,55215,,7 кг,Италия,Италия,для карамели,8.5 кг,механическое,
https://cdn.entero.ru/mp@2x/92/9f/929fc96def47c82e5d22a946f95729be.jpg;https://cdn.entero.ru/mp@2x/c3/a0/c3a0fbe5432676fad0ce0c762e3d34c0.jpg;https://cdn.entero.ru/mp@2x/a2/5f/a25f262117b3a0e9bf41347ed4a0e4b9.jpg,"Машина для декорирования тортов кремом Kocateq S C33, диаметром до 33 см","Машина для декорирования тортов кремом Kocateq S C33, диаметром до 33 см",27815,RUB,Да,Kocateq,Профоборудование,Кондитерское,Машины для декорирования,https://entero.ru/item/356933,"<p>Машина для декорирования​ <a style=""text-decoration:none;cursor:text;"" href=""http://entero.by/item/356933""><b class=""b"">Kocateq S C33</b></a> используется в пекарнях и кондитерских, на предприятиях пищевой промышленности и общественного питания для нанесения крема на верхнюю и боковые поверхности. Корпус выполнен из эмалированной стали белого цвета, части машины соприкасающиеся с продуктом - из нержавеющей стали.</p>

<p><b>Особенности:</b></p>

<ul>
<li>Сенсорная панель управления</li>
<li>Режим реверса</li>
<li>Регулировка скорости вращения </li>
<li>Регулировка высоты и диаметра нанесения крема</li>
</ul>

<p><b>Дополнительные характеристики:</b></p>

<ul>
<li>Диаметр платформы: 330 мм</li>
<li>Максимальная высота изделия: 210 мм</li>
<li>Рекомендуемая скорость: 60-90</li>
<li>Габариты упаковки: 550х460х550 мм</li>
<li>Страна: Южная Корея</li>
</ul>",356933,,220 В,0.2 кВт,500 мм,350 мм,570 мм,,,,0,,,,22 кг,,,для декорирования,,автоматическое,
https://cdn.entero.ru/mp@2x/f6/93/f693d97f08eb3850b136049431276842.jpg,Аэрограф Martellato DECOAIR 2,Аэрограф Martellato DECOAIR 2,11996,RUB,Да,Martellato,Профоборудование,Кондитерское,Машины для декорирования,https://entero.ru/item/100268,"<p>Аэрограф двойного действия <b class=""b""><a style=""text-decoration:none;cursor:text;"" href=""http://entero.ru/item/100268"">Martellato DECOAIR 2</a> </b>используется на предприятиях общественного питания и торговли, в частных домах и квартирах для декорирования кондитерских изделий. Модель оснащена регулировкой потока воздуха и краски.</p>

<p><b>Характеристики:</b></p>

<ul>
<li>Объем резервуара для краски: 7 см<sup>3</sup></li>
<li>Диаметр отверстия: 0,3 мм</li>
</ul>",100268,распылитель,,,,,,0.25 кг,1,200x100x30 мм,0,https://entero.ru/manuals/133356/%D0%9A%D0%B0%D1%82%D0%B0%D0%BB%D0%BE%D0%B3%20Martellato%20%28%D0%B0%D0%BD%D0%B3%D0%BB.%29.pdf,13039,,0.25 кг,Италия,Италия,для пищевого красителя,,механическое,
https://cdn.entero.ru/mp@2x/ba/76/ba76f3304743c868a6927ab59476d689.jpg,Набор для декорирования Martellato DECOCP02,Набор для декорирования Martellato DECOCP02,13669,RUB,Нет,Martellato,Профоборудование,Кондитерское,Машины для декорирования,https://entero.ru/item/230821,"<p>Набор <b class=""b""><a style=""text-decoration:none;cursor:text;"" href=""http://entero.ru/item/230821"">Martellato DECOCP02</a></b> используется на предприятиях общественного питания и торговли, в частных домах и квартирах для декорирования кондитерских изделий. Набор состоит из аэрографа и мини-компрессора.</p>

<p>В комплект поставки входит сумка для транспортировки.</p>

<p><b>Дополнительные характеристики:</b></p>

<ul>
<li>Объем резервуара для краски: 2 см<sup>3</sup></li>
<li>Диаметр отверстия: 0,2 мм</li>
</ul>",230821,распылитель,220 В,,,,,,,,0,https://entero.ru/manuals/277579/%D0%9A%D0%B0%D1%82%D0%B0%D0%BB%D0%BE%D0%B3%20%D0%BA%D0%BE%D0%BD%D0%B4%D0%B8%D1%82%D0%B5%D1%80%D1%81%D0%BA%D0%BE%D0%B3%D0%BE%20%D0%B8%D0%BD%D0%B2%D0%B5%D0%BD%D1%82%D0%B0%D1%80%D1%8F%20Martellato%20%28%D0%B0%D0%BD%D0%B3%D0%BB.%29.pdf,,,1.36 кг,Италия,Италия,для пищевого красителя,1.36 кг,механическое,1 бар
https://cdn.entero.ru/mp@2x/02/cf/02cfd16e4e69b8954ddedb5f6d77a6f3.jpg,Распылитель желе ICB tecnlologie s.r.l. 08.1AMINIS,Распылитель желе ICB tecnlologie s.r.l. 08.1AMINIS,0,RUB,Нет,ICB tecnlologie s.r.l.,Профоборудование,Кондитерское,Машины для декорирования,https://entero.ru/item/195005,"<p>Распылитель желе <a style=""text-decoration:none;cursor:text;"" href=""http://entero.ru/item/195005""><b class=""b"">ICB tecnologie s.r.l. 08.1AMINIS</b></a> используется в кондитерских, на предприятиях пищевой промышленности и общественного питания. Модель оснащена одним распылителем, бойлером, электронагревателем, контейнером для аспирации и цифровым контроллером, поддерживающим заданную температуру для распрыскивания желе. Корпус выполнен из нержавеющей стали.</p>

<p><b>Особенности:</b></p>

<ul>
<li>Нагревание трубы на протяжении всего дня</li>
<li>Настольная установка</li>
</ul>

<p><b>Дополнительные характеристики:</b></p>

<ul>
<li>Скорость распыления: 600 см³/мин.</li>
<li>Максимальная поддерживаемая температура: 85 °С</li>
<li>Объем контейнера для аспирации 2,5 л</li>
</ul>

<p> </p>",195005,распылитель,220 В,2.2 кВт,410 мм,300 мм,370 мм,,,,0,https://entero.ru/manuals/227227/%D0%91%D1%80%D0%BE%D1%88%D1%8E%D1%80%D0%B0%20%D0%BD%D0%B0%20ICB%20tecnlologie%20s.r.l.%2008.1AMINIS%20%28%D0%B0%D0%BD%D0%B3%D0%BB.%29.pdf,,,35 кг,Италия,Италия,для желе,,автоматическое,от 0.5 до 3.5 бар
https://cdn.entero.ru/mp@2x/9e/5d/9e5d1d5a6a67b50f6eecf8039892c2bd.jpg,Распылитель шоколада ICB tecnlologie s.r.l. 09.1CHOC1,Распылитель шоколада ICB tecnlologie s.r.l. 09.1CHOC1,304834,RUB,Нет,ICB tecnlologie s.r.l.,Профоборудование,Кондитерское,Машины для декорирования,https://entero.ru/item/195087,"<p>Распылитель шоколада <a style=""text-decoration:none;cursor:text;"" href=""http://entero.ru/item/195087""><b class=""b"">ICB tecnologie s.r.l. 09.1CHOC1</b></a> используется в кондитерских, на предприятиях пищевой промышленности и общественного питания. Модель оснащена одним распылителем, подогреваемой опорой и ванной. </p>

<p>Для работы распылителя необходим компрессор 09.1COMP, который в комплект поставки не входит и приобретается отдельно.</p>

<p><b>Особенности:</b></p>

<ul>
<li>Регулировка давления, угла наклона и количества шоколада</li>
<li>Возможность создавать эффект велюра, гранулирования, апельсиновой корки, точек и линий</li>
</ul>

<p><b>Дополнительные характеристики:</b></p>

<ul>
<li>Объем ванны: 1 л.</li>
</ul>

<p> </p>",195087,распылитель,220 В,0.55 кВт,340 мм,180 мм,390 мм,,,,0,https://entero.ru/manuals/227355/%D0%91%D1%80%D0%BE%D1%88%D1%8E%D1%80%D0%B0%20%D0%BD%D0%B0%20ICB%20tecnlologie%20s.r.l.%2009.1CHOC1%20%28%D0%B0%D0%BD%D0%B3%D0%BB.%29.pdf,331341,,12 кг,Италия,Италия,для шоколада,,автоматическое,от 0.5 до 3.5 бар
https://cdn.entero.ru/mp@2x/3f/47/3f476a620d0c80c711e8dee613bea2d3.jpg,Аэрограф Martellato DECOAIR 5,Аэрограф Martellato DECOAIR 5,10932,RUB,Нет,Martellato,Профоборудование,Кондитерское,Машины для декорирования,https://entero.ru/item/124525,"<p>Аэрограф двойного действия <b class=""b""><a style=""text-decoration:none;cursor:text;"" href=""http://entero.ru/item/124525"">Martellato DECOAIR 5</a> </b>используется на предприятиях общественного питания и торговли, в частных домах и квартирах для декорирования кондитерских изделий. Модель оснащена регулировкой потока воздуха и краски.</p>

<p><b>Характеристики:</b></p>

<ul>
<li>Объем резервуара для краски: 20 / 40 см<sup>3</sup></li>
<li>Диаметр отверстия: 0,2 мм</li>
</ul>",124525,,,,,,,,,,0,https://entero.ru/manuals/133355/%D0%9A%D0%B0%D1%82%D0%B0%D0%BB%D0%BE%D0%B3%20Martellato%20%28%D0%B0%D0%BD%D0%B3%D0%BB.%29.pdf,11883,,,,Китай,для пищевого красителя,,механическое,
https://cdn.entero.ru/mp@2x/1c/32/1c3257a643ae6899294e9c8bb4f797bf.jpg;https://cdn.entero.ru/mp@2x/fc/54/fc542ef11e508227f2c5b8096c5de74b.jpg;https://cdn.entero.ru/mp@2x/8e/14/8e141fe356edf70a9cb238710a8ea839.jpg;https://cdn.entero.ru/mp@2x/b8/72/b8723a48d7afdf299352409b75c05a40.jpg,Сифон Luxstahl 1000 мл,Сифон Luxstahl 1000 мл,26021,RUB,Нет,Luxstahl,Профоборудование,Кондитерское,Машины для декорирования,https://entero.ru/item/114334,"<p>Сифон <a style=""text-decoration:none;cursor:text;"" href=""http://entero.ru/item/114334""><b class=""b"">Luxstahl</b></a> используется в барах, кафе и ресторанах для приготовления взбитых сливок, муссов, пеновых соусов, а также для газации воды и других прохладительных напитков. Изделие выполнено из стали.</p>

<p>В комплект поставки входят 3 насадки.</p>",114334,,,,,,,,,,0,,,,,,,,,,
https://cdn.entero.ru/mp@2x/cd/4d/cd4dc743f1da75564416eb85a37fb312.jpg,Подогреватель топпинга ICB tecnlologie s.r.l. 09.WS1,Подогреватель топпинга ICB tecnlologie s.r.l. 09.WS1,41186,RUB,Нет,ICB tecnlologie s.r.l.,Профоборудование,Кондитерское,Машины для декорирования,https://entero.ru/item/195082,"<p>Подогреватель топпинга <a style=""text-decoration:none;cursor:text;"" href=""http://entero.ru/item/195082""><b class=""b"">ICB tecnologie s.r.l. 09.WS1</b></a> предназначен для поддержания в теплом состоянии и разогрева топпингов и соусов на предприятиях общественного питания и торговли. Модель оснащена аналоговым термостатом и бутылкой. Корпус выполнен из нержавеющей стали, бутылка - из пластика.</p>

<p><b>Особенности:</b></p>

<ul>
<li>Система сухого нагрева</li>
</ul>

<p><b>Дополнительные характеристики:</b></p>

<ul>
<li>Температурный режим: до 60 °С</li>
<li>Объем бутылки: 1 л.</li>
</ul>",195082,нагреватель,220 В,0.2 кВт,150 мм,210 мм,180 мм,,,,0,https://entero.ru/manuals/227347/%D0%91%D1%80%D0%BE%D1%88%D1%8E%D1%80%D0%B0%20%D0%BD%D0%B0%20ICB%20tecnlologie%20s.r.l.%2009.WS1%20%28%D0%B0%D0%BD%D0%B3%D0%BB.%29.pdf,44767,,2 кг,Италия,Италия,для шоколада,,автоматическое,
https://cdn.entero.ru/mp@2x/b8/15/b81527c1f29fb503ed51e81f5306e301.jpg,Подогреватель топпинга ICB tecnlologie s.r.l. 09.WS2,Подогреватель топпинга ICB tecnlologie s.r.l. 09.WS2,65040,RUB,Нет,ICB tecnlologie s.r.l.,Профоборудование,Кондитерское,Машины для декорирования,https://entero.ru/item/195085,"<p>Подогреватель топпинга <a style=""text-decoration:none;cursor:text;"" href=""http://entero.ru/item/195085""><b class=""b"">ICB tecnologie s.r.l. 09.WS2</b></a> предназначен для поддержания в теплом состоянии и разогрева топпингов и соусов на предприятиях общественного питания и торговли. Модель оснащена аналоговыми термостатами и двумя бутылками. Корпус выполнен из нержавеющей стали, бутылки - из пластика.</p>

<p><b>Особенности:</b></p>

<ul>
<li>Система сухого нагрева</li>
</ul>

<p><b>Дополнительные характеристики:</b></p>

<ul>
<li>Температурный режим: до 60 °С</li>
<li>Объем бутылки: 1 л.</li>
<li>Суммарный объем бутылок: 2 л.</li>
</ul>",195085,нагреватель,220 В,0.4 кВт,270 мм,210 мм,180 мм,,,,0,https://entero.ru/manuals/227351/%D0%91%D1%80%D0%BE%D1%88%D1%8E%D1%80%D0%B0%20%D0%BD%D0%B0%20ICB%20tecnlologie%20s.r.l.%2009.WS2%20%28%D0%B0%D0%BD%D0%B3%D0%BB.%29.pdf,67750,,3 кг,Италия,Италия,для шоколада,,автоматическое,
https://cdn.entero.ru/mp@2x/43/e0/43e00b6afb472caf795292447f0dbb62.jpg,Подогреватель топпинга ICB tecnlologie s.r.l. 09.WS3,Подогреватель топпинга ICB tecnlologie s.r.l. 09.WS3,83435,RUB,Нет,ICB tecnlologie s.r.l.,Профоборудование,Кондитерское,Машины для декорирования,https://entero.ru/item/195086,"<p>Подогреватель топпинга <a style=""text-decoration:none;cursor:text;"" href=""http://entero.ru/item/195086""><b class=""b"">ICB tecnologie s.r.l. 09.WS3</b></a> предназначен для поддержания в теплом состоянии и разогрева топпингов и соусов на предприятиях общественного питания и торговли. Модель оснащена аналоговыми термостатами и тремя бутылками. Корпус выполнен из нержавеющей стали, бутылки - из пластика.</p>

<p><b>Особенности:</b></p>

<ul>
<li>Система сухого нагрева</li>
</ul>

<p><b>Дополнительные характеристики:</b></p>

<ul>
<li>Температурный режим: до 60 °С</li>
<li>Объем бутылки: 1 л.</li>
<li>Суммарный объем бутылок: 3 л.</li>
</ul>

<p> </p>",195086,нагреватель,220 В,0.6 кВт,300 мм,270 мм,180 мм,,,,0,https://entero.ru/manuals/227353/%D0%91%D1%80%D0%BE%D1%88%D1%8E%D1%80%D0%B0%20%D0%BD%D0%B0%20ICB%20tecnlologie%20s.r.l.%2009.WS3%20%28%D0%B0%D0%BD%D0%B3%D0%BB.%29.pdf,88761,,4 кг,Италия,Италия,для шоколада,,автоматическое,
https://cdn.entero.ru/mp@2x/4c/bb/4cbb1e4e247cd5da719cff27b7802b31.jpg,Стол морозильный ICB tecnlologie s.r.l. Decor-Freeze,16.DECOR,317973,RUB,Нет,ICB tecnlologie s.r.l.,Профоборудование,Кондитерское,Машины для декорирования,https://entero.ru/item/195235,"<p>Стол морозильный <a style=""text-decoration:none;cursor:text;"" href=""http://entero.ru/item/195235""><b class=""b"">ICB tecnologie s.r.l. Decor-Freeze</b></a> используется для работы с шоколадом в кондитерских, на предприятиях пищевой промышленности и общественного питания. Модель оснащена цифровой панелью управления с термостатом.</p>

<p><b>Особенности:</b></p>

<ul>
<li>​Морозильный стол для работы с шоколадом и создания украшений из него</li>
<li> Достаточно положить шоколад на поверхность машины и из-за низкой температуры, создаваемой машиной, продукт становится податливым для обработки</li>
<li> Небольшие размеры делают машину идеальной для любого рабочего места </li>
</ul>

<p><b>Дополнительные характеристики:</b></p>

<ul>
<li>Температурный режим: от -0 до 0 °С</li>
</ul>",195235,охладитель,220 В,0.48 кВт,480 мм,460 мм,,,,,0,https://entero.ru/manuals/227569/%D0%91%D1%80%D0%BE%D1%88%D1%8E%D1%80%D0%B0%20%D0%BD%D0%B0%20ICB%20tecnlologie%20s.r.l.%20Decor-Freeze%20%28%D0%B0%D0%BD%D0%B3%D0%BB.%29.pdf,,https://vk.com/video_ext.php?oid=-177656185&id=456239682&hd=2&autoplay=0,27 кг,Италия,Италия,для шоколада,,автоматическое,
https://cdn.entero.ru/mp@2x/55/94/559416bfbb9d989076a5980349b6bdc0.jpg,Машина для нанесения шоколада Pavoni CHOCOSPRITZ,CIOCOSPRITZ,351286,RUB,Нет,Pavoni,Профоборудование,Кондитерское,Машины для декорирования,https://entero.ru/item/22783,"<p>Машина для нанесения шоколада​ <b class=""b""><a style=""text-decoration:none;cursor:text;"" href=""http://entero.ru/item/22783"">Pavoni CHOCOSPRITZ</a></b> используется в пекарнях и кондитерских, на предприятиях пищевой промышленности и общественного питания. Модель позволяет нанести шоколад и различную глазурь тонким слоем на кондитерские и хлебобулочные изделия, а также сделать декоративное покрытие: велюр, апельсиновую корку, иней, полоски, точки. Оборудование оснащено воздушно-капельной системой разбрызгивания и поддерживанием заданной температуры. Давление воздуха и жидкости можно регулировать отдельно для достижения лучшего результата.</p>

<p><b>Дополнительные характеристики:</b></p>

<ul>
<li>Объем: 1,5 л</li>
<li>Потребление воздуха: 130 л/мин.</li>
</ul>

<p><b>Опции (заказываются отдельно):</b></p>

<ul>
<li><a href=""http://entero.ru/item/203354"" target=""_blank"">Компрессор</a></li>
<li><a href=""http://entero.ru/item/203365"" target=""_blank"">Тележка</a></li>
</ul>

<p><br>
<em><span style=""color:#FF0000;"">Внимание! На фото представлена модель на тележке (в комплект не входит и приобретается отдельно).</span></em></p>",22783,распылитель,220 В,0.25 кВт,420 мм,400 мм,400 мм,,,,0,https://entero.ru/manuals/91631/%D0%91%D1%80%D0%BE%D1%88%D1%8E%D1%80%D0%B0%20%D0%BD%D0%B0%20Pavoni%20CHOCOSPRITZ%20%28%D0%B0%D0%BD%D0%B3%D0%BB.%29.pdf;https://entero.ru/manuals/91632/%D0%9A%D0%B0%D1%82%D0%B0%D0%BB%D0%BE%D0%B3%20%D0%BE%D0%B1%D0%BE%D1%80%D1%83%D0%B4%D0%BE%D0%B2%D0%B0%D0%BD%D0%B8%D1%8F%20Pavoni%20%28%D0%B0%D0%BD%D0%B3%D0%BB.%29.pdf,,https://vk.com/video_ext.php?oid=-177656185&id=456240618&hd=2&autoplay=0,24 кг,,Италия,для шоколада,,полуавтоматическое,6 бар
https://cdn.entero.ru/mp@2x/2b/68/2b689bdecb7609a3ced57eff69921239.jpg,Машина для нанесения белка Pavoni OVOSPRAY,OVOSPRAY new,379693,RUB,Нет,Pavoni,Профоборудование,Кондитерское,Машины для декорирования,https://entero.ru/item/23170,"<p>Машина для нанесения белка​ <b class=""b""><a style=""text-decoration:none;cursor:text;"" href=""http://entero.ru/item/23170"">Pavoni OVOSPRAY</a></b> используется в пекарнях и кондитерских, на предприятиях пищевой промышленности и общественного питания для нанесения гомогенизированного яйца и белка на кондитерские и хлебобулочные изделия, а также для смазывания маслом форм и противней. Модель оснащена компрессором и распылительным пистолетом. Корпус выполнен из нержавеющей стали.</p>

<p><b>Дополнительные характеристики:</b></p>

<ul>
<li>Вес без компрессора: 40 кг</li>
</ul>",23170,,220 В,1.1 кВт,650 мм,500 мм,1000 мм,,,,0,https://entero.ru/manuals/91623/%D0%91%D1%80%D0%BE%D1%88%D1%8E%D1%80%D0%B0%20%D0%BD%D0%B0%20Pavoni%20OVOSPRAY%20%28%D0%B0%D0%BD%D0%B3%D0%BB.%29.pdf;https://entero.ru/manuals/91624/%D0%9A%D0%B0%D1%82%D0%B0%D0%BB%D0%BE%D0%B3%20%D0%BE%D0%B1%D0%BE%D1%80%D1%83%D0%B4%D0%BE%D0%B2%D0%B0%D0%BD%D0%B8%D1%8F%20Pavoni%20%28%D0%B0%D0%BD%D0%B3%D0%BB.%29.pdf,399677,https://vk.com/video_ext.php?oid=-177656185&id=456240358&hd=2&autoplay=0,60 кг,,,для яичной смеси,,полуавтоматическое,от 0.5 до 4.5 бар
https://cdn.entero.ru/mp@2x/9a/d7/9ad7a9cdb16761866188216daeca54f1.jpg,Распылитель желе ICB tecnlologie s.r.l. 08.1AJELTOP,Распылитель желе ICB tecnlologie s.r.l. 08.1AJELTOP,436228,RUB,Нет,ICB tecnlologie s.r.l.,Профоборудование,Кондитерское,Машины для декорирования,https://entero.ru/item/194960,"<p>Распылитель желе <a style=""text-decoration:none;cursor:text;"" href=""http://entero.ru/item/194960""><b class=""b"">ICB tecnologie s.r.l. 08.1AJELTOP</b></a> используется в кондитерских, на предприятиях пищевой промышленности и общественного питания. Модель оснащена одним распылителем, электронагревателем и цифровым контроллером, поддерживающим заданную температуру для распрыскивания желе. Корпус выполнен из нержавеющей стали.</p>

<p><b>Особенности:</b></p>

<ul>
<li>Аспирация продукта непосредственно из емкости с продуктом</li>
<li>Нагревание трубы на протяжении всего дня</li>
<li>Настольная установка</li>
</ul>

<p><b>Дополнительные характеристики:</b></p>

<ul>
<li>Скорость распыления: 600 см³/мин.</li>
<li>Максимальная поддерживаемая температура: 90 °С</li>
</ul>

<p> </p>",194960,распылитель,220 В,0.6 кВт,450 мм,340 мм,430 мм,,,,0,https://entero.ru/manuals/227203/%D0%91%D1%80%D0%BE%D1%88%D1%8E%D1%80%D0%B0%20%D0%BD%D0%B0%20ICB%20tecnlologie%20s.r.l.%2008.1AJELTOP%20%28%D0%B0%D0%BD%D0%B3%D0%BB.%29.pdf,,,29 кг,Италия,Италия,для желе,,автоматическое,от 0.5 до 3.5 бар
https://cdn.entero.ru/mp@2x/1b/57/1b57c7159737a7c7d5a7ac3df639f987.jpg,Распылитель шоколада ICB tecnlologie s.r.l. 09.1CHOC2,Распылитель шоколада ICB tecnlologie s.r.l. 09.1CHOC2,458565,RUB,Нет,ICB tecnlologie s.r.l.,Профоборудование,Кондитерское,Машины для декорирования,https://entero.ru/item/195088,"<p>Распылитель шоколада <a style=""text-decoration:none;cursor:text;"" href=""http://entero.ru/item/195088""><b class=""b"">ICB tecnologie s.r.l. 09.1CHOC2</b></a> используется в кондитерских, на предприятиях пищевой промышленности и общественного питания. Модель оснащена двумя распылителями, подогреваемой опорой и двумя ваннами.</p>

<p>Для работы распылителя необходим компрессор 09.1COMP, который в комплект поставки не входит и приобретается отдельно.</p>

<p><b>Особенности:</b></p>

<ul>
<li>Регулировка давления, угла наклона и количества шоколада</li>
<li>Возможность создавать эффект велюра, гранулирования, апельсиновой корки, точек и линий</li>
</ul>

<p><b>Дополнительные характеристики:</b></p>

<ul>
<li>Объем ванны: 1 л.</li>
<li>Суммарный объем ванн: 2 л.</li>
</ul>

<p> </p>",195088,распылитель,220 В,1.9 кВт,700 мм,200 мм,400 мм,,,,0,https://entero.ru/manuals/227357/%D0%91%D1%80%D0%BE%D1%88%D1%8E%D1%80%D0%B0%20%D0%BD%D0%B0%20ICB%20tecnlologie%20s.r.l.%2009.1CHOC2%20%28%D0%B0%D0%BD%D0%B3%D0%BB.%29.pdf,,,22 кг,Италия,Италия,для шоколада,,автоматическое,от 0.5 до 3.5 бар
https://cdn.entero.ru/mp@2x/4a/d7/4ad73461f896944519bc77fd0612668b.jpg;https://cdn.entero.ru/mp@2x/ea/1b/ea1b363537f90e2abce6906a7a356798.jpg;https://cdn.entero.ru/mp@2x/5c/cf/5ccff8e53d741737a6cba272ca7d1415.jpg,Распылитель желе ICB tecnlologie s.r.l. 15.10.1,Распылитель желе ICB tecnlologie s.r.l. 15.10.1,467875,RUB,Нет,ICB tecnlologie s.r.l.,Профоборудование,Кондитерское,Машины для декорирования,https://entero.ru/item/195037,"<p>Распылитель желе <a style=""text-decoration:none;cursor:text;"" href=""http://entero.ru/item/195037""><b class=""b"">ICB tecnologie s.r.l. 15.10.1</b></a> используется в кондитерских, на предприятиях пищевой промышленности и общественного питания. Модель оснащена одним распылителем с подогревом, бойлером, индикатором уровня воды и цифровым контроллером, поддерживающим заданную температуру для распрыскивания желе. Корпус выполнен из нержавеющей стали.</p>

<p>Открытая и закрытая тележки для распылителя приобретаются отдельно.</p>

<p><b>Особенности:</b></p>

<ul>
<li>Нагревание трубы на протяжении всего дня</li>
<li>Настольная установка</li>
</ul>

<p><b>Дополнительные характеристики:</b></p>

<ul>
<li>Скорость распыления: 700 см³/мин.</li>
<li>Максимальная поддерживаемая температура: 85 °C</li>
</ul>

<p><b class=""o"">Внимание! На фото аналогичная модель с 2 распылителями</b></p>

<p> </p>",195037,распылитель,220 В,2.8 кВт,630 мм,540 мм,520 мм,,,,0,,503091,,,Италия,Италия,для желе,,автоматическое,от 0.5 до 3.5 бар
https://cdn.entero.ru/mp@2x/65/0a/650acbfff2af175e1a16b2e31ffaaeba.jpg;https://cdn.entero.ru/mp@2x/29/87/2987744760b183ffb458430ce438f295.jpg;https://cdn.entero.ru/mp@2x/62/45/62453bf2bae14461ff5c4b85f9a8eca5.jpg,Распылитель желе ICB tecnlologie s.r.l. 15.10.1.1,Распылитель желе ICB tecnlologie s.r.l. 15.10.1.1,525013,RUB,Нет,ICB tecnlologie s.r.l.,Профоборудование,Кондитерское,Машины для декорирования,https://entero.ru/item/195042,"<p>Распылитель желе <a style=""text-decoration:none;cursor:text;"" href=""http://entero.ru/item/195042""><b class=""b"">ICB tecnologie s.r.l. 15.10.1.1</b></a> используется в кондитерских, на предприятиях пищевой промышленности и общественного питания. Модель оснащена двумя распылителями с подогревом, бойлером, индикатором уровня воды и цифровым контроллером, поддерживающим заданную температуру для распрыскивания желе. Корпус выполнен из нержавеющей стали.</p>

<p>Открытая и закрытая тележки для распылителя приобретаются отдельно.</p>

<p><b>Особенности:</b></p>

<ul>
<li>Нагревание труб на протяжении всего дня</li>
<li>Настольная установка</li>
</ul>

<p><b>Дополнительные характеристики:</b></p>

<ul>
<li>Скорость распыления: 700 см³/мин.</li>
<li>Максимальная поддерживаемая температура: 85 °C</li>
</ul>

<p> </p>",195042,распылитель,220 В,2.8 кВт,630 мм,540 мм,520 мм,,,,0,,546889,,,Италия,Италия,для желе,,автоматическое,от 0.5 до 3.5 бар
https://cdn.entero.ru/mp@2x/7a/16/7a16c4ae885de143fd8e46ca06ac2a33.jpg,Распылитель желе ICB tecnlologie s.r.l. 08.1AMINI,Распылитель желе ICB tecnlologie s.r.l. 08.1AMINI,583389,RUB,Нет,ICB tecnlologie s.r.l.,Профоборудование,Кондитерское,Машины для декорирования,https://entero.ru/item/194995,"<p>Распылитель желе <a style=""text-decoration:none;cursor:text;"" href=""http://entero.ru/item/194995""><b class=""b"">ICB tecnologie s.r.l. 08.1AMINI</b></a> используется в кондитерских, на предприятиях пищевой промышленности и общественного питания. Модель оснащена одним распылителем, электронагревателем и цифровым контроллером, поддерживающим заданную температуру для распрыскивания желе. Корпус выполнен из нержавеющей стали.</p>

<p><b>Особенности:</b></p>

<ul>
<li>Аспирация продукта непосредственно из емкости с продуктом</li>
<li>Нагревание трубы на протяжении всего дня</li>
<li>Настольная установка</li>
</ul>

<p><b>Дополнительные характеристики:</b></p>

<ul>
<li>Скорость распыления: 600 см³/мин.</li>
<li>Максимальная поддерживаемая температура: 85 °С</li>
</ul>

<p> </p>",194995,распылитель,220 В,2.4 кВт,470 мм,340 мм,430 мм,,,,0,https://entero.ru/manuals/227213/%D0%91%D1%80%D0%BE%D1%88%D1%8E%D1%80%D0%B0%20%D0%BD%D0%B0%20ICB%20tecnlologie%20s.r.l.%2008.1AMINI%20%28%D0%B0%D0%BD%D0%B3%D0%BB.%29.pdf,634118,,37 кг,Италия,Италия,для желе,,автоматическое,от 0.5 до 3.5 бар
https://cdn.entero.ru/mp@2x/f2/ea/f2ea849d409fb01ce9d96a7c85b4d235.jpg,Распылитель желе ICB tecnlologie s.r.l. 08.1APROFJT1,Распылитель желе ICB tecnlologie s.r.l. 08.1APROFJT1,663540,RUB,Нет,ICB tecnlologie s.r.l.,Профоборудование,Кондитерское,Машины для декорирования,https://entero.ru/item/195021,"<p>Распылитель желе <a style=""text-decoration:none;cursor:text;"" href=""http://entero.ru/item/195021""><b class=""b"">ICB tecnologie s.r.l. 08.1APROFJT1</b></a> используется в кондитерских, на предприятиях пищевой промышленности и общественного питания. Модель оснащена одним распылителем, бойлером, электронагревателем и цифровым контроллером, поддерживающим заданную температуру для распрыскивания желе. Корпус выполнен из нержавеющей стали.</p>

<p><b>Особенности:</b></p>

<ul>
<li>Нагревание трубы на протяжении всего дня</li>
<li>Напольная установка</li>
</ul>

<p><b>Дополнительные характеристики:</b></p>

<ul>
<li>Скорость распыления: 700 см³/мин.</li>
<li>Максимальная поддерживаемая температура: 85 °C</li>
</ul>

<p><b class=""o"">Внимание! На фото аналогичная модель с 2 распылителями</b></p>

<p> </p>",195021,распылитель,220 В,2.7 кВт,530 мм,590 мм,1030 мм,,,,0,https://entero.ru/manuals/227237/%D0%91%D1%80%D0%BE%D1%88%D1%8E%D1%80%D0%B0%20%D0%BD%D0%B0%20ICB%20tecnlologie%20s.r.l.%2008.1APROFJT1%20%28%D0%B0%D0%BD%D0%B3%D0%BB.%29.pdf,,,63 кг,Италия,Италия,для желе,,автоматическое,от 0.5 до 3.5 бар
https://cdn.entero.ru/mp@2x/65/d1/65d159ca040b5ce83412424c2b25374c.jpg,Распылитель желе ICB tecnlologie s.r.l. 08.1APROFJT3 (эл.нагрев),Распылитель желе ICB tecnlologie s.r.l. 08.1APROFJT3 (эл.нагрев),684422,RUB,Нет,ICB tecnlologie s.r.l.,Профоборудование,Кондитерское,Машины для декорирования,https://entero.ru/item/195032,"<p>Распылитель желе <a style=""text-decoration:none;cursor:text;"" href=""http://entero.ru/item/195032""><b class=""b"">ICB tecnologie s.r.l. 08.1APROFJT3</b></a> используется в кондитерских, на предприятиях пищевой промышленности и общественного питания. Модель оснащена двумя распылителями с подогревом, электронагревателем и цифровым контроллером, поддерживающим заданную температуру для распрыскивания желе. Корпус выполнен из нержавеющей стали.</p>

<p><b>Особенности:</b></p>

<ul>
<li>Нагревание труб электротоком на протяжении всего дня</li>
<li>Напольная установка</li>
</ul>

<p><b>Дополнительные характеристики:</b></p>

<ul>
<li>Скорость распыления: 700 см³/мин.</li>
<li>Максимальная поддерживаемая температура: 85 °C</li>
</ul>

<p> </p>",195032,распылитель,220 В,2.7 кВт,530 мм,590 мм,1030 мм,,,,0,https://entero.ru/manuals/227250/%D0%91%D1%80%D0%BE%D1%88%D1%8E%D1%80%D0%B0%20%D0%BD%D0%B0%20ICB%20tecnlologie%20s.r.l.%2008.1APROFJT3%20%28%D0%B0%D0%BD%D0%B3%D0%BB.%29.pdf,,,63 кг,Италия,Италия,для желе,,автоматическое,от 0.5 до 3.5 бар
https://cdn.entero.ru/mp@2x/99/e2/99e2088fef3d9590ed1a5abd2f82e5c3.jpg,Распылитель желе ICB tecnlologie s.r.l. 08.1APROFJT2,Распылитель желе ICB tecnlologie s.r.l. 08.1APROFJT2,737120,RUB,Нет,ICB tecnlologie s.r.l.,Профоборудование,Кондитерское,Машины для декорирования,https://entero.ru/item/195026,"<p>Распылитель желе <a style=""text-decoration:none;cursor:text;"" href=""http://entero.ru/item/195026""><b class=""b"">ICB tecnologie s.r.l. 08.1APROFJT2</b></a> используется в кондитерских, на предприятиях пищевой промышленности и общественного питания. Модель оснащена двумя распылителями, бойлером, электронагревателем и цифровым контроллером, поддерживающим заданную температуру для распрыскивания желе. Корпус выполнен из нержавеющей стали.</p>

<p><b>Особенности:</b></p>

<ul>
<li>Нагревание трубы на протяжении всего дня</li>
<li>Напольная установка</li>
</ul>

<p><b>Дополнительные характеристики:</b></p>

<ul>
<li>Скорость распыления: 700 см³/мин.</li>
<li>Максимальная поддерживаемая температура: 85 °C</li>
</ul>

<p> </p>",195026,распылитель,220 В,2.7 кВт,530 мм,590 мм,1030 мм,,,,0,https://entero.ru/manuals/227244/%D0%91%D1%80%D0%BE%D1%88%D1%8E%D1%80%D0%B0%20%D0%BD%D0%B0%20ICB%20tecnlologie%20s.r.l.%2008.1APROFJT2%20%28%D0%B0%D0%BD%D0%B3%D0%BB.%29.pdf,801217,,63 кг,Италия,Италия,для желе,,автоматическое,от 0.5 до 3.5 бар
https://cdn.entero.ru/mp@2x/1c/8c/1c8cb5fed126644590e0380f586bb1d8.jpg,Машина для желе Pavoni VRM,SPRAYGELVRM,767704,RUB,Нет,Pavoni,Профоборудование,Кондитерское,Машины для декорирования,https://entero.ru/item/202290,"<p>Машина для желе <b class=""b""><a style=""text-decoration:none;cursor:text;"" href=""http://entero.ru/item/202290"">PAVONI VRM</a></b> используется в пекарнях и кондитерских, на предприятиях пищевой промышленности и общественного питания для нанесения желеобразных масс. Модель оснащена цифровой панелью управления и герметичным бойлером для нагрева продукта, что позволяет сократить затраты времени и энергии. Корпус выполнен из нержавеющей стали.</p>

<p><b>Особенности:</b></p>

<ul>
<li>Контейнер для желе расположен в задней части машины</li>
<li>Фитинг для сжатого воздуха расположен на передней панели</li>
<li>Модель совместима с различными инструментами:
<ul>
<li>Аэрографами</li>
<li>Пистолетами</li>
<li>Другими насадками для нанесения продукта на поверхность изделия различными способами (разбрызгивание, струйная заливка)</li>
</ul>
</li>
<li>Лёгкая и быстрая очистка</li>
</ul>

<p><b>Дополнитльные характеристики:</b></p>

<ul>
<li>Максимальная производительность: 450 см<sup>3 </sup>/ мин.</li>
<li>Максимальная рабочая температура: 90° С</li>
<li>Габариты в упаковке: 500х470х1150 мм</li>
</ul>",202290,,220 В,2.7 кВт,450 мм,420 мм,1100 мм,,,,0,https://entero.ru/manuals/237274/%D0%9A%D0%B0%D1%82%D0%B0%D0%BB%D0%BE%D0%B3%20%D0%BE%D0%B1%D0%BE%D1%80%D1%83%D0%B4%D0%BE%D0%B2%D0%B0%D0%BD%D0%B8%D1%8F%20Pavoni%20%28%D0%B0%D0%BD%D0%B3%D0%BB.%29.pdf,816706,,70 кг,Италия,,для желе,,,от 2.8 до 5 бар
https://cdn.entero.ru/mp@2x/c1/85/c18556e3aefe2c36dd65edaaebb77030.jpg,Распылитель желе ICB tecnlologie s.r.l. 08.1APROFJT3 (бойлер),Распылитель желе ICB tecnlologie s.r.l. 08.1APROFJT3 (бойлер),810701,RUB,Нет,ICB tecnlologie s.r.l.,Профоборудование,Кондитерское,Машины для декорирования,https://entero.ru/item/195029,"<p>Распылитель желе <a style=""text-decoration:none;cursor:text;"" href=""http://entero.ru/item/195029""><b class=""b"">ICB tecnologie s.r.l. 08.1APROFJT3</b></a> используется в кондитерских, на предприятиях пищевой промышленности и общественного питания. Модель оснащена двумя распылителями с подогревом, бойлером, электронагревателем и цифровым контроллером, поддерживающим заданную температуру для распрыскивания желе. Корпус выполнен из нержавеющей стали.</p>

<p><b>Особенности:</b></p>

<ul>
<li>Нагревание труб на протяжении всего дня</li>
<li>Напольная установка</li>
</ul>

<p><b>Дополнительные характеристики:</b></p>

<ul>
<li>Скорость распыления: 700 см³/мин.</li>
<li>Максимальная поддерживаемая температура: 85 °C</li>
</ul>

<p> </p>",195029,распылитель,220 В,2.7 кВт,530 мм,590 мм,1030 мм,,,,0,https://entero.ru/manuals/227248/%D0%91%D1%80%D0%BE%D1%88%D1%8E%D1%80%D0%B0%20%D0%BD%D0%B0%20ICB%20tecnlologie%20s.r.l.%2008.1APROFJT3%20%28%D0%B0%D0%BD%D0%B3%D0%BB.%29.pdf,853369,,63 кг,Италия,Италия,для желе,,автоматическое,от 0.5 до 3.5 бар
https://cdn.entero.ru/mp@2x/ce/8b/ce8b8ad76003908f7b642a8eec3b5c89.jpg,Машина для желе (желе+сироп) Pavoni TWIN/F,SPRAYGELTWIN/F,1073695,RUB,Нет,Pavoni,Профоборудование,Кондитерское,Машины для декорирования,https://entero.ru/item/200606,"<p>Машина для желе (желе+сироп) <b class=""b""><a style=""text-decoration:none;cursor:text;"" href=""http://entero.ru/item/200606"">PAVONI TWIN/F</a></b> используется в пекрнях и кондитерских, на предприятиях пищевой промышленности и общественного питания для нанесения желейной массы, сиропа или ликёра. Модель оснащена двумя пистолетами, один с шлангом синего цвета, другой - красного, что обеспечивает возможность одновременной работы двух операторов. Машина полностью выполнена из нержавеющей стали.</p>

<p><b>Особенности:</b></p>

<ul>
<li>Автоматическая система дозирования</li>
<li>Возможность работы с горячими и холодными массами</li>
<li>Не требует горячей воды или масла для разогрева продукта</li>
<li>Датчик наличия продукта</li>
<li>Температура сопла и продукта поддерживаются в заданном режиме</li>
</ul>

<p><b>Дополнительные характеристики:</b></p>

<ul>
<li>Производительность: 450 цикл/мин.</li>
<li>Максимальная рабочая температура: 90° С</li>
<li>Габариты в упаковке: 570х550х1200 мм</li>
</ul>",200606,,220 В,3.2 кВт,520 мм,500 мм,1100 мм,,,,0,https://entero.ru/manuals/234508/%D0%9A%D0%B0%D1%82%D0%B0%D0%BB%D0%BE%D0%B3%20%D0%BE%D0%B1%D0%BE%D1%80%D1%83%D0%B4%D0%BE%D0%B2%D0%B0%D0%BD%D0%B8%D1%8F%20Pavoni.pdf,1130205,,80 кг,Италия,,для желе,,механическое,от 2.5 до 5.5 бар
https://cdn.entero.ru/mp@2x/16/40/1640eb47ff48bb331940776b7aee334b.jpg,Аэрограф Martellato DECOAIR 3,Аэрограф Martellato DECOAIR 3,0,RUB,Нет,Martellato,Профоборудование,Кондитерское,Машины для декорирования,https://entero.ru/item/112708,"<p>Аэрограф двойного действия <b class=""b""><a style=""text-decoration:none;cursor:text;"" href=""http://entero.ru/item/112708"">Martellato DECOAIR 3</a> </b>используется на предприятиях общественного питания и торговли, в частных домах и квартирах для декорирования кондитерских изделий. Модель оснащена регулировкой потока воздуха и краски.</p>

<p><b>Характеристики:</b></p>

<ul>
<li>Объем резервуара для краски: 2 см<sup>3</sup></li>
<li>Диаметр отверстия: 0,2 мм</li>
</ul>",112708,,,,,,,,,,0,https://entero.ru/manuals/133357/%D0%9A%D0%B0%D1%82%D0%B0%D0%BB%D0%BE%D0%B3%20Martellato%20%28%D0%B0%D0%BD%D0%B3%D0%BB.%29.pdf,,,,,Китай,для пищевого красителя,,механическое,
https://cdn.entero.ru/mp@2x/fc/65/fc65cb808913994e9af9c44d6fe072fe.jpg,Набор для декорирования Martellato DECOCP01,Набор для декорирования Martellato DECOCP01,0,RUB,Нет,Martellato,Профоборудование,Кондитерское,Машины для декорирования,https://entero.ru/item/100275,"<p>Набор <b class=""b""><a style=""text-decoration:none;cursor:text;"" href=""http://entero.ru/item/100275"">Martellato DECOCP01</a> </b>используется на предприятиях общественного питания и торговли, в частных домах и квартирах для декорирования кондитерских изделий. Набор состоит из аэрографа двойного действия и мини-компрессора.</p>

<p>В комплект поставки входит сумка.</p>

<p><b>Дополнительные характеристики:</b></p>

<ul>
<li>Объем резервуара для краски: 2 см<sup>3</sup></li>
<li>Диаметр отверстия: 0,2 мм</li>
</ul>",100275,распылитель,,,,,,,,,0,https://entero.ru/manuals/91758/%D0%9A%D0%B0%D1%82%D0%B0%D0%BB%D0%BE%D0%B3%20Martellato%20%28%D0%B0%D0%BD%D0%B3%D0%BB.%29.pdf,,,,Италия,Италия,для пищевого красителя,,механическое,1.5 бар
https://cdn.entero.ru/mp@2x/0f/4a/0f4abb56cfa080d19945cbc0a884af38.jpg,Машина для декорирования кондитерских изделий Pavoni SPRAYDYNAMIC,Spray dynamic,0,RUB,Нет,Pavoni,Профоборудование,Кондитерское,Машины для декорирования,https://entero.ru/item/32100,"<p>Машина для декорирования кондитерских изделий​ <b class=""b""><a style=""text-decoration:none;cursor:text;"" href=""http://entero.ru/item/32100"">Pavoni SPRAYDYNAMIC</a></b> используется в пекарнях и кондитерских, на предприятиях пищевой промышленности и общественного питания. Модель позволяет нанести горячие желеобразные массы температурой до 92 °C и холодные продукты (ликеры или различные сиропы) на кондитерские изделия. Изделие выполнено из нержавеющей стали.</p>

<p>В комплект поставки входят пистолет и 2 насадки (разбрызгивание и струйная заливка).</p>

<p><b>Дополнительные характеристики:</b></p>

<ul>
<li>Рабочая температура: 90 °С</li>
<li>Объем дозировки: 400 см<sup>3</sup>/мин.</li>
<li>Давление разбрызгивания: 4 бар</li>
</ul>

<p><b>Опции (заказываются отдельно):</b></p>

<ul>
<li>Тележка</li>
</ul>",32100,,220 В,1.7 кВт,400 мм,370 мм,440 мм,,,,0,https://entero.ru/manuals/91578/%D0%91%D1%80%D0%BE%D1%88%D1%8E%D1%80%D0%B0%20%D0%BD%D0%B0%20Pavoni%20SPRAYDYNAMIC%20%28%D0%B0%D0%BD%D0%B3%D0%BB.%29.pdf;https://entero.ru/manuals/91579/%D0%9A%D0%B0%D1%82%D0%B0%D0%BB%D0%BE%D0%B3%20%D0%BE%D0%B1%D0%BE%D1%80%D1%83%D0%B4%D0%BE%D0%B2%D0%B0%D0%BD%D0%B8%D1%8F%20Pavoni%20%28%D0%B0%D0%BD%D0%B3%D0%BB.%29.pdf,,https://vk.com/video_ext.php?oid=-177656185&id=456239887&hd=2&autoplay=0,30 кг,,Италия,для декорирования,,механическое,
https://cdn.entero.ru/mp@2x/fb/0c/fb0c4b17b9309ff334c359a23266b27b.jpg,Машина для нанесения желе Pavoni SPRAY GEL TWIN (F),Машина для нанесения желе Pavoni SPRAY GEL TWIN (F),0,RUB,Нет,Pavoni,Профоборудование,Кондитерское,Машины для декорирования,https://entero.ru/item/23169,"<p>Машина для нанесения желе​ <b class=""b""><a style=""text-decoration:none;cursor:text;"" href=""http://entero.ru/item/23169"">Pavoni SPRAY GEL TWIN (F)</a></b> используется в пекарнях и кондитерских, на предприятиях пищевой промышленности и общественного питания. Модель позволяет нанести горячие желеобразные массы и холодные продукты (ликеры или различные сиропы) на кондитерские изделия. Оборудование оснащено электромеханической панелью управления, автоматической системой дозирования, датчиком наличия продукта и 2 пистолетами для одновременного нанесения горячих и холодных масс. Корпус выполнен из нержавеющей стали.</p>

<p><b>Дополнительные характеристики:</b></p>

<ul>
<li>Рабочая температура: 90 °С</li>
<li>Объем дозировки: 450 см<sup>3</sup>/мин.</li>
<li>Давление разбрызгивания: от 2,8 до 5 бар</li>
</ul>",23169,,220 В,3.2 кВт,520 мм,500 мм,1100 мм,,,,0,https://entero.ru/manuals/91629/%D0%91%D1%80%D0%BE%D1%88%D1%8E%D1%80%D0%B0%20%D0%BD%D0%B0%20Pavoni%20SPRAY%20GEL%20TWIN%20%28F%29%20%28%D0%B0%D0%BD%D0%B3%D0%BB.%29.pdf;https://entero.ru/manuals/91630/%D0%9A%D0%B0%D1%82%D0%B0%D0%BB%D0%BE%D0%B3%20%D0%BE%D0%B1%D0%BE%D1%80%D1%83%D0%B4%D0%BE%D0%B2%D0%B0%D0%BD%D0%B8%D1%8F%20Pavoni%20%28%D0%B0%D0%BD%D0%B3%D0%BB.%29.pdf,,,80 кг,,Италия,для желе,,полуавтоматическое,
https://cdn.entero.ru/mp@2x/2a/96/2a96f72324f8e40db4936e555ecb5a47.jpg,Компрессор Martellato DECOMP 7,Компрессор Martellato DECOMP 7,25182,RUB,Да,Martellato,Профоборудование,Кондитерское,Машины для декорирования,https://entero.ru/item/124523,"<p>Компрессор <b class=""b""><a style=""text-decoration:none;cursor:text;"" href=""http://entero.ru/item/124523"">Martellato DECOMP 7</a> </b>используется на предприятиях общественного питания и торговли, в частных домах и квартирах совместно с аэрографом <a href=""https://entero.ru/item/100268"">DECOAIR 2</a> и <a href=""https://entero.ru/item/112708"">DECOAIR 3</a> для декорирования кондитерских изделий. Модель оснащена самосмазывающимся масляным поршнем для распыления красок с помощью деактивированного воздуха, регулятором давления, манометром и воздушными фильтрами, эффективно выводящими влагу.</p>

<p><b>Особенности:</b></p>

<ul>
<li>Возможность непрерывной работы</li>
<li>Функция автоматического запуска и остановки</li>
<li>Защита от перегрева</li>
<li>Низкий уровень шума </li>
</ul>

<p><b>Характеристики:</b></p>

<ul>
<li>Производительность: от 23 до 25 л/мин.</li>
<li>Давление:
<ul>
<li>Рабочее: 4 бар</li>
<li>Максимальное: 6,5 бар</li>
</ul>
</li>
<li>Напряжение: 220 В</li>
<li>Максимальный уровень шума: 47 дБ</li>
<li>Вес: 4,5 кг</li>
</ul>",124523,,,,,,,,,,0,https://entero.ru/manuals/133352/%D0%9A%D0%B0%D1%82%D0%B0%D0%BB%D0%BE%D0%B3%20Martellato%20%28%D0%B0%D0%BD%D0%B3%D0%BB.%29.pdf,27372,,,,,,,,
https://cdn.entero.ru/mp@2x/81/5b/815bddcb09a9d1c106d3723515171def.jpg,Компрессор Martellato DECOMP 9,Компрессор Martellato DECOMP 9,35755,RUB,Да,Martellato,Профоборудование,Кондитерское,Машины для декорирования,https://entero.ru/item/263308,"<p>Компрессор <b class=""b""><a style=""text-decoration:none;cursor:text;"" href=""http://entero.ru/item/263308"">Martellato DECOMP 9</a> </b>используется на предприятиях общественного питания и торговли, в частных домах и квартирах совместно с аэрографами <a href=""https://entero.ru/search.php?text=+DECOAIR"" target=""_blank"">DECOAIR</a> для декорирования кондитерских изделий. Модель оснащена самосмазывающимся масляным поршнем для распыления красок с помощью деактивированного воздуха, регулятором давления, манометром и воздушными фильтрами, эффективно выводящими влагу.</p>

<p>В комплект поставки входит соединительный кабель для аэрографа.</p>

<p><b>Особенности:</b></p>

<ul>
<li>Возможность непрерывной работы</li>
<li>Функция автоматического запуска и остановки</li>
<li>Защита от перегрева</li>
<li>Низкий уровень шума </li>
</ul>

<p><b>Характеристики:</b></p>

<ul>
<li>Производительность: от 30 до 35 л/мин.</li>
<li>Давление:
<ul>
<li>Рабочее: 6 бар</li>
<li>Максимальное: 6,5 бар</li>
</ul>
</li>
<li>Напряжение: 220 В</li>
<li>Максимальный уровень шума: 47 дБ</li>
<li>Температура окружающей среды: от 5 до 35°С</li>
<li>Вес: 11,5 кг</li>
</ul>",263308,,,,,,,,,,0,https://entero.ru/manuals/325837/%D0%9A%D0%B0%D1%82%D0%B0%D0%BB%D0%BE%D0%B3%20Martellato%20%28%D0%B0%D0%BD%D0%B3%D0%BB.%29.pdf,,,,,,,,,
https://cdn.entero.ru/mp@2x/ea/31/ea31b3ca08fa223e6c4e2ed9f22bd9e1.jpg,Транспортер-подставка Confimec TRD-400,Транспортер-подставка Confimec TRD-400,0,RUB,Нет,Confimec,Профоборудование,Кондитерское,Машины для декорирования,https://entero.ru/item/76804,"<p>Транспортер-подставка <b class=""b""><a style=""text-decoration:none;cursor:text;"" href=""http://entero.ru/item/76804"">Confimec TRD-400</a></b> используется совместно с шестеренчатым дозатором COMBI в пекарнях и кондитерских, на предприятиях пищевой промышленности и общественного питания для автоматизации процесса дозирования в формы.</p>

<p>В комплект поставки входят 6 гнущихся трубок-носиков.</p>",76804,,,,,,,,,,0,,,,,,,,,,
https://cdn.entero.ru/mp@2x/e2/a6/e2a6049544457edbda3333dbd1bf4dcc.jpg;https://cdn.entero.ru/mp@2x/a3/cc/a3cc46cc4650818e65f2ddefdb0bf073.jpg;https://cdn.entero.ru/mp@2x/7a/7a/7a7a4834eeb491f129087d10af6384fd.jpg;https://cdn.entero.ru/mp@2x/c4/37/c437f200c7d5fade4edbd99f94b1e591.jpg,Бак для плавки глазури DITO Group Z60ЕТ,Бак для плавки глазури DITO Group Z60ЕТ,684250,RUB,Нет,DITO Group,Профоборудование,Кондитерское,Машины для декорирования,https://entero.ru/item/80470,"<p>Бак для плавки глазури <b class=""b""><a style=""text-decoration:none;cursor:text;"" href=""http://entero.ru/item/80470"">DITO Group Z60ЕТ</a></b> используется совместно с машиной для глазирования и декорирования <a href=""https://entero.ru/item/80335"">ZETA 400</a> для плавки и поддержания в расплавленном состоянии не большого объема шоколада и последующей перегрузки / перекачки в глазировочные / темперирующие машины в пекарнях и кондитерских, на предприятиях пищевой промышленности и общественного питания. Модель оснащена баком, обогреваемом на водяной бане, и мешалкой для постоянного перемешивания продукта. Бак полностью выполнен из нержавеющей стали марки AISI 304. </p>

<p><b>Дополнительные характеристики:</b></p>

<ul>
<li>Объем:
<ul>
<li>Дежа: 80 л</li>
<li>Заливная рубашка: 20 л</li>
<li>Расплавленная глазурь: 60 кг</li>
</ul>
</li>
<li>Время разогрева глазури: от 25 до 30 мин.</li>
</ul>",80470,,,4 кВт,550 мм,800 мм,950 мм,,,,0,https://entero.ru/manuals/131930/%D0%9A%D0%B0%D1%82%D0%B0%D0%BB%D0%BE%D0%B3%20DITO%20Group.pdf,743750,,150 кг,,,,,,
https://cdn.entero.ru/mp@2x/ce/5e/ce5e7e40e0adde4bb89494a474859913.jpg,Сито для ванны DITO Group ST 400,Сито для ванны DITO Group ST 400,45065,RUB,Нет,DITO Group,Профоборудование,Кондитерское,Машины для декорирования,https://entero.ru/item/80469,"<p>Сито для ванны <b class=""b""><a style=""text-decoration:none;cursor:text;"" href=""http://entero.ru/item/80469"">DITO Group ST 400</a></b> используется совместно с машиной для глазирования и декорирования <a href=""https://entero.ru/item/80335"">ZETA 400</a> в пекарнях и кондитерских, на предприятиях пищевой промышленности и общественного питания.</p>",80469,,,,,,,,,,0,,47941,,,,,,,,
https://cdn.entero.ru/mp@2x/6f/3e/6f3e0d9f5acc43586224e8967b4ca32a.jpg,Тележка для машины для нанесения шоколада Pavoni 160100250,Тележка для машины для нанесения шоколада Pavoni 160100250,57472,RUB,Нет,Pavoni,Профоборудование,Кондитерское,Машины для декорирования,https://entero.ru/item/203365,"<p>Тележка <b class=""b""><a style=""text-decoration:none;cursor:text;"" href=""http://entero.ru/item/203365"">Pavoni 160100250</a></b> используется совместно с машиной для нанесения шоколада <a href=""http://entero.ru/item/22783"" target=""_blank"">CHOCOSPRITZ</a> в пекарнях и кондитерских, на предприятиях пищевой промышленности и общественного питания. Изделие выполнено из нержавеющей стали. </p>

<p><b>Характеристики:</b></p>

<ul>
<li>Габариты без упаковки: 420х400х800 мм</li>
<li>Вес без упаковки: 9 кг</li>
<li>Габариты в упаковке: 470х450х850 мм</li>
<li>Вес с упаковкой: 10 кг</li>
</ul>

<p> </p>

<p><br>
<em><span style=""color:#FF0000;"">Внимание! Представленная на фото машина для нанесения шоколада в комплект поставки не входит.</span></em></p>",203365,,,,,,,,,,0,https://entero.ru/manuals/238090/%D0%9A%D0%B0%D1%82%D0%B0%D0%BB%D0%BE%D0%B3%20%D0%BE%D0%B1%D0%BE%D1%80%D1%83%D0%B4%D0%BE%D0%B2%D0%B0%D0%BD%D0%B8%D1%8F%20Pavoni%20%28%D0%B0%D0%BD%D0%B3%D0%BB.%29.pdf,,,,,,,,,
https://cdn.entero.ru/mp@2x/cc/79/cc796601cfe492e3140d62a249f9e32d.jpg,Тележка для машины для декорирования кондитерских изделий Pavoni,Тележка для машины для декорирования кондитерских изделий Pavoni,91411,RUB,Нет,Pavoni,Профоборудование,Кондитерское,Машины для декорирования,https://entero.ru/item/203398,"<p>Тележка <a style=""text-decoration:none;cursor:text;"" href=""http://entero.ru/item/203398""><b class=""b"">Pavoni</b></a> используется совместно с машиной для декорирования кондитерских изделий <a href=""http://entero.ru/item/32100"" target=""_blank"">SPRAYDYNAMIC</a> в пекарнях и кондитерских, на предприятиях пищевой промышленности и общественного питания. Изделие выполнено из нержавеющей стали. </p>

<p><b>Характеристики:</b></p>

<ul>
<li>Габариты без упаковки: 400х400х800 мм</li>
<li>Вес без упаковки: 12 кг</li>
<li>Габариты в упаковке: 470х450х850 мм</li>
<li>Вес с упаковкой: 15 кг</li>
</ul>",203398,,,,,,,,,,0,https://entero.ru/manuals/238093/%D0%9A%D0%B0%D1%82%D0%B0%D0%BB%D0%BE%D0%B3%20%D0%BE%D0%B1%D0%BE%D1%80%D1%83%D0%B4%D0%BE%D0%B2%D0%B0%D0%BD%D0%B8%D1%8F%20Pavoni%20%28%D0%B0%D0%BD%D0%B3%D0%BB.%29.pdf,97246,,,,,,,,
https://entero.ru/i/nofoto-m.jpg,Хвостовик с электроприводом DITO Group 400 мм,Хвостовик с электроприводом DITO Group 400 мм,108100,RUB,Нет,DITO Group,Профоборудование,Кондитерское,Машины для декорирования,https://entero.ru/item/80471,"<p>Хвостовик с электроприводом <a style=""text-decoration:none;cursor:text;"" href=""http://entero.ru/item/80471""><b class=""b"">DITO Group</b></a> используется совместно с машиной для глазирования и декорирования <a href=""https://entero.ru/item/80335"">ZETA 400</a> в пекарнях и кондитерских, на предприятиях пищевой промышленности и общественного питания.</p>

<p><b>Характеристики:</b></p>

<ul>
<li>Длина: 400 мм</li>
</ul>",80471,,,,,,,,,,0,,,,,,,,,,
https://entero.ru/i/nofoto-m.jpg,Компрессор ICB tecnlologie s.r.l. 09.1COMP для 09.1CHOC,Компрессор ICB tecnlologie s.r.l. 09.1COMP для 09.1CHOC,132001,RUB,Нет,ICB tecnlologie s.r.l.,Профоборудование,Кондитерское,Машины для декорирования,https://entero.ru/item/195226,"<p>Компрессор <a style=""text-decoration:none;cursor:text;"" href=""http://entero.ru/item/195226""><b class=""b"">ICB tecnologie s.r.l. 09.1COMP</b></a> используется совместно с распылителями шоколада <a href=""http://entero.ru/item/195087"" target=""_blank"">09.1CHOC1</a> и <a href=""http://entero.ru/item/195088"" target=""_blank"">09.1CHOC2</a> в кондитерских, на предприятиях пищевой промышленности и общественного питания.</p>

<p><b>Характеристики:</b></p>

<ul>
<li>Напряжение: 220 В</li>
<li>Мощность: 0,95 кВт</li>
</ul>",195226,,,,,,,,,,0,,143479,,,,,,,,
https://cdn.entero.ru/mp@2x/8c/68/8c68023b011dd9df36a25eb691f77648.jpg;https://cdn.entero.ru/mp@2x/e5/f6/e5f63807a6ab46c670c86058ec919b87.jpg;https://cdn.entero.ru/mp@2x/e2/0f/e20f7e404900001c129b1b8c80b9efd6.jpg,Декоратор DITO Group DEC 400,Декоратор DITO Group DEC 400,448500,RUB,Нет,DITO Group,Профоборудование,Кондитерское,Машины для декорирования,https://entero.ru/item/80468,"<p>Декоратор <b class=""b""><a style=""text-decoration:none;cursor:text;"" href=""http://entero.ru/item/80468"">DITO Group DEC 400</a></b> используется совместно с машиной для глазирования и декорирования <a href=""https://entero.ru/item/80335"">ZETA 400</a> в пекарнях и кондитерских, на предприятиях пищевой промышленности и общественного питания для продольного декорирования шоколадной глазурью, помадкой или шоколадом кондитерских изделий. Модель оснащена механизмом с иглами для пробивки сопел, регулировкой частоты удара игл и скорости продольного движения.</p>",80468,,,,,,,,,,0,https://entero.ru/manuals/131931/%D0%9A%D0%B0%D1%82%D0%B0%D0%BB%D0%BE%D0%B3%20DITO%20Group.pdf,,,,,,,,,
https://cdn.entero.ru/mp@2x/62/2a/622a529bf92af4288aba8caf9498e890.jpg;https://cdn.entero.ru/mp@2x/2b/2b/2b2b237b28679104ba3d62804d918bf8.jpg;https://cdn.entero.ru/mp@2x/ad/87/ad87625f0a5fb08ba04494f79e6786b3.jpg,Компрессор для машины для нанесения шоколада Pavoni 160100279,Компрессор для машины для нанесения шоколада Pavoni 160100279,0,RUB,Нет,Pavoni,Профоборудование,Кондитерское,Машины для декорирования,https://entero.ru/item/203354,"<p>Компрессор <b class=""b""><a style=""text-decoration:none;cursor:text;"" href=""http://entero.ru/item/203354"">Pavoni 160100279</a></b> используется совместно с машиной для нанесения шоколада <a href=""http://entero.ru/item/22783"" target=""_blank"">CHOCOSPRITZ</a> в пекарнях и кондитерских, на предприятиях пищевой промышленности и общественного питания. Является обязательным аксессуаром, без которого машина работать не будет, так как централизованная система подачи сжатого воздуха на предприятиях используется редко. </p>

<p><b>Характеристики:</b></p>

<ul>
<li>Емкость: 6 л</li>
<li>Максимальное рабочее давление: 8 бар</li>
<li>Напряжение: 220 В</li>
<li>Мощность: 0,75 кВт</li>
<li>Габариты без упаковки: 600х270х570 мм</li>
<li>Вес без упаковки: 22 кг</li>
<li>Габариты в упаковке: 650х320х650 мм</li>
<li>Вес с упаковкой: 29 кг</li>
</ul>",203354,,,,,,,,,,0,https://entero.ru/manuals/238085/%D0%9A%D0%B0%D1%82%D0%B0%D0%BB%D0%BE%D0%B3%20%D0%BE%D0%B1%D0%BE%D1%80%D1%83%D0%B4%D0%BE%D0%B2%D0%B0%D0%BD%D0%B8%D1%8F%20Pavoni%20%28%D0%B0%D0%BD%D0%B3%D0%BB.%29.pdf,,,,,,,,,
https://cdn.entero.ru/mp@2x/bb/43/bb431205165c43b15a543ff023469ab4.jpg,Подставка для аэрографа Martellato MD 2,Подставка для аэрографа Martellato MD 2,0,RUB,Нет,Martellato,Профоборудование,Кондитерское,Машины для декорирования,https://entero.ru/item/124642,"<p>Подставка <b class=""b""><a style=""text-decoration:none;cursor:text;"" href=""http://entero.ru/item/124642"">Martellato MD 2</a> </b>используется совместно с аэрографами <a href=""https://entero.ru/search.php?text=аэрограф+martellato+++DECOAIR"">DECOAIR</a> на предприятиях общественного питания и торговли, в частных домах и квартирах. </p>

<p><em><span style=""color:#FF0000;"">Внимание! На фото подставка вместе с аэрографом, который в комплект поставки не входит и приобретается отдельно.</span></em></p>",124642,,,,,,,,,,0,https://entero.ru/manuals/133608/%D0%9A%D0%B0%D1%82%D0%B0%D0%BB%D0%BE%D0%B3%20Martellato%20%28%D0%B0%D0%BD%D0%B3%D0%BB.%29.pdf,,,,,,,,,
https://entero.ru/i/nofoto-m.jpg,Решётка для машины для нанесения глазури Pavoni JG06040D20P00G,Решётка для машины для нанесения глазури Pavoni JG06040D20P00G,0,RUB,Нет,Pavoni,Профоборудование,Кондитерское,Машины для декорирования,https://entero.ru/item/203399,"<p>Дополнительная решётка <a style=""text-decoration:none;cursor:text;"" href=""http://entero.ru/item/203399""><b class=""b"">Pavoni JG06040D20P00G</b></a> используется совместно с машиной для нанесения глазури <a href=""https://entero.ru/item/32099"" target=""_blank"">GLASSICE</a> в пекарнях и кондитерских, на предприятиях пищевой промышленности и общественного питания. Изделие выполнено из нержавеющей стали. </p>",203399,,,,,,,,,,0,https://entero.ru/manuals/238094/%D0%9A%D0%B0%D1%82%D0%B0%D0%BB%D0%BE%D0%B3%20%D0%BE%D0%B1%D0%BE%D1%80%D1%83%D0%B4%D0%BE%D0%B2%D0%B0%D0%BD%D0%B8%D1%8F%20Pavoni%20%28%D0%B0%D0%BD%D0%B3%D0%BB.%29.pdf,,,,,,,,,
