Изображения,Название,Артикул,Цена,Валюта,Наличие,Бренд,Категория,Подкатегория,Раздел,URL,Описание,Код товара,Напряжение,Мощность,Ширина,Глубина,Высота,Вес,Количество мест,Размеры,Остаток,Файлы,Старая цена,Видео,Вес (без упаковки),Страна-производитель,Производительность,Объем бункера,Диапазон дозирования,Конвейер
https://cdn.entero.ru/mp@2x/02/22/022221d1b2c75daf2cce651f428c935f.jpg,Отсадочно-дозировочная машина Mimac Babydrop Easy,Отсадочно-дозировочная машина Mimac Babydrop Easy,1701622,RUB,Да,Mimac,Профоборудование,Кондитерское,Отсадочно-дозировочные машины,https://entero.ru/item/22626,"<p>Отсадочно-дозировочная машина <b class=""b""><a style=""text-decoration:none;cursor:text;"" href=""http://entero.ru/item/22626"">Mimac Babydrop Easy</a></b> предназначена для производства песочного печенья, эклеров, миндального печенья, безе и пр. кондитерских изделий в пекарнях и кондитерских, на предприятиях пищевой промышленности и общественного питания. Модель оснащена микропроцессором последнего поколения и электронной сенсорной панелью управления Touch Screen. Корпус выполнен из алюминия, обшивка - из нержавеющей стали, валки - из пластика.</p>

<p><b>Комплектация:</b></p>

<ul>
<li>Насосная головка с валами для противней шириной 400 мм </li>
<li>Фиксированная матрица на 6 выходов</li>
<li>6 насадок пластиковых гладких 10 мм </li>
<li>6 насадок пластиковых рифленых 10 мм Z10</li>
</ul>

<p><b>Особенности:</b></p>

<ul>
<li>Компьютер на 100 программ</li>
<li>Русифицированное меню</li>
<li>Возможность устанавливать тип дозировочной головки, время отсадки (вес), форму изделия, количество рядов на противене (расстояние между заготовками), скорость вращения валков </li>
<li> Приспособление, предотвращающее капание теста </li>
<li>Автоматическое продвижение противеней </li>
<li>Автостарт </li>
<li>Вертикальное опускание-поднятие стола для отделения заготовок</li>
</ul>

<p><b>Опции (заказываются отдельно):</b></p>

<ul>
<li>Головка валкового типа</li>
<li>Щелевая матрица</li>
</ul>",22626,220 В,1 кВт,860 мм,764 мм,687 мм,,,,0,https://entero.ru/manuals/477197/%D0%A1%D1%85%D0%B5%D0%BC%D0%B0%20%D0%BD%D0%B0%20Mimac%20Babydrop%20Easy.png,1829701,https://vk.com/video_ext.php?oid=-177656185&id=456240429&hd=2&autoplay=0;https://vk.com/video_ext.php?oid=-177656185&id=456239340&hd=2&autoplay=0;https://vk.com/video_ext.php?oid=-177656185&id=456239269&hd=2&autoplay=0,125 кг,Италия,1200 циклов/час.,20 л,,
https://cdn.entero.ru/mp@2x/9f/30/9f30aa1536d11f41c5bdc3ffc51ec77c.jpg,Отсадочно-дозировочная машина Mimac Eurodrop Twist 600,Отсадочно-дозировочная машина Mimac Eurodrop Twist 600,3096556,RUB,Да,Mimac,Профоборудование,Кондитерское,Отсадочно-дозировочные машины,https://entero.ru/item/290120,"<p>Отсадочно-дозировочная машина <b class=""b""><a style=""text-decoration:none;cursor:text;"" href=""http://entero.ru/item/290120"">Mimac Eurodrop Twist 600</a></b> предназначена для производства песочного печенья, эклеров, миндального печенья, безе и пр. кондитерских изделий в пекарнях и кондитерских, на предприятиях пищевой промышленности и общественного питания. Модель оснащена дозировочной группой валкового типа, микропроцессором последнего поколения и электронной сенсорной панелью управления Touch Screen. Корпус и валки выполнены из нержавеющей стали, горизонтальный транспортер - из алюминия, покрытого листом нержавеющей стали.</p>

<p><b>Комплектация:</b></p>

<ul>
<li>Головка валкового типа для противней шириной 600 мм с вариатором скорости</li>
<li>Вращающая матрица 9 выходов</li>
<li>9 насадок пластиковых гладких 10 мм</li>
<li>9 насадок пластиковых рифленых 10 мм Z10</li>
<li>9 насадок пластиковых гладких со смещенным центром 8 мм</li>
<li>9 насадок пластиковых рифленых со смещенным центром 8 мм</li>
</ul>

<p><b>Особенности:</b></p>

<ul>
<li>Русифицированное меню</li>
<li>Компьютер на 200 программ</li>
<li>Возможность установки типа дозировочной головки, времени отсадки, формы изделия и количества рядов на противене</li>
<li>Приспособление, предотвращающее капание теста </li>
<li>Привод вращения насадок для печенья типа “колечко” </li>
<li>Автоматическое продвижение противеней</li>
<li>Автостарт</li>
<li>Вертикальное опускание-поднятие стола для отделения заготовок</li>
<li>Адаптеры для жидкого теста</li>
</ul>

<p><b>Опции (заказываются отдельно):</b></p>

<ul>
<li>Головка насосного типа </li>
<li>Щелевая матрица</li>
</ul>",290120,,1.5 кВт,1350 мм,1150 мм,1360 мм,,,,0,https://entero.ru/manuals/477184/%D0%A1%D1%85%D0%B5%D0%BC%D0%B0%20%D0%BD%D0%B0%20Mimac%20Eurodrop%20Twist%20600.png,,,300 кг,Италия,,,,
https://cdn.entero.ru/mp@2x/eb/19/eb19075d3da66d1dc0ef55b25e2af3e4.jpg,Отсадочно-дозировочная машина Mimac Eurodrop Maxx 600,Отсадочно-дозировочная машина Mimac Eurodrop Maxx 600,3630690,RUB,Да,Mimac,Профоборудование,Кондитерское,Отсадочно-дозировочные машины,https://entero.ru/item/23092,"<p>Отсадочно-дозировочная машина <b class=""b""><a style=""text-decoration:none;cursor:text;"" href=""http://entero.ru/item/23092"">Mimac Eurodrop Maxx 600</a></b> предназначена для производства печенья и пр. кондитерских изделий в пекарнях и кондитерских, на предприятиях пищевой промышленности и общественного питания. Модель электронной сенсорной панелью управления Touch Screen, позволяющим управлять всеми функциями и запоминать до 99 программ.</p>

<p>Корпус, стол и валки выполнены из нержавеющей стали, горизонтальный транспортер - из алюминия, покрытого сверху листом из нержавеющей стали.</p>

<p><b>Комплектация:</b></p>

<ul>
<li>Головка жидкая или густая (на выбор)</li>
<li>Вращающая матрица на 9 выходов</li>
<li>9 насадок пластиковых гладких Ø10 мм</li>
<li>9 насадок пластиковых рифленых Ø10 мм Z10</li>
<li>9 насадок пластиковых гладких со смещенным центром Ø 8 мм</li>
<li>9 насадок пластиковых рифленых со смещенным центром Ø8 мм</li>
<li>Штамп с насадками для резки нитью комбинированный T5-T5/2</li>
<li>Рамка резак для резки нитью</li>
</ul>

<p><b>Особенности:</b></p>

<ul>
<li>Настройка:
<ul>
<li>Тип дозировочной головки</li>
<li>Вес изделия</li>
<li>Форма изделия</li>
<li>Количество рядов на противене (расстояние между заготовками)</li>
<li>Скорость вращения валков<span style=""font-size: small; line-height: normal; text-align: justify;""> </span></li>
<li><span style=""font-size: small; line-height: normal; text-align: justify;"">Высота поднятия стола для отделения заготовок </span></li>
</ul>
</li>
<li>Меню машины на русском языке (только для официально поставляемых в Россию)</li>
<li>Приспособление, предотвращающее капание теста (кратковременное движение валков в обратном направлении создает эффект засасывания теста)</li>
<li>Привод вращения насадок для печенья колечко</li>
<li><span style=""font-size: small; line-height: normal; text-align: justify;"">Приспособление резки нитью</span></li>
<li>Автоматическое продвижение противеней</li>
<li>Автостарт</li>
<li><span style=""font-size: small; line-height: normal; text-align: justify;"">Автостоп (не дает противню упасть с транспортера)</span></li>
<li>Вертикальное опускание-поднятие дозировочной головки для отделения заготовок</li>
<li>Адаптеры для жидкого теста позволяют, используя дозировочную группу валкового типа, работать с мягкими тестами</li>
<li>Дозировочная группа валкового типа осуществляет выдавливание и отсадку густого и мягкого теста</li>
<li>Валки с продольными канавками выжимают тесто через установленные на штампе насадки, формуя изделия различной формы</li>
<li>Вращение зубчатых валков головки засасывает тесто из бункера, затем отсаживает его через насадки, не изменяя структуру теста</li>
<li>Дозировочная группа легко снимаются и разбирается для мойки</li>
</ul>

<p><b>Характеристики:</b></p>

<ul>
<li>Ширина противней: 600 мм</li>
</ul>

<p><b>Опции (заказываются отдельно):</b></p>

<ul>
<li>Головка насосного типа для дозировки бисквитного теста и теста для кексов</li>
<li>Валковая коловка для кукис</li>
<li>Щелевая матрица для дозирования бисквитного теста на противень</li>
</ul>",23092,220 В,1 кВт,1350 мм,1150 мм,1360 мм,,,,0,,,https://vk.com/video_ext.php?oid=-177656185&id=456240429&hd=2&autoplay=0,300 кг,Италия,1500 циклов/час.,30 л,,
https://cdn.entero.ru/mp@2x/8d/9f/8d9f3bec319c215c07dc7082ae051554.jpg,Отсадочно-дозировочная машина Mimac Suprema Twist 400,Отсадочно-дозировочная машина Mimac Suprema Twist 400,2113100,RUB,Да,Mimac,Профоборудование,Кондитерское,Отсадочно-дозировочные машины,https://entero.ru/item/366417,"<p>Отсадочно-дозировочная машина <b class=""b""><a style=""text-decoration:none;cursor:text;"" href=""http://entero.ru/item/366417"">Mimac Suprema Twist 400</a></b> предназначена для производства песочного печенья, эклеров, миндального печенья, безе и пр. кондитерских изделий в пекарнях и кондитерских, на предприятиях пищевой промышленности и общественного питания. Модель оснащена дозировочной группой валкового типа, микропроцессором последнего поколения и электронной сенсорной панелью управления Touch Screen. Корпус и бункер выполнены из нержавеющей стали, валы - из пищевого пластика.</p>

<p><b>Комплектация:</b></p>

<ul>
<li>Головка с валами для противней шириной 400 мм с вариатором скорости</li>
<li>Вращающая матрица на 6 выходов</li>
<li>6 насадок пластиковых гладких 10 мм</li>
<li>6 насадок пластиковых рифленых 10 мм Z10</li>
<li>6 насадок пластик гладких со смещенным центром 8 мм</li>
<li>6 насадок пластик рифленых со смещенным центром 8 мм</li>
</ul>

<p><b>Особенности:</b></p>

<ul>
<li>Компьютер на 200 программ</li>
<li>Русифицированное меню</li>
<li>Вариатор скорости вращения валов</li>
<li>Привод вращения насадок с регулируемой скоростью вращения</li>
<li>Автоматическое продвижение противней с электронным устройством контроля</li>
<li>Электронный контроль оспускания стола во время отсадки изделия </li>
<li>Устройство автоматического старта</li>
<li>Вертикальное автоматическое движение стола для отделения продукта</li>
<li>Электронное регулирование высоты стола</li>
</ul>

<p><b>Опции (заказываются отдельно):</b></p>

<ul>
<li>Головка насосного типа </li>
<li>Щелевая матрица</li>
</ul>",366417,,,,,,,,,0,,2224316,,,Италия,1500 циклов/час.,,,
https://cdn.entero.ru/mp@2x/e6/fd/e6fd497568b42feb32aad1764e63c333.jpg;https://cdn.entero.ru/mp@2x/aa/6f/aa6f79fd213d10698b09ac1d9e777b1e.jpg;https://cdn.entero.ru/mp@2x/96/90/9690bcbcd5cb30be7fbe97eb7c7ae94a.jpg,Депозитор кондитерский Danler NFS-1000,Депозитор кондитерский Danler NFS-1000,0,RUB,Нет,Danler,Профоборудование,Кондитерское,Отсадочно-дозировочные машины,https://entero.ru/item/366238,"<p>Кондитерский депозитор ​<b class=""b""><a style=""text-decoration:none;cursor:text;"" href=""http://entero.ru/item/366238"">Danler NFS-1000</a></b> предназначен для точного дозирования различных типов теста, наполнения жидких, кремообразных и пастообразных продуктов на кондитерских и хлебопекарных предприятиях. Модель оснащена системой пневматического подъема и спуска продуктов в бункер, насадкой с вертикальным отсекателем, счетчиком доз, рабочей платформой, педалью управления и колесами с упорным тормозом для легкого перемещения. Корпус выполнен из нержавеющей стали SUS 304.</p>

<p>Компрессор в комплект поставки не входит и приобретается отдельно.</p>

<p><b>Особенности:</b></p>

<ul>
<li>Автоматическая система подъема и опускания депозитора с помощью нажатия кнопки для облегчения наполнения бункера</li>
<li>Простая регулировка объема порции с помощью изменения хода поршня</li>
<li>Защита от травм при снятом бункере</li>
<li>Работает полностью на сжатом воздухе</li>
<li>Соединение CLAMP для легкой разборки и сборки оборудования для очистки</li>
<li>Высокая производительность за счет большой площади проходных каналов</li>
<li>Возможность работы с продукцией с вкраплениями до 15 мм</li>
</ul>

<p><b>Дополнительные характеристики:</b></p>

<ul>
<li>Точность: 0,5%</li>
<li>Давление воздуха от компрессора: от 0,5 до 0,8 МПа</li>
</ul>

<p><b>Опции (заказываются отдельно):</b></p>

<ul>
<li>Автоматический транспортер с фотооптическим сенсором для автоматической дозировки продукта</li>
</ul>",366238,,,,,,,,,0,,,,,Китай,25 циклов/час.,35 л,от 100 до 1000 мл,
https://cdn.entero.ru/mp@2x/3f/66/3f66aba68ce9a27a1e6064cda848a24f.jpg,Машина для отливки бисквита Pavoni ROLLERBISCUIT,Машина для отливки бисквита Pavoni ROLLERBISCUIT,79446,RUB,Нет,Pavoni,Профоборудование,Кондитерское,Отсадочно-дозировочные машины,https://entero.ru/item/25503,"<p>Машина для отливки бисквита​ <b class=""b""><a style=""text-decoration:none;cursor:text;"" href=""http://entero.ru/item/25503"">Pavoni ROLLERBISCUIT</a></b> используется в пекарнях и кондитерских, на предприятиях пищевой промышленности и общественного питания. Модель позволяет отлить бисквит и др. массы однородной плотности. Оборудование оснащено механическим управлением и заслонкой, посредством которой регулируется толщина отливаемой массы. Изделие выполнено из нержавеющей стали.</p>",25503,,,400 мм,475 мм,315 мм,,,,0,https://entero.ru/manuals/91639/%D0%91%D1%80%D0%BE%D1%88%D1%8E%D1%80%D0%B0%20%D0%BD%D0%B0%20Pavoni%20ROLLERBISCUIT%20%28%D0%B0%D0%BD%D0%B3%D0%BB.%29.pdf;https://entero.ru/manuals/91640/%D0%9A%D0%B0%D1%82%D0%B0%D0%BB%D0%BE%D0%B3%20%D0%BE%D0%B1%D0%BE%D1%80%D1%83%D0%B4%D0%BE%D0%B2%D0%B0%D0%BD%D0%B8%D1%8F%20Pavoni%20%28%D0%B0%D0%BD%D0%B3%D0%BB.%29.pdf,,,315 кг,Италия,,,,
https://cdn.entero.ru/mp@2x/14/13/14130112a075c78d4c7c1e9e5aefb4b6.jpg,Рабочий стол для производства слоеных изделий Rollmatic TB30 с дозатором COMBI LINE,Рабочий стол для производства слоеных изделий Rollmatic TB30 с дозатором COMBI LINE,1636750,RUB,Нет,Rollmatic,Профоборудование,Кондитерское,Отсадочно-дозировочные машины,https://entero.ru/item/371193,"<p>Рабочий стол <b class=""b""><a style=""text-decoration:none;cursor:text;"" href=""http://entero.ru/item/371193"">Rollmatic TB30 с дозатором COMBI LINE</a></b> предназначен для нарезки полотна слоеного теста, предварительно намотанного на скалку, на заготовки треугольной, квадратной, прямоугольной, круглой или овальной форм и дозирования в них начинки для последующего ручного формования кондитерских изделий в пекарнях, кондитерских, на предприятиях пищевой промышленности и общественного питания. Модель оснащена системой резки и встроенными электрическими розетками для подключения к комплектующему оборудованию. Корпус и рабочий стол выполнены из нержавеющей стали, дозатор - из нержавеющей стали AISI 316.</p>

<p>В комплект поставки входит скребок, скалка и лоток для муки. Ножи в комплект поставки не входят и приобретаются отдельно.</p>

<p><b>Особенности:</b></p>

<ul>
<li>Шестеренчатый дозатор Сombi Line, синхронизируемым со станцией нарезки заготовок, для автоматизации процесса дозирования начинки на тестовые заготовки:
<ul>
<li>2 дозирующие шестеренчатые головки с дежой на каждой</li>
<li>Сенсорная панель управления с 7 программами дозирования с установкой скорости и времени дозирования, времени обратного вращения шестерен</li>
<li>Установленные на головках шестигранные коллекторы, позволяющие использовать до 12-ти гибких носиков с шаровыми краниками для регулировки подачи начинки</li>
<li>3 режима дозировки: точечная с остановкой ленты линии, точечная с продвижением ленты, непрерывная с продвижением ленты</li>
</ul>
</li>
<li>Натяжение ленты выполняется посредством фронтального ключа- шестигранника</li>
<li>Подымающийся для извлечения ленты и очистки стола концевой ролик на выходе продукции</li>
<li>Регулируемая скорость ленты</li>
<li>Онлайн соединение</li>
<li>Разъемы для аксессуаров 1ф и 3ф</li>
<li>Мотор в безопасной позиции</li>
<li>Лента с «мёртвым оборотом» для улучшения силы тяги</li>
<li>Быстрый съем ленты для очистки</li>
</ul>

<p><b>Характеристики:</b></p>

<ul>
<li>Ширина стола: 700 мм</li>
<li>Длина: 3155 мм</li>
<li>Напряжение дозатора: 220 В</li>
<li>Мощность дозатора: 0,4 кВт</li>
<li>Объем дежи дозатора: 15 л</li>
<li>Размеры дозатора: 786x500x740 мм</li>
<li>Вес дозатора: 45 кг</li>
</ul>

<p><b>Опции (заказываются отдельно):</b></p>

<ul>
<li>Калибратор CL65</li>
<li>Обогрев дежи дозатора</li>
<li>Набор ножей</li>
<li>Формовщик круассанов со столом из нерж.стали</li>
<li>Формовщик круассанов с тележкой</li>
</ul>",371193,380 В,0.37 кВт,3000 мм,700 мм,900 мм,213 кг,1,1060x4000x1660 мм,0,,,,,Италия,,,,
https://cdn.entero.ru/mp@2x/01/b7/01b7932d573d4fb7e854d7b60278f7e8.jpg;https://cdn.entero.ru/mp@2x/d3/f7/d3f7b3ba00d6554c08153aa0d789427b.jpg;https://cdn.entero.ru/mp@2x/08/49/0849c8509d2017df495c9b5204d35e71.jpg;https://cdn.entero.ru/mp@2x/8e/b0/8eb0711228095b20e6ffbb759b5a0190.jpg,Рабочий стол для производства слоеных изделий Confimec CONFI LINE 3000,Рабочий стол для производства слоеных изделий Confimec CONFI LINE 3000,671274,RUB,Нет,Confimec,Профоборудование,Кондитерское,Отсадочно-дозировочные машины,https://entero.ru/item/152547,"<p>Рабочий стол <b class=""b""><a style=""text-decoration:none;cursor:text;"" href=""http://entero.ru/item/152547"">Confimec CONFI LINE 3000</a></b> предназначен для нарезки полотна слоеного теста, предварительно намотанного на скалку, на заготовки треугольной, квадратной, прямоугольной, круглой или овальной форм для последующего ручного формования кондитерских изделий в пекарнях, кондитерских, на предприятиях пищевой промышленности и общественного питания. Модель выполнена из нержавеющей стали AISI 304.</p>

<p><b>Особенности:</b></p>

<ul>
<li>Корпус стола с транспортерной лентой</li>
<li>Плавная регулировка скорости движения ленты</li>
<li>2 кнопочных пульта по обе стороны линии для пуска и остановки ленты</li>
<li>Станция нарезки на 2 вала - предназначена для установки валов с ножами нарезки, разметочных дисков, дисков для нанесения декоративной насечки (поперечной, продольной, под углом)</li>
<li>Станция оснащена защитной крышкой с датчиком открытия, автоматически останавливающим линию для безопасности</li>
<li>Отводчики обрезков теста и расположенные под ними ванночки для сбора обрезков</li>
<li>Скребок очистки ленты с ванночкой для сбора крошек и остатков теста с ленты</li>
<li>Держатель скалок</li>
<li>Кронштейн для хранения рабочих валов и скалок</li>
<li>Поворотные колеса с тормозами для легкого перемещения стола</li>
<li>Может быть доукомплектован дозатором Сombi Line (приобретается отдельно), синхронизируемым со станцией нарезки заготовок, для автоматизации процесса дозирования начинки на тестовые заготовки</li>
</ul>

<p><b>Характеристики:</b></p>

<ul>
<li>Скорость движения ленты: от 1,4 до 3,5 м/мин.</li>
</ul>",152547,220 В,0.4 кВт,3000 мм,700 мм,900 мм,,,,0,,721800,https://vk.com/video_ext.php?oid=-177656185&id=456239218&hd=2&autoplay=0,,Италия,,,,
https://cdn.entero.ru/mp@2x/c7/24/c724141f8410ecb329a01da82e5e06b1.jpg;https://cdn.entero.ru/mp@2x/c7/fa/c7facfd63853accf2026231d39c725a2.jpg,Депозитор кондитерский Danler NFS-1000 C с транспортером,204521,775024,RUB,Нет,Danler,Профоборудование,Кондитерское,Отсадочно-дозировочные машины,https://entero.ru/item/366373,"<p>Кондитерский депозитор ​<a style=""text-decoration:none;cursor:text;"" href=""http://entero.ru/item/366373""><b class=""b"">Danler NFS-1000 C</b></a> предназначен для точного дозирования различных типов теста, наполнения жидких, кремообразных и пастообразных продуктов на кондитерских и хлебопекарных предприятиях. Модель оснащена системой пневматического подъема и спуска продуктов в бункер, насадкой с вертикальным отсекателем, счетчиком доз, рабочей платформой, педалью управления и колесами с упорным тормозом для легкого перемещения. Корпус выполнен из нержавеющей стали SUS 304.</p>

<p>В комплект поставки входит автоматический транспортер с фотооптическим сенсором для автоматической дозировки продукта.</p>

<p>Компрессор в комплект поставки не входит и приобретается отдельно.</p>

<p><b>Особенности:</b></p>

<ul>
<li>Автоматическая система подъема и опускания депозитора с помощью нажатия кнопки для облегчения наполнения бункера</li>
<li>Простая регулировка объема порции с помощью изменения хода поршня</li>
<li>Защита от травм при снятом бункере</li>
<li>Работает полностью на сжатом воздухе</li>
<li>Соединение CLAMP для легкой разборки и сборки оборудования для очистки</li>
<li>Высокая производительность за счет большой площади проходных каналов</li>
<li>Возможность работы с продукцией с вкраплениями до 15 мм</li>
</ul>

<p><b>Дополнительные характеристики:</b></p>

<ul>
<li>Точность: 0,5%</li>
<li>Давление воздуха от компрессора: от 0,5 до 0,8 МПа</li>
</ul>",366373,,,,,,,,,0,,,,,Китай,25 циклов/час.,35 л,от 100 до 1000 мл,Да
https://cdn.entero.ru/mp@2x/54/cd/54cd1f26937594f497805b7cb0d5c6d8.jpg,Головка насосного типа Mimac для Eurodrop Maxx 600,Головка насосного типа Mimac для Eurodrop Maxx 600,580635,RUB,Да,Mimac,Профоборудование,Кондитерское,Отсадочно-дозировочные машины,https://entero.ru/item/366434,"<p>Головка насосного типа <a style=""text-decoration:none;cursor:text;"" href=""http://entero.ru/item/366434""><b class=""b"">Mimac</b></a> используется совместно с отсадочно-дозировочными машинами <a href=""https://entero.ru/item/366434"" target=""_blank"">Eurodrop Maxx 600</a> в пекарнях и кондитерских, на предприятиях пищевой промышленности и общественного питания для дозировки бисквитного теста и теста для кексов.</p>",366434,,,,,,,,,0,,611195,,,,,,,
https://cdn.entero.ru/mp@2x/d0/1a/d01a3fcbff43aa290c35b4982a6d98e0.jpg,Щелевая матрица Mimac для Suprema Twist 400,Щелевая матрица Mimac для Suprema Twist 400,41652,RUB,Да,Mimac,Профоборудование,Кондитерское,Отсадочно-дозировочные машины,https://entero.ru/item/366433,"<p>Щелевая матрица <a style=""text-decoration:none;cursor:text;"" href=""http://entero.ru/item/366433""><b class=""b"">Mimac</b></a> используется совместно с отсадочно-дозировочными машинами <a href=""https://entero.ru/item/366417"" target=""_blank"">Suprema Twist 400</a> в пекарнях и кондитерских, на предприятиях пищевой промышленности и общественного питания для дозировки бисквитного теста прямо на противень и производства бисквитных основ для тортов и рулетов.</p>

<p><b>Характеристики:</b></p>

<ul>
<li>Регулируемый зазор: до 14 мм</li>
</ul>",366433,,,,,,,,,0,,44787,,,,,,,
https://cdn.entero.ru/mp@2x/be/d0/bed0aa55f15a4533e5be38135b85de0d.jpg,Щелевая матрица Mimac для Eurodrop Twist 600,Щелевая матрица Mimac для Eurodrop Twist 600,54949,RUB,Да,Mimac,Профоборудование,Кондитерское,Отсадочно-дозировочные машины,https://entero.ru/item/366431,"<p>Щелевая матрица <a style=""text-decoration:none;cursor:text;"" href=""http://entero.ru/item/366431""><b class=""b"">Mimac</b></a> используется совместно с отсадочно-дозировочными машинами <a href=""https://entero.ru/item/290120"" target=""_blank"">Eurodrop Twist 600</a> в пекарнях и кондитерских, на предприятиях пищевой промышленности и общественного питания для дозировки бисквитного теста прямо на противень и производства бисквитных основ для тортов и рулетов.</p>

<p><b>Характеристики:</b></p>

<ul>
<li>Регулируемый зазор: до 14 мм</li>
</ul>",366431,,,,,,,,,0,,59085,,,,,,,
https://cdn.entero.ru/mp@2x/0e/bd/0ebd15d49cfed641d5da04b15e6ec83f.jpg,Щелевая матрица Mimac для Eurodrop Maxx 600,Щелевая матрица Mimac для Eurodrop Maxx 600,64584,RUB,Да,Mimac,Профоборудование,Кондитерское,Отсадочно-дозировочные машины,https://entero.ru/item/366430,"<p>Щелевая матрица <a style=""text-decoration:none;cursor:text;"" href=""http://entero.ru/item/366430""><b class=""b"">Mimac</b></a> используется совместно с отсадочно-дозировочными машинами <a href=""https://entero.ru/item/366434"" target=""_blank"">Eurodrop Maxx 600</a> в пекарнях и кондитерских, на предприятиях пищевой промышленности и общественного питания для дозировки бисквитного теста прямо на противень и производства бисквитных основ для тортов и рулетов.</p>

<p><b>Характеристики:</b></p>

<ul>
<li>Регулируемый зазор: до 14 мм</li>
</ul>",366430,,,,,,,,,0,,69445,,,,,,,
https://cdn.entero.ru/mp@2x/77/88/7788ab58050f8408184c400ffb055d7e.jpg,Насадка Mimac F31,Насадка Mimac F31,0,RUB,Нет,Mimac,Профоборудование,Кондитерское,Отсадочно-дозировочные машины,https://entero.ru/item/76864,"<p>Фигурная насадка <b class=""b""><a style=""text-decoration:none;cursor:text;"" href=""http://entero.ru/item/76864"">Mimac F31</a> </b>используется совместно с отсадочно-дозировочными машинами Eurodrop RV400 и RV600 в пекарнях и кондитерских, на предприятиях пищевой промышленности и общественного питания. Изделие выполнено из бронзы.</p>",76864,,,,,,,,,0,,,,,,,,,
https://cdn.entero.ru/mp@2x/e8/cb/e8cbcf03512512eca7be9597ae119714.jpg,Насадка Mimac F27,Насадка Mimac F27,0,RUB,Нет,Mimac,Профоборудование,Кондитерское,Отсадочно-дозировочные машины,https://entero.ru/item/76858,"<p>Фигурная насадка <b class=""b""><a style=""text-decoration:none;cursor:text;"" href=""http://entero.ru/item/76858"">Mimac F27</a> </b>используется совместно с отсадочно-дозировочными машинами Eurodrop RV400 и RV600 в пекарнях и кондитерских, на предприятиях пищевой промышленности и общественного питания. Изделие выполнено из бронзы.</p>",76858,,,,,,,,,0,,,,,,,,,
https://cdn.entero.ru/mp@2x/dd/b5/ddb505d13fd5039f2ddedcc520e4f4ba.jpg,Насадка Mimac F26,Насадка Mimac F26,0,RUB,Нет,Mimac,Профоборудование,Кондитерское,Отсадочно-дозировочные машины,https://entero.ru/item/76859,"<p>Фигурная насадка <b class=""b""><a style=""text-decoration:none;cursor:text;"" href=""http://entero.ru/item/76859"">Mimac F26</a> </b>используется совместно с отсадочно-дозировочными машинами Eurodrop RV400 и RV600 в пекарнях и кондитерских, на предприятиях пищевой промышленности и общественного питания. Изделие выполнено из бронзы.</p>",76859,,,,,,,,,0,,,,,,,,,
https://cdn.entero.ru/mp@2x/bc/72/bc724422e8d25686e549a16b393c80c5.jpg,Насадка Mimac F25,Насадка Mimac F25,0,RUB,Нет,Mimac,Профоборудование,Кондитерское,Отсадочно-дозировочные машины,https://entero.ru/item/76860,"<p>Фигурная насадка <b class=""b""><a style=""text-decoration:none;cursor:text;"" href=""http://entero.ru/item/76860"">Mimac F25</a> </b>используется совместно с отсадочно-дозировочными машинами Eurodrop RV400 и RV600 в пекарнях и кондитерских, на предприятиях пищевой промышленности и общественного питания. Изделие выполнено из бронзы.</p>",76860,,,,,,,,,0,,,,,,,,,
https://cdn.entero.ru/mp@2x/03/79/037900940292b3bcfd091088915005b0.jpg,Насадка Mimac F24,Насадка Mimac F24,0,RUB,Нет,Mimac,Профоборудование,Кондитерское,Отсадочно-дозировочные машины,https://entero.ru/item/76861,"<p>Фигурная насадка <b class=""b""><a style=""text-decoration:none;cursor:text;"" href=""http://entero.ru/item/76861"">Mimac F24</a> </b>используется совместно с отсадочно-дозировочными машинами Eurodrop RV400 и RV600 в пекарнях и кондитерских, на предприятиях пищевой промышленности и общественного питания. Изделие выполнено из бронзы.</p>",76861,,,,,,,,,0,,,,,,,,,
https://cdn.entero.ru/mp@2x/ac/94/ac941ca2fde21ec6763c807405016196.jpg,Насадка Mimac F28,Насадка Mimac F28,0,RUB,Нет,Mimac,Профоборудование,Кондитерское,Отсадочно-дозировочные машины,https://entero.ru/item/76862,"<p>Фигурная насадка <b class=""b""><a style=""text-decoration:none;cursor:text;"" href=""http://entero.ru/item/76862"">Mimac F28</a> </b>используется совместно с отсадочно-дозировочными машинами Eurodrop RV400 и RV600 в пекарнях и кондитерских, на предприятиях пищевой промышленности и общественного питания. Изделие выполнено из бронзы.</p>",76862,,,,,,,,,0,,,,,,,,,
https://cdn.entero.ru/mp@2x/f9/75/f97540dc5614b644918c49865543fdd1.jpg,Насадка Mimac F32,Насадка Mimac F32,0,RUB,Нет,Mimac,Профоборудование,Кондитерское,Отсадочно-дозировочные машины,https://entero.ru/item/76863,"<p>Фигурная насадка <b class=""b""><a style=""text-decoration:none;cursor:text;"" href=""http://entero.ru/item/76863"">Mimac F32</a> </b>используется совместно с отсадочно-дозировочными машинами Eurodrop RV400 и RV600 в пекарнях и кондитерских, на предприятиях пищевой промышленности и общественного питания. Изделие выполнено из бронзы.</p>",76863,,,,,,,,,0,,,,,,,,,
https://cdn.entero.ru/mp@2x/84/4f/844f4babbdf26269851e4524edf9a222.jpg,Насадка Mimac F30,Насадка Mimac F30,0,RUB,Нет,Mimac,Профоборудование,Кондитерское,Отсадочно-дозировочные машины,https://entero.ru/item/76865,"<p>Фигурная насадка <b class=""b""><a style=""text-decoration:none;cursor:text;"" href=""http://entero.ru/item/76865"">Mimac F30</a> </b>используется совместно с отсадочно-дозировочными машинами Eurodrop RV400 и RV600 в пекарнях и кондитерских, на предприятиях пищевой промышленности и общественного питания. Изделие выполнено из бронзы.</p>",76865,,,,,,,,,0,,,,,,,,,
https://cdn.entero.ru/mp@2x/d3/9e/d39e4cf9f125743d2236562cdcacec85.jpg,Насадка Mimac F29,Насадка Mimac F29,0,RUB,Нет,Mimac,Профоборудование,Кондитерское,Отсадочно-дозировочные машины,https://entero.ru/item/76866,"<p>Фигурная насадка <b class=""b""><a style=""text-decoration:none;cursor:text;"" href=""http://entero.ru/item/76866"">Mimac F29</a> </b>используется совместно с отсадочно-дозировочными машинами Eurodrop RV400 и RV600 в пекарнях и кондитерских, на предприятиях пищевой промышленности и общественного питания. Изделие выполнено из бронзы.</p>",76866,,,,,,,,,0,,,,,,,,,
https://cdn.entero.ru/mp@2x/7c/18/7c18c3bacae938ed07642c3726ff46c2.jpg,Насадка Mimac F1,Насадка Mimac F1,0,RUB,Нет,Mimac,Профоборудование,Кондитерское,Отсадочно-дозировочные машины,https://entero.ru/item/76889,"<p>Фигурная насадка <b class=""b""><a style=""text-decoration:none;cursor:text;"" href=""http://entero.ru/item/76889"">Mimac F1</a> </b>используется совместно с отсадочно-дозировочными машинами Babydrop 400 и 450, Eurodrop RV400 и RV600 в пекарнях и кондитерских, на предприятиях пищевой промышленности и общественного питания. Изделие выполнено из бронзы.</p>",76889,,,,,,,,,0,,,,,,,,,
https://cdn.entero.ru/mp@2x/fa/80/fa80562532c5fc042d689671dd2291c3.jpg,Насадка Mimac F2,Насадка Mimac F2,0,RUB,Нет,Mimac,Профоборудование,Кондитерское,Отсадочно-дозировочные машины,https://entero.ru/item/76890,"<p>Фигурная насадка <b class=""b""><a style=""text-decoration:none;cursor:text;"" href=""http://entero.ru/item/76890"">Mimac F2</a></b> используется совместно с отсадочно-дозировочными машинами Babydrop 400 и 450, Eurodrop RV400 и RV600 в пекарнях и кондитерских, на предприятиях пищевой промышленности и общественного питания. Изделие выполнено из бронзы.</p>",76890,,,,,,,,,0,,,,,,,,,
https://cdn.entero.ru/mp@2x/82/fb/82fbe0213a36adb72b40d7da543f1b87.jpg,Насадка Mimac F3,Насадка Mimac F3,0,RUB,Нет,Mimac,Профоборудование,Кондитерское,Отсадочно-дозировочные машины,https://entero.ru/item/76891,"<p>Фигурная насадка <b class=""b""><a style=""text-decoration:none;cursor:text;"" href=""http://entero.ru/item/76891"">Mimac F3</a></b> используется совместно с отсадочно-дозировочными машинами Babydrop 400 и 450, Eurodrop RV400 и RV600 в пекарнях и кондитерских, на предприятиях пищевой промышленности и общественного питания. Изделие выполнено из бронзы.</p>",76891,,,,,,,,,0,,,,,,,,,
https://cdn.entero.ru/mp@2x/4c/27/4c2712dab9a896c03ec4c70673131374.jpg,Насадка Mimac F4,Насадка Mimac F4,0,RUB,Нет,Mimac,Профоборудование,Кондитерское,Отсадочно-дозировочные машины,https://entero.ru/item/76892,"<p>Фигурная насадка <b class=""b""><a style=""text-decoration:none;cursor:text;"" href=""http://entero.ru/item/76892"">Mimac F4</a> </b>используется совместно с отсадочно-дозировочными машинами Babydrop 400 и 450, Eurodrop RV400 и RV600 в пекарнях и кондитерских, на предприятиях пищевой промышленности и общественного питания. Изделие выполнено из бронзы.</p>",76892,,,,,,,,,0,,,,,,,,,
https://cdn.entero.ru/mp@2x/2f/f7/2ff71f9c04f9d048bf5291f083c35b4d.jpg,Насадка Mimac F5,Насадка Mimac F5,0,RUB,Нет,Mimac,Профоборудование,Кондитерское,Отсадочно-дозировочные машины,https://entero.ru/item/76893,"<p>Фигурная насадка <b class=""b""><a style=""text-decoration:none;cursor:text;"" href=""http://entero.ru/item/76893"">Mimac F5</a> </b>используется совместно с отсадочно-дозировочными машинами Babydrop 400 и 450, Eurodrop RV400 и RV600 в пекарнях и кондитерских, на предприятиях пищевой промышленности и общественного питания. Изделие выполнено из бронзы.</p>",76893,,,,,,,,,0,,,,,,,,,
https://cdn.entero.ru/mp@2x/46/d1/46d15d4434e21bb5eab606e731cbbc27.jpg,Насадка Mimac F6,Насадка Mimac F6,0,RUB,Нет,Mimac,Профоборудование,Кондитерское,Отсадочно-дозировочные машины,https://entero.ru/item/76894,"<p>Фигурная насадка <b class=""b""><a style=""text-decoration:none;cursor:text;"" href=""http://entero.ru/item/76894"">Mimac F6</a></b> используется совместно с отсадочно-дозировочными машинами Babydrop 400 и 450, Eurodrop RV400 и RV600 в пекарнях и кондитерских, на предприятиях пищевой промышленности и общественного питания. Изделие выполнено из бронзы.</p>",76894,,,,,,,,,0,,,,,,,,,
https://cdn.entero.ru/mp@2x/4e/b5/4eb56e4e093ec88ddf3d31db1fbbd06c.jpg,Насадка Mimac F7,Насадка Mimac F7,0,RUB,Нет,Mimac,Профоборудование,Кондитерское,Отсадочно-дозировочные машины,https://entero.ru/item/76895,"<p>Фигурная насадка <b class=""b""><a style=""text-decoration:none;cursor:text;"" href=""http://entero.ru/item/76895"">Mimac F7</a></b> используется совместно с отсадочно-дозировочными машинами Babydrop 400 и 450, Eurodrop RV400 и RV600 в пекарнях и кондитерских, на предприятиях пищевой промышленности и общественного питания. Изделие выполнено из бронзы.</p>",76895,,,,,,,,,0,,,,,,,,,
https://cdn.entero.ru/mp@2x/ac/3a/ac3af1d279ba269cc911843195887cc3.jpg,Насадка Mimac F8,Насадка Mimac F8,0,RUB,Нет,Mimac,Профоборудование,Кондитерское,Отсадочно-дозировочные машины,https://entero.ru/item/76896,"<p>Фигурная насадка <b class=""b""><a style=""text-decoration:none;cursor:text;"" href=""http://entero.ru/item/76896"">Mimac F8</a> </b>используется совместно с отсадочно-дозировочными машинами Babydrop 400 и 450, Eurodrop RV400 и RV600 в пекарнях и кондитерских, на предприятиях пищевой промышленности и общественного питания. Изделие выполнено из бронзы.</p>",76896,,,,,,,,,0,,,,,,,,,
https://cdn.entero.ru/mp@2x/ed/8d/ed8d00b30f743075fc809b8e2c095f88.jpg,Насадка Mimac F9,Насадка Mimac F9,0,RUB,Нет,Mimac,Профоборудование,Кондитерское,Отсадочно-дозировочные машины,https://entero.ru/item/76897,"<p>Фигурная насадка <b class=""b""><a style=""text-decoration:none;cursor:text;"" href=""http://entero.ru/item/76897"">Mimac F9</a> </b>используется совместно с отсадочно-дозировочными машинами Babydrop 400 и 450, Eurodrop RV400 и RV600 в пекарнях и кондитерских, на предприятиях пищевой промышленности и общественного питания. Изделие выполнено из бронзы.</p>",76897,,,,,,,,,0,,,,,,,,,
https://cdn.entero.ru/mp@2x/f5/63/f56342efefd5d4625397084997ec749e.jpg,Насадка Mimac F10,Насадка Mimac F10,0,RUB,Нет,Mimac,Профоборудование,Кондитерское,Отсадочно-дозировочные машины,https://entero.ru/item/76898,"<p>Фигурная насадка <b class=""b""><a style=""text-decoration:none;cursor:text;"" href=""http://entero.ru/item/76898"">Mimac F10</a></b> используется совместно с отсадочно-дозировочными машинами Babydrop 400 и 450, Eurodrop RV400 и RV600 в пекарнях и кондитерских, на предприятиях пищевой промышленности и общественного питания. Изделие выполнено из бронзы.</p>",76898,,,,,,,,,0,,,,,,,,,
https://cdn.entero.ru/mp@2x/ad/6d/ad6d1f510a8525d0ee778b8fcf1060c7.jpg,Насадка Mimac F11,Насадка Mimac F11,0,RUB,Нет,Mimac,Профоборудование,Кондитерское,Отсадочно-дозировочные машины,https://entero.ru/item/76899,"<p>Фигурная насадка <b class=""b""><a style=""text-decoration:none;cursor:text;"" href=""http://entero.ru/item/76899"">Mimac F11</a></b> используется совместно с отсадочно-дозировочными машинами Babydrop 400 и 450, Eurodrop RV400 и RV600 в пекарнях и кондитерских, на предприятиях пищевой промышленности и общественного питания. Изделие выполнено из бронзы.</p>",76899,,,,,,,,,0,,,,,,,,,
https://cdn.entero.ru/mp@2x/18/c3/18c33458e63d8c40f995e90499483247.jpg,Насадка Mimac F12,Насадка Mimac F12,0,RUB,Нет,Mimac,Профоборудование,Кондитерское,Отсадочно-дозировочные машины,https://entero.ru/item/76900,"<p>Фигурная насадка <b class=""b""><a style=""text-decoration:none;cursor:text;"" href=""http://entero.ru/item/76900"">Mimac F12</a></b> используется совместно с отсадочно-дозировочными машинами Babydrop 400 и 450, Eurodrop RV400 и RV600 в пекарнях и кондитерских, на предприятиях пищевой промышленности и общественного питания. Изделие выполнено из бронзы.</p>",76900,,,,,,,,,0,,,,,,,,,
https://cdn.entero.ru/mp@2x/7d/13/7d135342a8ba3045297ce39b620d6e84.jpg,Насадка Mimac F13,Насадка Mimac F13,0,RUB,Нет,Mimac,Профоборудование,Кондитерское,Отсадочно-дозировочные машины,https://entero.ru/item/76901,"<p>Фигурная насадка <b class=""b""><a style=""text-decoration:none;cursor:text;"" href=""http://entero.ru/item/76901"">Mimac F13</a></b> используется совместно с отсадочно-дозировочными машинами Babydrop 400 и 450, Eurodrop RV400 и RV600 в пекарнях и кондитерских, на предприятиях пищевой промышленности и общественного питания. Изделие выполнено из бронзы.</p>",76901,,,,,,,,,0,,,,,,,,,
https://cdn.entero.ru/mp@2x/e6/ac/e6ace64776f4322ecdc95abd66832459.jpg,Насадка Mimac F14,Насадка Mimac F14,0,RUB,Нет,Mimac,Профоборудование,Кондитерское,Отсадочно-дозировочные машины,https://entero.ru/item/76902,"<p>Фигурная насадка <b class=""b""><a style=""text-decoration:none;cursor:text;"" href=""http://entero.ru/item/76902"">Mimac F14</a></b> используется совместно с отсадочно-дозировочными машинами Babydrop 400 и 450, Eurodrop RV400 и RV600 в пекарнях и кондитерских, на предприятиях пищевой промышленности и общественного питания. Изделие выполнено из бронзы.</p>",76902,,,,,,,,,0,,,,,,,,,
https://cdn.entero.ru/mp@2x/78/b8/78b82dec7fdcdcfb94796af9357fdf8a.jpg,Насадка Mimac F15,Насадка Mimac F15,0,RUB,Нет,Mimac,Профоборудование,Кондитерское,Отсадочно-дозировочные машины,https://entero.ru/item/76903,"<p>Фигурная насадка <b class=""b""><a style=""text-decoration:none;cursor:text;"" href=""http://entero.ru/item/76903"">Mimac F15</a></b> используется совместно с отсадочно-дозировочными машинами Babydrop 400 и 450, Eurodrop RV400 и RV600 в пекарнях и кондитерских, на предприятиях пищевой промышленности и общественного питания. Изделие выполнено из бронзы.</p>",76903,,,,,,,,,0,,,,,,,,,
https://cdn.entero.ru/mp@2x/19/10/1910256424ff0351a34704a1d00a058b.jpg,Насадка Mimac F16,Насадка Mimac F16,0,RUB,Нет,Mimac,Профоборудование,Кондитерское,Отсадочно-дозировочные машины,https://entero.ru/item/76904,"<p>Фигурная насадка <b class=""b""><a style=""text-decoration:none;cursor:text;"" href=""http://entero.ru/item/76904"">Mimac F16</a></b> используется совместно с отсадочно-дозировочными машинами Babydrop 400 и 450, Eurodrop RV400 и RV600 в пекарнях и кондитерских, на предприятиях пищевой промышленности и общественного питания. Изделие выполнено из бронзы.</p>",76904,,,,,,,,,0,,,,,,,,,
https://cdn.entero.ru/mp@2x/e8/90/e8904c747499d2e77ab41e35eaa4457b.jpg,Насадка Mimac F17,Насадка Mimac F17,0,RUB,Нет,Mimac,Профоборудование,Кондитерское,Отсадочно-дозировочные машины,https://entero.ru/item/76905,"<p>Фигурная насадка <b class=""b""><a style=""text-decoration:none;cursor:text;"" href=""http://entero.ru/item/76905"">Mimac F17</a></b> используется совместно с отсадочно-дозировочными машинами Babydrop 400 и 450, Eurodrop RV400 и RV600 в пекарнях и кондитерских, на предприятиях пищевой промышленности и общественного питания. Изделие выполнено из бронзы.</p>",76905,,,,,,,,,0,,,,,,,,,
https://cdn.entero.ru/mp@2x/1f/69/1f6906769cb3ba5895957c7e54fce00d.jpg,Насадка Mimac F18,Насадка Mimac F18,0,RUB,Нет,Mimac,Профоборудование,Кондитерское,Отсадочно-дозировочные машины,https://entero.ru/item/76906,"<p>Фигурная насадка <b class=""b""><a style=""text-decoration:none;cursor:text;"" href=""http://entero.ru/item/76906"">Mimac F18</a></b> используется совместно с отсадочно-дозировочными машинами Babydrop 400 и 450, Eurodrop RV400 и RV600 в пекарнях и кондитерских, на предприятиях пищевой промышленности и общественного питания. Изделие выполнено из бронзы.</p>",76906,,,,,,,,,0,,,,,,,,,
https://cdn.entero.ru/mp@2x/79/e1/79e11e26438ef49ee3bb4ad51380b62e.jpg,Насадка Mimac F19,Насадка Mimac F19,0,RUB,Нет,Mimac,Профоборудование,Кондитерское,Отсадочно-дозировочные машины,https://entero.ru/item/76907,"<p>Фигурная насадка <b class=""b""><a style=""text-decoration:none;cursor:text;"" href=""http://entero.ru/item/76907"">Mimac F19</a></b> используется совместно с отсадочно-дозировочными машинами Babydrop 400 и 450, Eurodrop RV400 и RV600 в пекарнях и кондитерских, на предприятиях пищевой промышленности и общественного питания. Изделие выполнено из бронзы.</p>",76907,,,,,,,,,0,,,,,,,,,
https://cdn.entero.ru/mp@2x/05/ac/05ac9256634ce6f635e5758bc9cad7a3.jpg,Насадка Mimac F20,Насадка Mimac F20,0,RUB,Нет,Mimac,Профоборудование,Кондитерское,Отсадочно-дозировочные машины,https://entero.ru/item/76908,"<p>Фигурная насадка <b class=""b""><a style=""text-decoration:none;cursor:text;"" href=""http://entero.ru/item/76908"">Mimac F20</a></b> используется совместно с отсадочно-дозировочными машинами Babydrop 400 и 450, Eurodrop RV400 и RV600 в пекарнях и кондитерских, на предприятиях пищевой промышленности и общественного питания. Изделие выполнено из бронзы.</p>",76908,,,,,,,,,0,,,,,,,,,
https://cdn.entero.ru/mp@2x/be/05/be05b2624a00bc03f64d59e6132b6dc0.jpg,Насадка Mimac F21,Насадка Mimac F21,0,RUB,Нет,Mimac,Профоборудование,Кондитерское,Отсадочно-дозировочные машины,https://entero.ru/item/76909,"<p>Фигурная насадка <b class=""b""><a style=""text-decoration:none;cursor:text;"" href=""http://entero.ru/item/76909"">Mimac F21</a></b> используется совместно с отсадочно-дозировочными машинами Babydrop 400 и 450, Eurodrop RV400 и RV600 в пекарнях и кондитерских, на предприятиях пищевой промышленности и общественного питания. Изделие выполнено из бронзы.</p>",76909,,,,,,,,,0,,,,,,,,,
https://cdn.entero.ru/mp@2x/57/5f/575fe56acc194ba9c9c64b8941edd03d.jpg,Насадка Mimac F22,Насадка Mimac F22,0,RUB,Нет,Mimac,Профоборудование,Кондитерское,Отсадочно-дозировочные машины,https://entero.ru/item/76910,"<p>Фигурная насадка <b class=""b""><a style=""text-decoration:none;cursor:text;"" href=""http://entero.ru/item/76910"">Mimac F22</a></b> используется совместно с отсадочно-дозировочными машинами Babydrop 400 и 450, Eurodrop RV400 и RV600 в пекарнях и кондитерских, на предприятиях пищевой промышленности и общественного питания. Изделие выполнено из бронзы.</p>",76910,,,,,,,,,0,,,,,,,,,
https://cdn.entero.ru/mp@2x/fb/8b/fb8be898ea8065785488e5e2c1cffc1a.jpg,Насадка Mimac F23,Насадка Mimac F23,0,RUB,Нет,Mimac,Профоборудование,Кондитерское,Отсадочно-дозировочные машины,https://entero.ru/item/76911,"<p>Фигурная насадка <b class=""b""><a style=""text-decoration:none;cursor:text;"" href=""http://entero.ru/item/76911"">Mimac F23</a></b> используется совместно с отсадочно-дозировочными машинами Babydrop 400 и 450, Eurodrop RV400 и RV600 в пекарнях и кондитерских, на предприятиях пищевой промышленности и общественного питания. Изделие выполнено из бронзы.</p>",76911,,,,,,,,,0,,,,,,,,,
https://cdn.entero.ru/mp@2x/f6/6a/f66af43935fec4bab2bf6fe3e5f8eb0c.jpg;https://cdn.entero.ru/mp@2x/af/2d/af2d0c77fc7c39c1bca1f047e17109aa.jpg,Вал нарезки заготовок треугольной формы Confimec CONFI LINE 6 рядов,Вал нарезки заготовок треугольной формы Confimec CONFI LINE 6 рядов,42790,RUB,Нет,Confimec,Профоборудование,Кондитерское,Отсадочно-дозировочные машины,https://entero.ru/item/152619,"<p>Вал <a style=""text-decoration:none;cursor:text;"" href=""http://entero.ru/item/152619""><b class=""b"">Confimec CONFI LINE</b></a> предназначен для использования совместно с рабочим столом для производства слоеных изделий CONFI LINE 3000 для нарезки тестовых заготовок треугольной формы, используемых для производства круассанов.</p>

<p><b>Характеристики:</b></p>

<ul>
<li>Количество рядов: 6</li>
</ul>

<p><br>
<em><span style=""color:#FF0000;"">Внимание! Изображение товара может отличаться от оригинала и представлено в ознакомительных целях.</span></em></p>",152619,,,,,,,,,0,,,,,,,,,
https://cdn.entero.ru/mp@2x/82/5d/825de73ecc46f805ae30234ceea12f43.jpg,Щелевая матрица Mimac для Babydrop Easy,Щелевая матрица Mimac для Babydrop Easy,45958,RUB,Нет,Mimac,Профоборудование,Кондитерское,Отсадочно-дозировочные машины,https://entero.ru/item/76888,"<p>Щелевая матрица используется совместно с отсадочно-дозировочными машинами <a href=""https://entero.ru/item/22626"" target=""_blank""><a style=""text-decoration:none;cursor:text;"" href=""http://entero.ru/item/76888""><b class=""b"">Mimac Babydrop Easy</b></a></a> в пекарнях и кондитерских, на предприятиях пищевой промышленности и общественного питания для дозировки бисквитного теста прямо на противень и производства бисквитных основ для тортов и рулетов.</p>

<p><b>Характеристики:</b></p>

<ul>
<li>Регулируемый зазор: до 14 мм</li>
</ul>",76888,,,,,,,,,0,,48891,,,,,,,
https://cdn.entero.ru/mp@2x/0d/b2/0db235ceffca7437fbdb97deef4883d4.jpg;https://cdn.entero.ru/mp@2x/de/d3/ded3ba45a641f6c9bef00ab28a7220dd.jpg,Вал продольной нарезки Confimec CONFI LINE 5 режущих дисков,Вал продольной нарезки Confimec CONFI LINE 5 режущих дисков,60618,RUB,Нет,Confimec,Профоборудование,Кондитерское,Отсадочно-дозировочные машины,https://entero.ru/item/152620,"<p>Вал <a style=""text-decoration:none;cursor:text;"" href=""http://entero.ru/item/152620""><b class=""b"">Confimec CONFI LINE</b></a> предназначен для использования совместно с рабочим столом для производства слоеных изделий CONFI LINE 3000 для осуществления продольной нарезки тестовых заготовок.</p>

<p><b>Характеристики:</b></p>

<ul>
<li>Количество режущих дисков: 5</li>
</ul>

<p><b>Опции (заказываются отдельно):</b></p>

<ul>
<li>Дополнительные режущие диски</li>
</ul>

<p><br>
<em><span style=""color:#FF0000;"">Внимание! На фото аналогичная модель с 6 режущими дисками.</span></em></p>",152620,,,,,,,,,0,,,,,,,,,
https://cdn.entero.ru/mp@2x/ee/2c/ee2ca82e5706f18135ca07ea3e84eb4a.jpg;https://cdn.entero.ru/mp@2x/02/c2/02c2e08f6fd4e3c83b52dbeb304965dd.jpg,Вал нарезки заготовок треугольной формы Confimec CONFI LINE 2 ряда,Вал нарезки заготовок треугольной формы Confimec CONFI LINE 2 ряда,84964,RUB,Нет,Confimec,Профоборудование,Кондитерское,Отсадочно-дозировочные машины,https://entero.ru/item/152554,"<p>Вал <a style=""text-decoration:none;cursor:text;"" href=""http://entero.ru/item/152554""><b class=""b"">Confimec CONFI LINE</b></a> предназначен для использования совместно с рабочим столом для производства слоеных изделий CONFI LINE 3000 для нарезки тестовых заготовок треугольной формы, используемых для производства круассанов.</p>

<p><b>Характеристики:</b></p>

<ul>
<li>Количество рядов: 2</li>
</ul>

<p><br>
<em><span style=""color:#FF0000;"">Внимание! Изображение товара может отличаться от оригинала и представлено в ознакомительных целях.</span></em></p>",152554,,,,,,,,,0,,,,,,,,,
https://cdn.entero.ru/mp@2x/56/66/56662519625b63cc3330a990283a60bd.jpg;https://cdn.entero.ru/mp@2x/70/95/70951c585f9f97e945366a4fbd50b925.jpg,Вал нарезки заготовок треугольной формы Confimec CONFI LINE 3 ряда,Вал нарезки заготовок треугольной формы Confimec CONFI LINE 3 ряда,94097,RUB,Нет,Confimec,Профоборудование,Кондитерское,Отсадочно-дозировочные машины,https://entero.ru/item/152555,"<p>Вал <a style=""text-decoration:none;cursor:text;"" href=""http://entero.ru/item/152555""><b class=""b"">Confimec CONFI LINE</b></a> предназначен для использования совместно с рабочим столом для производства слоеных изделий CONFI LINE 3000 для нарезки тестовых заготовок треугольной формы, используемых для производства круассанов.</p>

<p><b>Характеристики:</b></p>

<ul>
<li>Количество рядов: 3</li>
</ul>

<p><br>
<em><span style=""color:#FF0000;"">Внимание! Изображение товара может отличаться от оригинала и представлено в ознакомительных целях.</span></em></p>",152555,,,,,,,,,0,,,,,,,,,
https://cdn.entero.ru/mp@2x/25/20/2520726a5b7326ff9a87ac1f9ab3d2c2.jpg;https://cdn.entero.ru/mp@2x/45/f0/45f0b1af6c7df7804cf1eacdbb922f46.jpg,Вал поперечной нарезки Confimec CONFI LINE прямые лезвия,Вал поперечной нарезки Confimec CONFI LINE прямые лезвия,94097,RUB,Нет,Confimec,Профоборудование,Кондитерское,Отсадочно-дозировочные машины,https://entero.ru/item/152627,"<p>Вал <a style=""text-decoration:none;cursor:text;"" href=""http://entero.ru/item/152627""><b class=""b"">Confimec CONFI LINE</b></a> предназначен для использования совместно с рабочим столом для производства слоеных изделий CONFI LINE 3000 для осуществления поперечной нарезки заготовок. Модель оснащена прямыми лезвиями.</p>",152627,,,,,,,,,0,,102279,,,,,,,
https://cdn.entero.ru/mp@2x/d0/2a/d02a483992ed22f92f3dac1a9f236020.jpg;https://cdn.entero.ru/mp@2x/b6/36/b6369f0b729faaee7b0d10e9fa885271.jpg,Вал нарезки заготовок треугольной формы Confimec CONFI LINE 4 ряда,Вал нарезки заготовок треугольной формы Confimec CONFI LINE 4 ряда,104002,RUB,Нет,Confimec,Профоборудование,Кондитерское,Отсадочно-дозировочные машины,https://entero.ru/item/152556,"<p>Вал <a style=""text-decoration:none;cursor:text;"" href=""http://entero.ru/item/152556""><b class=""b"">Confimec CONFI LINE</b></a> предназначен для использования совместно с рабочим столом для производства слоеных изделий CONFI LINE 3000 для нарезки тестовых заготовок треугольной формы, используемых для производства круассанов.</p>

<p><b>Характеристики:</b></p>

<ul>
<li>Количество рядов: 4</li>
</ul>

<p><br>
<em><span style=""color:#FF0000;"">Внимание! Изображение товара может отличаться от оригинала и представлено в ознакомительных целях.</span></em></p>",152556,,,,,,,,,0,,111830,,,,,,,
https://cdn.entero.ru/mp@2x/7d/9b/7d9b84ab34e1a9964db64400901bd8dc.jpg,Вал поперечной нарезки Confimec CONFI LINE рифленые лезвия,Вал поперечной нарезки Confimec CONFI LINE рифленые лезвия,104002,RUB,Нет,Confimec,Профоборудование,Кондитерское,Отсадочно-дозировочные машины,https://entero.ru/item/152628,"<p>Вал <a style=""text-decoration:none;cursor:text;"" href=""http://entero.ru/item/152628""><b class=""b"">Confimec CONFI LINE</b></a> предназначен для использования совместно с рабочим столом для производства слоеных изделий CONFI LINE 3000 для осуществления поперечной нарезки заготовок. Модель оснащена рифлеными лезвиями.</p>

<p><br>
<em><span style=""color:#FF0000;"">Внимание! На фото аналогичная модель с прямыми лезвиями.</span></em></p>",152628,,,,,,,,,0,,110640,,,,,,,
https://cdn.entero.ru/mp@2x/d4/f8/d4f8222bf65f7489abd1e02aa09b0d6b.jpg;https://cdn.entero.ru/mp@2x/f2/00/f20091c26202fe3b66b4381627216915.jpg,Вал нарезки заготовок круглой формы Confimec CONFI LINE 110 мм,Вал нарезки заготовок круглой формы Confimec CONFI LINE 110 мм,107172,RUB,Нет,Confimec,Профоборудование,Кондитерское,Отсадочно-дозировочные машины,https://entero.ru/item/152625,"<p>Вал <a style=""text-decoration:none;cursor:text;"" href=""http://entero.ru/item/152625""><b class=""b"">Confimec CONFI LINE</b></a> предназначен для использования совместно с рабочим столом для производства слоеных изделий CONFI LINE 3000 для осуществления нарезки заготовок круглой формы.</p>

<p><b>Характеристики:</b></p>

<ul>
<li>Диаметр заготовки: 110 мм</li>
</ul>

<p><b>Опции (заказываются отдельно):</b></p>

<ul>
<li>Больший диаметр ножей (больший диаметр производимой заготовки)</li>
</ul>

<p><br>
<em><span style=""color:#FF0000;"">Внимание! На фото аналогичная модель сдругим диаметром ножей.</span></em></p>",152625,,,,,,,,,0,,,,,,,,,
https://cdn.entero.ru/mp@2x/da/9e/da9e1a0e103eac6d3954710455e6c1d2.jpg;https://cdn.entero.ru/mp@2x/96/62/9662bd37c2abb6b1a2d7534f8d190502.jpg,Вал нарезки заготовок круглой формы Confimec CONFI LINE 90-100 мм,Вал нарезки заготовок круглой формы Confimec CONFI LINE 90-100 мм,113610,RUB,Нет,Confimec,Профоборудование,Кондитерское,Отсадочно-дозировочные машины,https://entero.ru/item/152623,"<p>Вал <a style=""text-decoration:none;cursor:text;"" href=""http://entero.ru/item/152623""><b class=""b"">Confimec CONFI LINE</b></a> предназначен для использования совместно с рабочим столом для производства слоеных изделий CONFI LINE 3000 для осуществления нарезки заготовок круглой формы.</p>

<p><b>Характеристики:</b></p>

<ul>
<li>Диаметр заготовки: от 90 до 100 мм</li>
</ul>

<p><br>
<em><span style=""color:#FF0000;"">Внимание! На фото аналогичная модель сдругим диаметром ножей.</span></em></p>",152623,,,,,,,,,0,,,,,,,,,
https://cdn.entero.ru/mp@2x/ed/77/ed77f56c92a516c3dc276e66c7d29112.jpg;https://cdn.entero.ru/mp@2x/3e/39/3e393e655b7471ef1b2261668b5a2f5c.jpg,Вал нарезки заготовок треугольной формы Confimec CONFI LINE 5 рядов,Вал нарезки заготовок треугольной формы Confimec CONFI LINE 5 рядов,113907,RUB,Нет,Confimec,Профоборудование,Кондитерское,Отсадочно-дозировочные машины,https://entero.ru/item/152618,"<p>Вал <a style=""text-decoration:none;cursor:text;"" href=""http://entero.ru/item/152618""><b class=""b"">Confimec CONFI LINE</b></a> предназначен для использования совместно с рабочим столом для производства слоеных изделий CONFI LINE 3000 для нарезки тестовых заготовок треугольной формы, используемых для производства круассанов.</p>

<p><b>Характеристики:</b></p>

<ul>
<li>Количество рядов: 5</li>
</ul>

<p><br>
<em><span style=""color:#FF0000;"">Внимание! Изображение товара может отличаться от оригинала и представлено в ознакомительных целях.</span></em></p>",152618,,,,,,,,,0,,121178,,,,,,,
https://cdn.entero.ru/mp@2x/83/ff/83ff570646c9bc228b0ec6879e3516f2.jpg;https://cdn.entero.ru/mp@2x/03/4e/034e5835249cdc6f1a792cdb687d180f.jpg,Вал нарезки заготовок круглой формы Confimec CONFI LINE 70-80 мм,Вал нарезки заготовок круглой формы Confimec CONFI LINE 70-80 мм,126586,RUB,Нет,Confimec,Профоборудование,Кондитерское,Отсадочно-дозировочные машины,https://entero.ru/item/152622,"<p>Вал <a style=""text-decoration:none;cursor:text;"" href=""http://entero.ru/item/152622""><b class=""b"">Confimec CONFI LINE</b></a> предназначен для использования совместно с рабочим столом для производства слоеных изделий CONFI LINE 3000 для осуществления нарезки заготовок круглой формы.</p>

<p><b>Характеристики:</b></p>

<ul>
<li>Диаметр заготовки: от 70 до 80 мм</li>
</ul>

<p><br>
<em><span style=""color:#FF0000;"">Внимание! На фото аналогичная модель сдругим диаметром ножей.</span></em></p>",152622,,,,,,,,,0,,136114,,,,,,,
https://cdn.entero.ru/mp@2x/ad/63/ad63139a26f7c74b116d2d53d6dde631.jpg,Вал нарезки заготовок овальной формы Confimec CONFI LINE,Вал нарезки заготовок овальной формы Confimec CONFI LINE,129854,RUB,Нет,Confimec,Профоборудование,Кондитерское,Отсадочно-дозировочные машины,https://entero.ru/item/152633,"<p>Вал <b class=""b""><a style=""text-decoration:none;cursor:text;"" href=""http://entero.ru/item/152633"">Confimec CONFI LINE</a></b> предназначен для использования совместно с рабочим столом для производства слоеных изделий CONFI LINE 3000 для осуществления нарезки заготовок овальной формы.</p>

<p><br>
<em><span style=""color:#FF0000;"">Внимание! На фото аналогичная модель с рифлением.</span></em></p>",152633,,,,,,,,,0,,138143,,,,,,,
https://cdn.entero.ru/mp@2x/93/79/93799b1144fdcd6cb1e5bea33353475a.jpg;https://cdn.entero.ru/mp@2x/f3/2a/f32a41a5e326de8d40fec44143b73020.jpg,Вал нарезки заготовок круглой формы Confimec CONFI LINE 50-60 мм,Вал нарезки заготовок круглой формы Confimec CONFI LINE 50-60 мм,133123,RUB,Нет,Confimec,Профоборудование,Кондитерское,Отсадочно-дозировочные машины,https://entero.ru/item/152621,"<p>Вал <a style=""text-decoration:none;cursor:text;"" href=""http://entero.ru/item/152621""><b class=""b"">Confimec CONFI LINE</b></a> предназначен для использования совместно с рабочим столом для производства слоеных изделий CONFI LINE 3000 для осуществления нарезки заготовок круглой формы.</p>

<p><b>Характеристики:</b></p>

<ul>
<li>Диаметр заготовки: от 50 до 60 мм</li>
</ul>

<p><br>
<em><span style=""color:#FF0000;"">Внимание! На фото аналогичная модель сдругим диаметром ножей.</span></em></p>",152621,,,,,,,,,0,,,,,,,,,
https://cdn.entero.ru/mp@2x/e5/86/e58619b7aee53d36fa60ebc2dd7f4c67.jpg,Вал для нанесения поперечной насечки-декора Confimec CONFI LINE 4 ряда,Вал для нанесения поперечной насечки-декора Confimec CONFI LINE 4 ряда,143919,RUB,Нет,Confimec,Профоборудование,Кондитерское,Отсадочно-дозировочные машины,https://entero.ru/item/152635,"<p>Вал <a style=""text-decoration:none;cursor:text;"" href=""http://entero.ru/item/152635""><b class=""b"">Confimec CONFI LINE</b></a> предназначен для использования совместно с рабочим столом для производства слоеных изделий CONFI LINE 3000 для осуществления поперечной насечки-декора.</p>

<p><b>Характеристики:</b></p>

<ul>
<li>Количество рядов: 4</li>
</ul>

<p><br>
<em><span style=""color:#FF0000;"">Внимание! Изображение товара может отличаться от оригинала и представлено в ознакомительных целях.</span></em></p>",152635,,,,,,,,,0,,,,,,,,,
https://cdn.entero.ru/mp@2x/bc/6b/bc6b535762f4d1c4f92ba9ca3adbfc6c.jpg,"Вал для нанесения продольной насечки ""сеточка"" Confimec CONFI LINE 4 ряда","Вал для нанесения продольной насечки ""сеточка"" Confimec CONFI LINE 4 ряда",143919,RUB,Нет,Confimec,Профоборудование,Кондитерское,Отсадочно-дозировочные машины,https://entero.ru/item/152638,"<p>Вал <a style=""text-decoration:none;cursor:text;"" href=""http://entero.ru/item/152638""><b class=""b"">Confimec CONFI LINE</b></a> предназначен для использования совместно с рабочим столом для производства слоеных изделий CONFI LINE 3000 для осуществления продольной насечки ""сеточка"".</p>

<p><b>Характеристики:</b></p>

<ul>
<li>Количество рядов: 4</li>
</ul>

<p><br>
<em><span style=""color:#FF0000;"">Внимание! Изображение товара может отличаться от оригинала и представлено в ознакомительных целях.</span></em></p>",152638,,,,,,,,,0,,,,,,,,,
https://entero.ru/i/nofoto-m.jpg,Набор ножей Confimec для TB30,Набор ножей Confimec для TB30,165600,RUB,Нет,Confimec,Профоборудование,Кондитерское,Отсадочно-дозировочные машины,https://entero.ru/item/371194,"<p>Набор ножей предназначен для рабочего стола <a style=""text-decoration:none;cursor:text;"" href=""http://entero.ru/item/371194""><b class=""b"">Confimec TB30.</b></a></p>",371194,,,,,,,,,0,,172500,,,,,,,
https://cdn.entero.ru/mp@2x/e7/c2/e7c2a34e8da795e6348d5798d8b58fa6.jpg,Вал для нанесения поперечной насечки-декора Confimec CONFI LINE 6 рядов,Вал для нанесения поперечной насечки-декора Confimec CONFI LINE 6 рядов,192652,RUB,Нет,Confimec,Профоборудование,Кондитерское,Отсадочно-дозировочные машины,https://entero.ru/item/152637,"<p>Вал <a style=""text-decoration:none;cursor:text;"" href=""http://entero.ru/item/152637""><b class=""b"">Confimec CONFI LINE</b></a> предназначен для использования совместно с рабочим столом для производства слоеных изделий CONFI LINE 3000 для осуществления поперечной насечки-декора.</p>

<p><b>Характеристики:</b></p>

<ul>
<li>Количество рядов: 6</li>
</ul>

<p><br>
<em><span style=""color:#FF0000;"">Внимание! Изображение товара может отличаться от оригинала и представлено в ознакомительных целях.</span></em></p>",152637,,,,,,,,,0,,204949,,,,,,,
https://cdn.entero.ru/mp@2x/98/23/98233c0294c4d464823d2867373b159b.jpg,Вал нарезки заготовок овальной формы Confimec CONFI LINE с рифлением,Вал нарезки заготовок овальной формы Confimec CONFI LINE с рифлением,194732,RUB,Нет,Confimec,Профоборудование,Кондитерское,Отсадочно-дозировочные машины,https://entero.ru/item/152631,"<p>Вал <a style=""text-decoration:none;cursor:text;"" href=""http://entero.ru/item/152631""><b class=""b"">Confimec CONFI LINE</b></a> предназначен для использования совместно с рабочим столом для производства слоеных изделий CONFI LINE 3000 для осуществления нарезки заготовок овальной формы. Модель оснащена рифлеными лезвиями.</p>",152631,,,,,,,,,0,,204981,,,,,,,
https://cdn.entero.ru/mp@2x/0c/52/0c5200603c45b126583dcc3bb9c3dfac.jpg,"Вал для нанесения продольной насечки ""сеточка"" Confimec CONFI LINE 6 рядов","Вал для нанесения продольной насечки ""сеточка"" Confimec CONFI LINE 6 рядов",202259,RUB,Нет,Confimec,Профоборудование,Кондитерское,Отсадочно-дозировочные машины,https://entero.ru/item/152640,"<p>Вал <a style=""text-decoration:none;cursor:text;"" href=""http://entero.ru/item/152640""><b class=""b"">Confimec CONFI LINE</b></a> предназначен для использования совместно с рабочим столом для производства слоеных изделий CONFI LINE 3000 для осуществления продольной насечки ""сеточка"".</p>

<p><b>Характеристики:</b></p>

<ul>
<li>Количество рядов: 6</li>
</ul>

<p><br>
<em><span style=""color:#FF0000;"">Внимание! Изображение товара может отличаться от оригинала и представлено в ознакомительных целях.</span></em></p>",152640,,,,,,,,,0,,212904,,,,,,,
https://cdn.entero.ru/mp@2x/4b/b7/4bb74971cd918774dc1c0766f9b490dd.jpg,Головка валкового типа Mimac для Babydrop Easy,Головка валкового типа Mimac для Babydrop Easy,457470,RUB,Нет,Mimac,Профоборудование,Кондитерское,Отсадочно-дозировочные машины,https://entero.ru/item/366442,"<p>Головка валкового типа<a style=""text-decoration:none;cursor:text;"" href=""http://entero.ru/item/366442""><b class=""b""> Mimac</b></a> используется совместно с отсадочно-дозировочными машинами <a href=""https://entero.ru/item/22626"" target=""_blank"">Babydrop Easy</a> в пекарнях и кондитерских, на предприятиях пищевой промышленности и общественного питания для дозировки теста с включениями типа орехи, цукаты и т.д.</p>",366442,,,,,,,,,0,,486670,,,,,,,
https://cdn.entero.ru/mp@2x/73/ba/73ba6e82298013668b44ec3682a8be95.jpg,Головка насосного типа Mimac для Eurodrop Twist 600,Головка насосного типа Mimac для Eurodrop Twist 600,580635,RUB,Нет,Mimac,Профоборудование,Кондитерское,Отсадочно-дозировочные машины,https://entero.ru/item/366443,"<p>Головка насосного типа <a style=""text-decoration:none;cursor:text;"" href=""http://entero.ru/item/366443""><b class=""b"">Mimac</b></a> используется совместно с отсадочно-дозировочными машинами <a href=""https://entero.ru/item/290120"" target=""_blank"">Eurodrop Twist 600 </a>в пекарнях и кондитерских, на предприятиях пищевой промышленности и общественного питания для дозировки бисквитного теста и теста для кексов.</p>",366443,,,,,,,,,0,,617697,,,,,,,
https://cdn.entero.ru/mp@2x/61/4d/614d5b5548e0e763fcff379ca8154abc.jpg,Головка валкового типа Mimac для Eurodrop Maxx 600,Головка валкового типа Mimac для Eurodrop Maxx 600,0,RUB,Нет,Mimac,Профоборудование,Кондитерское,Отсадочно-дозировочные машины,https://entero.ru/item/366441,"<p>Головка валкового типа <a style=""text-decoration:none;cursor:text;"" href=""http://entero.ru/item/366441""><b class=""b"">Mimac</b></a> используется совместно с отсадочно-дозировочными машинами <a href=""https://entero.ru/item/366434"" target=""_blank"">Eurodrop Maxx 600</a> в пекарнях и кондитерских, на предприятиях пищевой промышленности и общественного питания для дозировки теста с включениями типа орехи, цукаты и т.д. Изделие обладает уменьшенным диаметром валов.</p>",366441,,,,,,,,,0,,,,,,,,,
https://cdn.entero.ru/mp@2x/a0/f4/a0f4fffb879e945dc56665a536cf9b86.jpg,Головка насосного типа Mimac для Suprema Twist 400,Головка насосного типа Mimac для Suprema Twist 400,0,RUB,Нет,Mimac,Профоборудование,Кондитерское,Отсадочно-дозировочные машины,https://entero.ru/item/366444,"<p>Головка насосного типа <a style=""text-decoration:none;cursor:text;"" href=""http://entero.ru/item/366444""><b class=""b"">Mimac</b></a> используется совместно с отсадочно-дозировочными машинами <a href=""https://entero.ru/item/366417"" target=""_blank"">Suprema Twist 400</a> в пекарнях и кондитерских, на предприятиях пищевой промышленности и общественного питания для дозировки бисквитного теста и теста для кексов.</p>",366444,,,,,,,,,0,,,,,,,,,
