Изображения,Название,Артикул,Цена,Валюта,Наличие,Бренд,Категория,Подкатегория,Раздел,URL,Описание,Код товара,Напряжение,Мощность,Ширина,Глубина,Высота,Вес,Количество мест,Размеры,Остаток,Файлы,Старая цена,Видео,Вес (без упаковки),Родина бренда,Страна-производитель,Производительность,Назначение
https://cdn.entero.ru/mp@2x/5b/e5/5be5d1e4348c52926334464bbf73e55f.jpg;https://cdn.entero.ru/mp@2x/b2/f7/b2f7def5cd381850b32d5403492ed8b7.jpg,Измельчитель для специй и орехов Foodatlas HR-50B,HR-050B Foodatlas,18045,RUB,Да,Foodatlas,Профоборудование,Электромеханическое,Измельчители,https://entero.ru/item/147193,"<p>Измельчитель <a style=""text-decoration:none;cursor:text;"" href=""http://entero.ru/item/147193""><b class=""b"">Foodatlas HR-050В </b></a>используется на предприятиях общественного питания и торговли для измельчения сухих трав, сухарей, орехов и специй. <span style=""font-size: 12px;"">Модель оснащена электромагнитной кнопкой включения, концевым выключателем при снятии крышки и зажимными штифтами для защиты при закрытии крышки. Корпус, чаша и ножи выполнены из нержавеющей стали.</span></p>

<p><span style=""font-size: 12px;"">В комплект поставки входят мельница, 2 графитовые щетки, 2 длинных ножа, 2 коротких ножа и щетка.</span></p>

<p><b><span style=""font-size: 12px;"">Особенности:</span></b></p>

<ul>
<li>Защита от перегрузки и перегрева электродвигателя</li>
<li>Кнопка экстренной остановки</li>
<li>Наклонный механизм регулировки чаши</li>
<li>Европейская вилка с заземлением</li>
</ul>

<p><b>Дополнительные характеристики:</b></p>

<ul>
<li>Производительность: 25 кг/ч</li>
<li>Максимальная загрузка чаши: 2,5 кг</li>
<li>Количество скоростей: 1</li>
<li>Габариты в упаковке: 340x330x495 мм</li>
</ul>",147193,220 В,2.4 кВт,285 мм,265 мм,390 мм,,,,0,https://entero.ru/manuals/173468/%D0%98%D0%BD%D1%81%D1%82%D1%80%D1%83%D0%BA%D1%86%D0%B8%D1%8F%20%D0%BD%D0%B0%20Foodatlas%20HR-050%D0%92.pdf;https://entero.ru/manuals/173469/%D0%94%D0%B5%D0%BA%D0%BB%D0%B0%D1%80%D0%B0%D1%86%D0%B8%D1%8F%20%D0%BE%20%D1%81%D0%BE%D0%BE%D1%82%D0%B2%D0%B5%D1%82%D1%81%D1%82%D0%B2%D0%B8%D0%B8%20%D0%BD%D0%B0%20Foodatlas%20HR-050%D0%92.pdf,,,,,Китай,25 кг/час,для специй и орехов
https://cdn.entero.ru/mp@2x/55/7d/557de807cf919d2baf057c71503fed0b.jpg,Измельчитель специй Hurakan HKN-SG400,211580,7736,RUB,Да,Hurakan,Профоборудование,Электромеханическое,Измельчители,https://entero.ru/item/128816,"<p>Измельчитель <b class=""b""><a style=""text-decoration:none;cursor:text;"" href=""http://entero.ru/item/128816"">Hurakan HKN-SG400</a></b> предназначен для измельчения сухих трав, орехов, сухарей и специй на предприятиях общественного питания и торговли.</p>

<p><b>Дополнительные характеристики:</b></p>

<ul>
<li>Скорость: 25000 об/мин</li>
<li>Емкость: 0,4 кг</li>
</ul>",128816,220 В,1.8 кВт,198 мм,192 мм,362 мм,5.4 кг,1,220x230x410 мм,7,https://entero.ru/manuals/413200/%D0%A1%D1%85%D0%B5%D0%BC%D0%B0%20Hurakan%20HKN-SG400.pdf;https://entero.ru/manuals/282395/%D0%94%D0%B5%D0%BA%D0%BB%D0%B0%D1%80%D0%B0%D1%86%D0%B8%D1%8F%20%D0%BE%20%D1%81%D0%BE%D0%BE%D1%82%D0%B2%D0%B5%D1%82%D1%81%D1%82%D0%B2%D0%B8%D0%B8.pdf;https://entero.ru/manuals/413201/%D0%9A%D0%B0%D1%82%D0%B0%D0%BB%D0%BE%D0%B3%20%D0%BE%D0%B1%D0%BE%D1%80%D1%83%D0%B4%D0%BE%D0%B2%D0%B0%D0%BD%D0%B8%D1%8F%20Hurakan.pdf;https://entero.ru/manuals/453888/%D0%98%D0%BD%D1%81%D1%82%D1%80%D1%83%D0%BA%D1%86%D0%B8%D1%8F%20%D0%BD%D0%B0%20Hurakan%20HKN-SG400.pdf,,,4.6 кг,,Китай,,для специй и орехов
https://cdn.entero.ru/mp@2x/13/5f/135f6b4f56eee841675842e1ba6464ec.jpg;https://cdn.entero.ru/mp@2x/6f/47/6f47092bc62e3956c229c760d5823cb5.jpg;https://cdn.entero.ru/mp@2x/3a/75/3a7554f3c94d01004fc68feb276f7af2.jpg;https://cdn.entero.ru/mp@2x/35/46/354695f8f5d05b2f5fbc9c814626c511.jpg;https://cdn.entero.ru/mp@2x/2d/06/2d06cfbeca6c56c5dd9304b4a385ade0.jpg;https://cdn.entero.ru/mp@2x/ce/37/ce37feb6f236756e405ee3bd7022845f.jpg;https://cdn.entero.ru/mp@2x/2a/51/2a51857812f6adea1f00737f7a0209b7.jpg,Мельница жерновая Foodatlas HR-3600,Мельница жерновая Foodatlas HR-3600,74164,RUB,Да,Foodatlas,Профоборудование,Электромеханическое,Измельчители,https://entero.ru/item/147273,"<p>Жерновая мельница <a style=""text-decoration:none;cursor:text;"" href=""http://entero.ru/item/147273""><b class=""b"">Foodatlas HR-3600 </b></a>предназначена для измельчения сухих пищевых продуктов в муку или пудру на предприятиях общественного питания и торговли. Модель оснащена системой охлаждения электродвигателя. Корпус и приемочный бункер выполнены из нержавеющей стали, жернова - из литого чугуна.</p>

<p><b>Характеристики:</b></p>

<ul>
<li>Скорость: 1500 об/мин.</li>
<li>Размер помола: от 50 до 200 мкм</li>
<li>Объем приемной воронки: 4,2 л</li>
<li>Габариты в упаковке: 765х365х410 мм</li>
</ul>",147273,220 В,3.6 кВт,655 мм,320 мм,455 мм,,,,0,https://entero.ru/manuals/173561/%D0%98%D0%BD%D1%81%D1%82%D1%80%D1%83%D0%BA%D1%86%D0%B8%D1%8F%20%D0%BD%D0%B0%20Foodatlas%20HR-3600.pdf;https://entero.ru/manuals/173562/%D0%94%D0%B5%D0%BA%D0%BB%D0%B0%D1%80%D0%B0%D1%86%D0%B8%D1%8F%20%D0%BE%20%D1%81%D0%BE%D0%BE%D1%82%D0%B2%D0%B5%D1%82%D1%81%D1%82%D0%B2%D0%B8%D0%B8%20%D0%BD%D0%B0%20Foodatlas%20HR-3600.pdf,80613,,73 кг,,Китай,от 50 до 70 кг/час,для специй и орехов
https://cdn.entero.ru/mp@2x/81/cb/81cb7d8827984c488161d7b07a353128.jpg,Измельчитель специй Hurakan HKN-SG100,207297,4404,RUB,Да,Hurakan,Профоборудование,Электромеханическое,Измельчители,https://entero.ru/item/123602,"<p>Измельчитель <b class=""b""><a style=""text-decoration:none;cursor:text;"" href=""http://entero.ru/item/123602"">HURAKAN HKN-SG100</a> </b>используется на предприятиях общественного питания и торговли для измельчения сухих трав, орехов, сухарей и специй.</p>

<p><b>Дополнительные характеристики:</b></p>

<ul>
<li>Емкость: 0,1 кг</li>
<li>Скорость: 28000 об/мин</li>
<li>Габариты в упаковке: 170x170x350 мм</li>
</ul>",123602,220 В,0.65 кВт,165 мм,140 мм,335 мм,3 кг,1,170x170x350 мм,25,https://entero.ru/manuals/413205/%D0%A1%D1%85%D0%B5%D0%BC%D0%B0%20Hurakan%20HKN-SG100.pdf;https://entero.ru/manuals/282397/%D0%94%D0%B5%D0%BA%D0%BB%D0%B0%D1%80%D0%B0%D1%86%D0%B8%D1%8F%20%D0%BE%20%D1%81%D0%BE%D0%BE%D1%82%D0%B2%D0%B5%D1%82%D1%81%D1%82%D0%B2%D0%B8%D0%B8.pdf;https://entero.ru/manuals/413206/%D0%9A%D0%B0%D1%82%D0%B0%D0%BB%D0%BE%D0%B3%20%D0%BE%D0%B1%D0%BE%D1%80%D1%83%D0%B4%D0%BE%D0%B2%D0%B0%D0%BD%D0%B8%D1%8F%20Hurakan.pdf;https://entero.ru/manuals/453887/%D0%98%D0%BD%D1%81%D1%82%D1%80%D1%83%D0%BA%D1%86%D0%B8%D1%8F%20%D0%BD%D0%B0%20Hurakan%20HKN-SG100.pdf,,https://vkvideo.ru/video_ext.php?oid=-177656185&id=456241439&hash=11ee11cd016dffd0,2.6 кг,,Китай,,для специй и орехов
https://cdn.entero.ru/mp@2x/fe/0f/fe0fc8b49aae915993772826a20d9fa6.jpg;https://cdn.entero.ru/mp@2x/db/45/db45fe9b03de4e127a314a3ae0ae9898.jpg;https://cdn.entero.ru/mp@2x/67/a5/67a5e57f244e112149acba9878acee1b.jpg;https://cdn.entero.ru/mp@2x/cc/62/cc6221c666084d63ecfc4006103396a9.jpg;https://cdn.entero.ru/mp@2x/0e/89/0e8971033e2f036b4696b77939b824a5.jpg;https://cdn.entero.ru/mp@2x/4e/3a/4e3aa7e907824b95da7f653e909af1dc.jpg;https://cdn.entero.ru/mp@2x/10/fc/10fceaaf06e2a8c80dd73b87ab1df3d1.jpg,Измельчитель для специй и орехов Foodatlas HR-08В,ЦБ000000113,9227,RUB,Да,Foodatlas,Профоборудование,Электромеханическое,Измельчители,https://entero.ru/item/147157,"<p>Измельчитель <b class=""b""><a style=""text-decoration:none;cursor:text;"" href=""http://entero.ru/item/147157"">Foodatlas HR-08В</a> </b>используется на предприятиях общественного питания и торговли для измельчения сухих трав, сухарей, орехов и специй. <span style=""font-size: 12px;"">Модель оснащена электромагнитной кнопкой включения, концевым выключателем при снятии крышки и зажимными штифтами для защиты при закрытии крышки. Корпус, чаша и ножи выполнены из нержавеющей стали.</span></p>

<p><span style=""font-size: 12px;"">В комплект поставки входят мельница, 2 графитовые щетки, 2 длинных ножа, 2 коротких ножа и щетка.</span></p>

<p><b><span style=""font-size: 12px;"">Особенности:</span></b></p>

<ul>
<li>Защита от перегрузки и перегрева электродвигателя</li>
<li>Кнопка экстренной остановки</li>
<li>Наклонный механизм регулировки чаши</li>
<li>Европейская вилка с заземлением</li>
</ul>

<p><b>Дополнительные характеристики:</b></p>

<ul>
<li>Максимальная загрузка чаши: 0,4 кг</li>
<li>Количество скоростей: 1</li>
<li>Габариты в упаковке: 255x225x405 мм</li>
</ul>",147157,220 В,1.8 кВт,235 мм,190 мм,360 мм,,,,0,https://entero.ru/manuals/173386/%D0%98%D0%BD%D1%81%D1%82%D1%80%D1%83%D0%BA%D1%86%D0%B8%D1%8F%20%D0%BD%D0%B0%20Foodatlas%20HR-08%D0%92.pdf;https://entero.ru/manuals/173389/%D0%94%D0%B5%D0%BA%D0%BB%D0%B0%D1%80%D0%B0%D1%86%D0%B8%D1%8F%20%D0%BE%20%D1%81%D0%BE%D0%BE%D1%82%D0%B2%D0%B5%D1%82%D1%81%D1%82%D0%B2%D0%B8%D0%B8%20%D0%BD%D0%B0%20Foodatlas%20HR-08%D0%92.pdf,,,4.9 кг,,Китай,4 кг/час,"для специй и орехов, для сухарей"
https://cdn.entero.ru/mp@2x/45/5a/455a04066703507e1076557455f9d104.jpg;https://cdn.entero.ru/mp@2x/a2/1c/a21cf02501f0e295a98ac123381ba1d4.jpg;https://cdn.entero.ru/mp@2x/de/aa/deaa2ee988f6bcd658b9a10fcfb60f50.jpg;https://cdn.entero.ru/mp@2x/fe/bb/febb205dc27470ad5976b1ae622e6ada.jpg;https://cdn.entero.ru/mp@2x/d9/e8/d9e85c0f9daad0c2c6a0cdb44c9a8341.jpg;https://cdn.entero.ru/mp@2x/e4/5d/e45d06ae3e683eb1808ee23426380523.jpg;https://cdn.entero.ru/mp@2x/84/fa/84fa694c41ad890d0e0bc0ac48e27381.jpg;https://cdn.entero.ru/mp@2x/6c/bf/6cbfdd7feea79e9782cfebcfcf2341ca.jpg;https://cdn.entero.ru/mp@2x/ea/b0/eab08970d94b0fcba8ee2947f6668f1f.jpg,Измельчитель для специй и орехов Foodatlas HR-030В,HR-030В Foodatlas,17276,RUB,Да,Foodatlas,Профоборудование,Электромеханическое,Измельчители,https://entero.ru/item/147189,"<p>Измельчитель <b class=""b""><a style=""text-decoration:none;cursor:text;"" href=""http://entero.ru/item/147189"">Foodatlas HR-030В</a> </b>используется на предприятиях общественного питания и торговли для измельчения сухих трав, сухарей, орехов и специй. <span style=""font-size: 12px;"">Модель оснащена электромагнитной кнопкой включения, концевым выключателем при снятии крышки и зажимными штифтами для защиты при закрытии крышки. Корпус, чаша и ножи выполнены из нержавеющей стали.</span></p>

<p><span style=""font-size: 12px;"">В комплект поставки входят мельница, 2 графитовые щетки, 2 длинных ножа, 2 коротких ножа и щетка.</span></p>

<p><b><span style=""font-size: 12px;"">Особенности:</span></b></p>

<ul>
<li>Защита от перегрузки и перегрева электродвигателя</li>
<li>Кнопка экстренной остановки</li>
<li>Наклонный механизм регулировки чаши</li>
<li>Европейская вилка с заземлением</li>
</ul>

<p><b>Дополнительные характеристики:</b></p>

<ul>
<li>Максимальная загрузка чаши: 1,5 кг</li>
<li>Количество скоростей: 1</li>
<li>Габариты в упаковке: 270x270x410 мм</li>
</ul>",147189,220 В,3.8 кВт,260 мм,220 мм,385 мм,,,,0,https://entero.ru/manuals/173461/%D0%98%D0%BD%D1%81%D1%82%D1%80%D1%83%D0%BA%D1%86%D0%B8%D1%8F%20%D0%BD%D0%B0%20Foodatlas%20HR-030%D0%92.pdf;https://entero.ru/manuals/173462/%D0%94%D0%B5%D0%BA%D0%BB%D0%B0%D1%80%D0%B0%D1%86%D0%B8%D1%8F%20%D0%BE%20%D1%81%D0%BE%D0%BE%D1%82%D0%B2%D0%B5%D1%82%D1%81%D1%82%D0%B2%D0%B8%D0%B8%20%D0%BD%D0%B0%20Foodatlas%20HR-030%D0%92.pdf,,,,,Китай,15 кг/час,"для специй и орехов, для сухарей"
https://cdn.entero.ru/mp@2x/7a/7f/7a7fce66a6080d9a73854b286edf184a.jpg;https://cdn.entero.ru/mp@2x/68/89/6889bd7ce94c4455e12578ad5afd0f2f.jpg;https://cdn.entero.ru/mp@2x/8f/2e/8f2ec4dd37bca32bba6ae25cab2cc5e4.jpg;https://cdn.entero.ru/mp@2x/f4/1a/f41ad393d21e4121129dd3e7a529cd07.jpg;https://cdn.entero.ru/mp@2x/3f/f8/3ff8c0fb9a910e07d0e5e03d98d7eab7.jpg;https://cdn.entero.ru/mp@2x/9b/c0/9bc0b3ddde26deab2a0da26e267d145e.jpg;https://cdn.entero.ru/mp@2x/af/37/af3705e016ce05f4a1877e383b956c95.jpg;https://cdn.entero.ru/mp@2x/95/c1/95c199f52a5d4d80f6bd9028fa6a83ba.jpg;https://cdn.entero.ru/mp@2x/4c/d8/4cd8c3398dbe1af8da76eee80e24c1bd.jpg,Измельчитель для специй и орехов Foodatlas HR-30В,Измельчитель для специй и орехов Foodatlas HR-30В,15032,RUB,Да,Foodatlas,Профоборудование,Электромеханическое,Измельчители,https://entero.ru/item/319661,"<p>Измельчитель <b class=""b""><a style=""text-decoration:none;cursor:text;"" href=""http://entero.ru/item/319661"">Foodatlas HR-30В</a></b> используется на предприятиях общественного питания и торговли для измельчения сухих трав, сухарей, орехов и специй. Модель оснащена электромагнитной кнопкой включения, концевым выключателем при снятии крышки и зажимными штифтами для защиты при закрытии крышки. Корпус, чаша и ножи выполнены из нержавеющей стали.</p>

<p>В комплект поставки входят мельница, 2 графитовые щетки, 2 длинных ножа, 2 коротких ножа и щетка.</p>

<p><b>Особенности:</b></p>

<ul>
<li>Защита от перегрузки и перегрева электродвигателя</li>
<li>Кнопка экстренной остановки</li>
<li>Наклонный механизм регулировки чаши</li>
<li>Европейская вилка с заземлением</li>
</ul>

<p><b>Дополнительные характеристики:</b></p>

<ul>
<li>Максимальная загрузка чаши: 1,5 кг</li>
<li>Объем загрузочного бункера: 3,5 л</li>
<li>Количество скоростей: 1</li>
<li>Скорость вращения: 25000 об./мин.</li>
<li>Габариты в упаковке: 245x245x410 мм</li>
</ul>",319661,220 В,1.8 кВт,260 мм,220 мм,385 мм,,,,0,https://entero.ru/manuals/384173/%D0%98%D0%BD%D1%81%D1%82%D1%80%D1%83%D0%BA%D1%86%D0%B8%D1%8F%20%D0%BD%D0%B0%20Foodatlas%20HR-30%D0%92.pdf;https://entero.ru/manuals/384174/%D0%94%D0%B5%D0%BA%D0%BB%D0%B0%D1%80%D0%B0%D1%86%D0%B8%D1%8F%20%D0%BE%20%D1%81%D0%BE%D0%BE%D1%82%D0%B2%D0%B5%D1%82%D1%81%D1%82%D0%B2%D0%B8%D0%B8.pdf,16163,,7.7 кг,,Китай,15 кг/час,для специй и орехов
https://cdn.entero.ru/mp@2x/4a/fc/4afc6d8e805209c0543bf05010188f8f.jpg;https://cdn.entero.ru/mp@2x/ff/04/ff0414f46ef36763ecde671f39e8e47b.jpg;https://cdn.entero.ru/mp@2x/52/72/52722b8533ea814fc073bd521d56eb8f.jpg;https://cdn.entero.ru/mp@2x/18/88/18885a8a47c5b0366831d1db9c26d15d.jpg;https://cdn.entero.ru/mp@2x/0b/b4/0bb4164ad3ae2e6114332943be5db456.jpg;https://cdn.entero.ru/mp@2x/d9/6f/d96f89d26a8332f56e5672ca386b157d.jpg;https://cdn.entero.ru/mp@2x/71/61/71619fae202433475ae978082eaa7f65.jpg;https://cdn.entero.ru/mp@2x/00/df/00dfcd62e5c5557bf37175e16fb8e767.jpg;https://cdn.entero.ru/mp@2x/d2/32/d232193ff4542c1b2fecc2f165687a63.jpg,Измельчитель для специй и орехов Foodatlas HR-020В,HR-20В Foodatlas,12853,RUB,Да,Foodatlas,Профоборудование,Электромеханическое,Измельчители,https://entero.ru/item/147186,"<p>Измельчитель <b class=""b""><a style=""text-decoration:none;cursor:text;"" href=""http://entero.ru/item/147186"">Foodatlas HR-020В</a> </b>используется на предприятиях общественного питания и торговли для измельчения сухих трав, сухарей, орехов и специй. <span style=""font-size: 12px;"">Модель оснащена электромагнитной кнопкой включения, концевым выключателем при снятии крышки и зажимными штифтами для защиты при закрытии крышки. Корпус, чаша и ножи выполнены из нержавеющей стали.</span></p>

<p><span style=""font-size: 12px;"">В комплект поставки входят мельница, 2 графитовые щетки, 2 длинных ножа, 2 коротких ножа и щетка.</span></p>

<p><b><span style=""font-size: 12px;"">Особенности:</span></b></p>

<ul>
<li>Защита от перегрузки и перегрева электродвигателя</li>
<li>Кнопка экстренной остановки</li>
<li>Наклонный механизм регулировки чаши</li>
<li>Европейская вилка с заземлением</li>
</ul>

<p><b>Дополнительные характеристики:</b></p>

<ul>
<li>Производительность: 10 кг/ч</li>
<li>Максимальная загрузка чаши: 1 кг</li>
<li>Количество скоростей: 1</li>
<li>Габариты в упаковке: 270x270x410 мм</li>
</ul>",147186,220 В,3 кВт,255 мм,215 мм,370 мм,,,,0,https://entero.ru/manuals/173454/%D0%98%D0%BD%D1%81%D1%82%D1%80%D1%83%D0%BA%D1%86%D0%B8%D1%8F%20%D0%BD%D0%B0%20Foodatlas%20HR-020%D0%92.pdf;https://entero.ru/manuals/173455/%D0%94%D0%B5%D0%BA%D0%BB%D0%B0%D1%80%D0%B0%D1%86%D0%B8%D1%8F%20%D0%BE%20%D1%81%D0%BE%D0%BE%D1%82%D0%B2%D0%B5%D1%82%D1%81%D1%82%D0%B2%D0%B8%D0%B8%20%D0%BD%D0%B0%20Foodatlas%20HR-020%D0%92.pdf,,,,,Китай,10 кг/час,"для специй и орехов, для сухарей"
https://cdn.entero.ru/mp@2x/84/68/84687366b4cb4d3a5b338c8b063b8f30.jpg;https://cdn.entero.ru/mp@2x/8a/fa/8afa8aee351e4282df7d15a4d27324a5.jpg;https://cdn.entero.ru/mp@2x/8c/1f/8c1f19ea20d05448cf1b1746772f8abb.jpg;https://cdn.entero.ru/mp@2x/01/d2/01d2f0290bf4e5a58b7b8c05ca3731d3.jpg;https://cdn.entero.ru/mp@2x/fc/b8/fcb88738c1b2adeeb1a4641625a32f20.jpg;https://cdn.entero.ru/mp@2x/ce/7a/ce7a56de0e8e0970d354a09ad9ed9e6d.jpg;https://cdn.entero.ru/mp@2x/af/55/af5529aa20c9d97e2e4b7334648f788b.jpg,Мельница жерновая Foodatlas HR-1500,Мельница жерновая Foodatlas HR-1500,55628,RUB,Да,Foodatlas,Профоборудование,Электромеханическое,Измельчители,https://entero.ru/item/147267,"<p>Жерновая мельница <a style=""text-decoration:none;cursor:text;"" href=""http://entero.ru/item/147267""><b class=""b"">Foodatlas HR-1500 </b></a>предназначена для измельчения сухих пищевых продуктов в муку или пудру на предприятиях общественного питания и торговли. Модель оснащена системой охлаждения электродвигателя. Корпус и приемочный бункер выполнены из нержавеющей стали, жерновы - из литого чугуна.</p>

<p><b>Характеристики:</b>.</p>

<ul>
<li>Размер помола: от 50 до 200 мкм</li>
<li>Объем приемной воронки: 4,2 л</li>
<li>Габариты в упаковке: 730х330х340 мм</li>
</ul>",147267,220 В,1.5 кВт,600 мм,280 мм,435 мм,,,,0,https://entero.ru/manuals/173553/%D0%98%D0%BD%D1%81%D1%82%D1%80%D1%83%D0%BA%D1%86%D0%B8%D1%8F%20%D0%BD%D0%B0%20Foodatlas%20HR-1500.pdf;https://entero.ru/manuals/173554/%D0%94%D0%B5%D0%BA%D0%BB%D0%B0%D1%80%D0%B0%D1%86%D0%B8%D1%8F%20%D0%BE%20%D1%81%D0%BE%D0%BE%D1%82%D0%B2%D0%B5%D1%82%D1%81%D1%82%D0%B2%D0%B8%D0%B8%20%D0%BD%D0%B0%20Foodatlas%20HR-1500.pdf,59179,,44 кг,,Китай,от 20 до 40 кг/час,для специй и орехов
https://cdn.entero.ru/mp@2x/84/6c/846c3f512507eb8687f8497f149f0ddd.jpg;https://cdn.entero.ru/mp@2x/05/56/0556c80f9b738b25ab7603e9a991ed62.jpg;https://cdn.entero.ru/mp@2x/5a/88/5a88b19c50c156f9232e86af36523b4f.jpg;https://cdn.entero.ru/mp@2x/72/f1/72f13b55b431651fdf6827ec9b3ae94f.jpg;https://cdn.entero.ru/mp@2x/66/9d/669d88f61e8b7141842bfbafebe26325.jpg;https://cdn.entero.ru/mp@2x/cc/4d/cc4d62453049c4eb2648d7b22787f27f.jpg;https://cdn.entero.ru/mp@2x/82/5c/825c2693650daedf090ade4d8ef7834b.jpg,Мельница жерновая Foodatlas HR-3000,Мельница жерновая Foodatlas HR-3000,64099,RUB,Да,Foodatlas,Профоборудование,Электромеханическое,Измельчители,https://entero.ru/item/147272,"<p>Жерновая мельница <a style=""text-decoration:none;cursor:text;"" href=""http://entero.ru/item/147272""><b class=""b"">Foodatlas HR-3000 </b></a>предназначена для измельчения сухих пищевых продуктов в муку или пудру на предприятиях общественного питания и торговли. Модель оснащена системой охлаждения электродвигателя. Корпус и приемочный бункер выполнены из нержавеющей стали, жерновы - из литого чугуна.</p>

<p><b>Характеристики:</b></p>

<ul>
<li>Скорость: 1500 об/мин.</li>
<li>Размер помола: от 50 до 200 мкм</li>
<li>Объем приемной воронки: 4,2 л</li>
<li>Габариты в упаковке: 730х360х380 мм</li>
</ul>",147272,220 В,3 кВт,600 мм,320 мм,450 мм,,,,0,https://entero.ru/manuals/173558/%D0%98%D0%BD%D1%81%D1%82%D1%80%D1%83%D0%BA%D1%86%D0%B8%D1%8F%20%D0%BD%D0%B0%20Foodatlas%20HR-3000.pdf;https://entero.ru/manuals/173559/%D0%94%D0%B5%D0%BA%D0%BB%D0%B0%D1%80%D0%B0%D1%86%D0%B8%D1%8F%20%D0%BE%20%D1%81%D0%BE%D0%BE%D1%82%D0%B2%D0%B5%D1%82%D1%81%D1%82%D0%B2%D0%B8%D0%B8%20%D0%BD%D0%B0%20Foodatlas%20HR-3000.pdf,66770,,53 кг,,Китай,от 50 до 60 кг/час,для специй и орехов
https://cdn.entero.ru/mp@2x/90/41/904123dc27c5df60455fdb5108892630.jpg;https://cdn.entero.ru/mp@2x/a0/e8/a0e8a6a9c83d7b372b11a8aa67ac33fc.jpg;https://cdn.entero.ru/mp@2x/37/75/3775e687ab4ce2ab51ddad8a29140db7.jpg;https://cdn.entero.ru/mp@2x/d8/5d/d85dee51959955f5d2449e7dbada8e3c.jpg;https://cdn.entero.ru/mp@2x/b8/2b/b82b79fcb3285245bdd1afe991f70163.jpg;https://cdn.entero.ru/mp@2x/4d/83/4d83afa09692707d540b7f2853a37c43.jpg,Измельчитель для специй и орехов Foodatlas HR-06В,HR-06В Foodatlas,8910,RUB,Да,Foodatlas,Профоборудование,Электромеханическое,Измельчители,https://entero.ru/item/147142,"<p>Измельчитель <b class=""b""><a style=""text-decoration:none;cursor:text;"" href=""http://entero.ru/item/147142"">Foodatlas HR-06В</a> </b>используется на предприятиях общественного питания и торговли для измельчения сухих трав, сухарей, орехов и специй. <span style=""font-size: 12px;"">Модель оснащена электромагнитной кнопкой включения, концевым выключателем при снятии крышки и зажимными штифтами для защиты при закрытии крышки. Корпус, чаша и ножи выполнены из нержавеющей стали.</span></p>

<p><span style=""font-size: 12px;"">В комплект поставки входят мельница, 2 графитовые щетки, 2 длинных ножа, 2 коротких ножа и щетка.</span></p>

<p><b><span style=""font-size: 12px;"">Особенности:</span></b></p>

<ul>
<li>Защита от перегрузки и перегрева электродвигателя</li>
<li>Кнопка экстренной остановки</li>
<li>Наклонный механизм регулировки чаши</li>
<li>Европейская вилка с заземлением</li>
</ul>

<p><b>Дополнительные характеристики:</b></p>

<ul>
<li>Максимальная загрузка чаши: 0,3 кг</li>
<li>Количество скоростей: 1</li>
<li>Габариты в упаковке: 255x225x405 мм</li>
</ul>",147142,220 В,1.5 кВт,230 мм,190 мм,350 мм,,,,0,https://entero.ru/manuals/173382/%D0%98%D0%BD%D1%81%D1%82%D1%80%D1%83%D0%BA%D1%86%D0%B8%D1%8F%20%D0%BD%D0%B0%20Foodatlas%20HR-06%D0%92.pdf;https://entero.ru/manuals/173383/%D0%94%D0%B5%D0%BA%D0%BB%D0%B0%D1%80%D0%B0%D1%86%D0%B8%D1%8F%20%D0%BE%20%D1%81%D0%BE%D0%BE%D1%82%D0%B2%D0%B5%D1%82%D1%81%D1%82%D0%B2%D0%B8%D0%B8%20%D0%BD%D0%B0%20Foodatlas%20HR-06%D0%92.pdf,,,,,Китай,3 кг/час,"для специй и орехов, для сухарей"
https://cdn.entero.ru/mp@2x/84/f9/84f9d2da470e7dc897c767ae15cca5a8.jpg;https://cdn.entero.ru/mp@2x/a4/cc/a4ccaeb36199a2897a185ff3326de944.jpg;https://cdn.entero.ru/mp@2x/90/c5/90c5e1fdb0db3ab76c4259da40ff1044.jpg;https://cdn.entero.ru/mp@2x/b2/ec/b2ecd439ba3edc25e25923fc6babcde8.jpg;https://cdn.entero.ru/mp@2x/fb/17/fb179d9d944e10de77ac57c76bb98319.jpg;https://cdn.entero.ru/mp@2x/31/16/311628c001d27c6bc9abb65b760259e2.jpg;https://cdn.entero.ru/mp@2x/ff/4c/ff4c98871916a2cf6d2031989269d44c.jpg;https://cdn.entero.ru/mp@2x/71/4c/714c14dcc7ed26f902ae0497d00c8014.jpg;https://cdn.entero.ru/mp@2x/bd/ed/bdedecbd80be3043e2ab52303fe9650a.jpg,Измельчитель для специй и орехов Foodatlas HR-016В,HR-16В Foodatlas,11660,RUB,Да,Foodatlas,Профоборудование,Электромеханическое,Измельчители,https://entero.ru/item/147177,"<p>Измельчитель <b class=""b""><a style=""text-decoration:none;cursor:text;"" href=""http://entero.ru/item/147177"">Foodatlas HR-016В</a> </b>используется на предприятиях общественного питания и торговли для измельчения сухих трав, сухарей, орехов и специй. <span style=""font-size: 12px;"">Модель оснащена электромагнитной кнопкой включения, концевым выключателем при снятии крышки и зажимными штифтами для защиты при закрытии крышки. Корпус, чаша и ножи выполнены из нержавеющей стали.</span></p>

<p><span style=""font-size: 12px;"">В комплект поставки входят мельница, 2 графитовые щетки, 2 длинных ножа, 2 коротких ножа и щетка.</span></p>

<p><b><span style=""font-size: 12px;"">Особенности:</span></b></p>

<ul>
<li>Защита от перегрузки и перегрева электродвигателя</li>
<li>Кнопка экстренной остановки</li>
<li>Наклонный механизм регулировки чаши</li>
<li>Европейская вилка с заземлением</li>
</ul>

<p><b>Дополнительные характеристики:</b></p>

<ul>
<li>Максимальная загрузка чаши: 0,8 кг</li>
<li>Количество скоростей: 1</li>
<li>Габариты в упаковке: 270x225x405 мм</li>
</ul>",147177,220 В,2.4 кВт,245 мм,205 мм,365 мм,,,,0,https://entero.ru/manuals/173442/%D0%98%D0%BD%D1%81%D1%82%D1%80%D1%83%D0%BA%D1%86%D0%B8%D1%8F%20%D0%BD%D0%B0%20Foodatlas%20HR-016%D0%92.pdf;https://entero.ru/manuals/173443/%D0%94%D0%B5%D0%BA%D0%BB%D0%B0%D1%80%D0%B0%D1%86%D0%B8%D1%8F%20%D0%BE%20%D1%81%D0%BE%D0%BE%D1%82%D0%B2%D0%B5%D1%82%D1%81%D1%82%D0%B2%D0%B8%D0%B8%20%D0%BD%D0%B0%20Foodatlas%20HR-016%D0%92.pdf,12538,,,,Китай,8 кг/час,"для специй и орехов, для сухарей"
https://cdn.entero.ru/mp@2x/80/2f/802f85830b10260933da4de8cc001a05.jpg;https://cdn.entero.ru/mp@2x/7c/1a/7c1a7bedea4201a45a7a0c7b1f316d7a.jpg;https://cdn.entero.ru/mp@2x/80/e0/80e0b9743e7f35f58bfacbb95916ceeb.jpg;https://cdn.entero.ru/mp@2x/5e/a3/5ea3dd69c8cb968bdb80260246d0f2ff.jpg;https://cdn.entero.ru/mp@2x/7c/52/7c52a5c75aab8dc36db728bbcf1ff0ec.jpg;https://cdn.entero.ru/mp@2x/81/60/81604f7432e238c112a4d24dac9e6cf2.jpg;https://cdn.entero.ru/mp@2x/eb/98/eb986175d41f714915b88bbad7429734.jpg;https://cdn.entero.ru/mp@2x/4c/de/4cdef134796fd9fbe7387d9af82ac74c.jpg;https://cdn.entero.ru/mp@2x/b9/37/b93746a191705198daf55a0f957efd3a.jpg,Измельчитель специй Waring WSG30,WRWSG30E,21009,RUB,Да,Waring,Профоборудование,Электромеханическое,Измельчители,https://entero.ru/item/78252,"<p>Измельчитель <b class=""b""><a style=""text-decoration:none;cursor:text;"" href=""http://entero.ru/item/78252"">Waring WSG30</a></b> предназначен для измельчения сухих трав, орехов, сухарей, специй, овощей, фруктов на предприятиях общественного питания, торговли и в домашних условиях. Модель оснашена мощным двигателем и защитной крышкой. Корпус выполнен из матовой нержавеющей стали, лезвия - из нержавеющей стали.</p>

<p>В комплект поставки входят 3 емкости из нержавеющей стали с герметичными крышками.</p>

<p><b>Особенности:</b></p>

<ul>
<li>Блокировочный механизм крышки</li>
<li>Тонкое измельчение за считанные секунды</li>
<li>Сверхпрочные лезвия из нержавеющей стали обеспечивают тонкий помол</li>
<li>Основная чаша подходит для мытья в посудомоечной машине</li>
<li>Импульсный режим</li>
</ul>

<p><b>Дополнительные характеристики:</b></p>

<ul>
<li>Скорость: 19000 об/мин</li>
<li>Объем: 0,355 л</li>
</ul>",78252,220 В,0.175 кВт,120 мм,140 мм,210 мм,1.1 кг,1,140x260x230 мм,15,https://entero.ru/manuals/129341/%D0%98%D0%BD%D1%81%D1%82%D1%80%D1%83%D0%BA%D1%86%D0%B8%D1%8F%20%D0%BD%D0%B0%20Waring%20WSG30.docx;https://entero.ru/manuals/123209/%D0%9A%D0%B0%D1%82%D0%B0%D0%BB%D0%BE%D0%B3%20Waring%20%28%D0%B0%D0%BD%D0%B3%D0%BB.%29.pdf;https://entero.ru/manuals/489598/%D0%94%D0%B5%D0%BA%D0%BB%D0%B0%D1%80%D0%B0%D1%86%D0%B8%D1%8F%20%D0%BE%20%D1%81%D0%BE%D0%BE%D1%82%D0%B2%D0%B5%D1%82%D1%81%D1%82%D0%B2%D0%B8%D0%B8.pdf,22836,https://vk.com/video_ext.php?oid=-177656185&id=456240157&hd=2&autoplay=0,,,США,,для специй и орехов
https://cdn.entero.ru/mp@2x/79/f5/79f5f25f5384164f314323211f65131f.jpg;https://cdn.entero.ru/mp@2x/44/ef/44efb12426470a68e51326db7fbb00e8.jpg;https://cdn.entero.ru/mp@2x/7a/9a/7a9af78f8e5d7e481a1c4e09f0db53b4.jpg;https://cdn.entero.ru/mp@2x/d5/74/d57479659ddaa41cd9d0ff411bf6be80.jpg;https://cdn.entero.ru/mp@2x/6a/52/6a52ef8a2d02aec3cd9fed4fe4b199d9.jpg;https://cdn.entero.ru/mp@2x/b6/ae/b6ae2d314f3ad47f170350208ffe2127.jpg;https://cdn.entero.ru/mp@2x/f8/c1/f8c117592e9533ba80099c2874555a5e.jpg,Мельница жерновая Foodatlas HR-1500(A),HR-1500(A) Foodatlas,55628,RUB,Да,Foodatlas,Профоборудование,Электромеханическое,Измельчители,https://entero.ru/item/250153,"<p>Жерновая мельница <a style=""text-decoration:none;cursor:text;"" href=""http://entero.ru/item/250153""><b class=""b"">Foodatlas HR-1500(A) </b></a>предназначена для измельчения сухих пищевых продуктов в муку или пудру на предприятиях общественного питания и торговли. Модель оснащена контрольной панелью управления с цветовой маркировкой кнопок и подписями, системой охлаждения электродвигателя и жерновами вогнутой формы. Корпус и приемочный бункер выполнены из хромированной и окрашенной нержавеющей стали, жернова - из литого чугуна.</p>

<p> В комплект поставки входит дополнительный набор дисков для замены в случае поломки.</p>

<p><b>Особенности:</b></p>

<ul>
<li>Специальный шнек для давки позволяет получать такие продукты, как ореховая паста</li>
<li>Кнопка аварийной остановки</li>
<li>Подходит для установки на столе</li>
<li>Механический ограничитель лимитирует попадание пищевой продукции в измельчительную камеру​</li>
<li>Безопасность и долговечность</li>
</ul>

<p><b>Характеристики:</b></p>

<ul>
<li>Скорость: 1500 об/мин.</li>
<li>Максимальная загрузка чаши: 4 кг</li>
<li>Максимальная влажность продуктов: 35 %</li>
<li>Размер помола: от 50 до 200 мкм</li>
<li>Объем приемной воронки: 4,2 л</li>
</ul>

<p><em><span style=""color:#FF0000;"">Внимание! На фото аналогичная модель другого размера.</span></em></p>",250153,220 В,1.5 кВт,600 мм,280 мм,435 мм,48 кг,1,730x330x340 мм,0,https://entero.ru/manuals/306605/%D0%98%D0%BD%D1%81%D1%82%D1%80%D1%83%D0%BA%D1%86%D0%B8%D1%8F%20%D0%BD%D0%B0%20Foodatlas%20HR-1500%28A%29.pdf;https://entero.ru/manuals/306606/%D0%94%D0%B5%D0%BA%D0%BB%D0%B0%D1%80%D0%B0%D1%86%D0%B8%D1%8F%20%D0%BE%20%D1%81%D0%BE%D0%BE%D1%82%D0%B2%D0%B5%D1%82%D1%81%D1%82%D0%B2%D0%B8%D0%B8.pdf,,,44 кг,,Китай,от 20 до 40 кг/час,для специй и орехов
https://cdn.entero.ru/mp@2x/a8/06/a80632ca6d73c8142b90283021cb09ba.jpg,Измельчитель специй Airhot SG-100,D7318,4353,RUB,Да,Airhot,Профоборудование,Электромеханическое,Измельчители,https://entero.ru/item/163186,"<p>Измельчитель <b class=""b""><a style=""text-decoration:none;cursor:text;"" href=""http://entero.ru/item/163186"">Airhot SG-100</a> </b>используется на предприятиях общественного питания и торговли для измельчения сухих трав, сухарей, орехов и специй. </p>

<p><b>Дополнительные характеристики:</b></p>

<ul>
<li>Емкость: 100 г</li>
</ul>",163186,220 В,0.65 кВт,165 мм,138 мм,335 мм,2.7 кг,1,180x180x360 мм,0,https://entero.ru/manuals/410206/%D0%98%D0%BD%D1%81%D1%82%D1%80%D1%83%D0%BA%D1%86%D0%B8%D1%8F%20%D0%BD%D0%B0%20Airhot%20SG-100.pdf,6131,,2.4 кг,,Китай,,"для специй и орехов, для сухарей"
https://cdn.entero.ru/mp@2x/fb/88/fb888c4c8440953b7490055a98ff7c43.jpg;https://cdn.entero.ru/mp@2x/d2/0e/d20efde397dcfc701d3f38017d7e842a.jpg;https://cdn.entero.ru/mp@2x/e1/5e/e15e2d49bb31158a2295ae0d27f95346.jpg;https://cdn.entero.ru/mp@2x/26/57/2657da917ae1a5ed2a8c0e2db8b69f34.jpg;https://cdn.entero.ru/mp@2x/be/fe/befe76b1ec87af6e4ee8df2ba12b732b.jpg;https://cdn.entero.ru/mp@2x/ed/a6/eda639cfaf5744f3edb6f45dade98d60.jpg;https://cdn.entero.ru/mp@2x/9c/11/9c117d943027a7aa2d5eb506d782f046.jpg,Измельчитель для специй и орехов Foodatlas HR-010В,HR-10В Foodatlas,10769,RUB,Да,Foodatlas,Профоборудование,Электромеханическое,Измельчители,https://entero.ru/item/147159,"<p>Измельчитель <b class=""b""><a style=""text-decoration:none;cursor:text;"" href=""http://entero.ru/item/147159"">Foodatlas HR-010В</a> </b>используется на предприятиях общественного питания и торговли для измельчения сухих трав, сухарей, орехов и специй. <span style=""font-size: 12px;"">Модель оснащена электромагнитной кнопкой включения, концевым выключателем при снятии крышки и зажимными штифтами для защиты при закрытии крышки. Корпус, чаша и ножи выполнены из нержавеющей стали.</span></p>

<p><span style=""font-size: 12px;"">В комплект поставки входят мельница, 2 графитовые щетки, 2 длинных ножа, 2 коротких ножа и щетка.</span></p>

<p><b><span style=""font-size: 12px;"">Особенности:</span></b></p>

<ul>
<li>Защита от перегрузки и перегрева электродвигателя</li>
<li>Кнопка экстренной остановки</li>
<li>Наклонный механизм регулировки чаши</li>
<li>Европейская вилка с заземлением</li>
</ul>

<p><b>Дополнительные характеристики:</b></p>

<ul>
<li>Максимальная загрузка чаши: 0,5 кг</li>
<li>Количество скоростей: 1</li>
<li>Габариты в упаковке: 270x225x405 мм</li>
</ul>",147159,220 В,2 кВт,245 мм,190 мм,365 мм,,,,0,https://entero.ru/manuals/173391/%D0%98%D0%BD%D1%81%D1%82%D1%80%D1%83%D0%BA%D1%86%D0%B8%D1%8F%20%D0%BD%D0%B0%20Foodatlas%20HR-010%D0%92.pdf;https://entero.ru/manuals/173392/%D0%94%D0%B5%D0%BA%D0%BB%D0%B0%D1%80%D0%B0%D1%86%D0%B8%D1%8F%20%D0%BE%20%D1%81%D0%BE%D0%BE%D1%82%D0%B2%D0%B5%D1%82%D1%81%D1%82%D0%B2%D0%B8%D0%B8%20%D0%BD%D0%B0%20Foodatlas%20HR-010%D0%92.pdf,11336,,5.4 кг,,Китай,5 кг/час,"для специй и орехов, для сухарей"
https://cdn.entero.ru/mp@2x/d2/56/d2566d3f5517934c769bec33b1b51f30.jpg;https://cdn.entero.ru/mp@2x/57/7f/577fc6ffc8f46b43ba79fe20f3a5f91a.jpg;https://cdn.entero.ru/mp@2x/3c/b6/3cb60a0a73a9c5424eae105db7b078c2.jpg;https://cdn.entero.ru/mp@2x/c2/ab/c2abc032306511c46b3d968909231d27.jpg;https://cdn.entero.ru/mp@2x/b9/45/b945079c44847179e3ec3da1cd54959d.jpg;https://cdn.entero.ru/mp@2x/68/ba/68baf1b41055527ee17086b8a1683fc8.jpg;https://cdn.entero.ru/mp@2x/16/14/16147898e39b602976fdda27f886e998.jpg;https://cdn.entero.ru/mp@2x/2c/10/2c10d0404914bfba2a8ec39b8bf78d65.jpg,Измельчитель для специй и орехов Foodatlas HR-40В,Измельчитель для специй и орехов Foodatlas HR-40В,16252,RUB,Да,Foodatlas,Профоборудование,Электромеханическое,Измельчители,https://entero.ru/item/184680,"<p>Измельчитель <b class=""b""><a style=""text-decoration:none;cursor:text;"" href=""http://entero.ru/item/184680"">Foodatlas HR-40В</a> </b>используется на предприятиях общественного питания и торговли для измельчения сухих трав, сухарей, орехов и специй. <span style=""font-size: 12px;"">Модель оснащена электромагнитной кнопкой включения, концевым выключателем при снятии крышки и зажимными штифтами для защиты при закрытии крышки. Корпус, чаша и ножи выполнены из нержавеющей стали.</span></p>

<p><span style=""font-size: 12px;"">В комплект поставки входят мельница, 2 графитовые щетки, 2 длинных ножа, 2 коротких ножа и щетка.</span></p>

<p><b><span style=""font-size: 12px;"">Особенности:</span></b></p>

<ul>
<li>Защита от перегрузки и перегрева электродвигателя</li>
<li>Кнопка экстренной остановки</li>
<li>Наклонный механизм регулировки чаши</li>
<li>Европейская вилка с заземлением</li>
</ul>

<p><b>Дополнительные характеристики:</b></p>

<ul>
<li>Максимальная загрузка чаши: 2 кг</li>
<li>Количество скоростей: 1</li>
<li>Габариты в упаковке: 340x330x495 мм</li>
</ul>",184680,220 В,4.5 кВт,280 мм,265 мм,385 мм,,,,0,https://entero.ru/manuals/214573/%D0%98%D0%BD%D1%81%D1%82%D1%80%D1%83%D0%BA%D1%86%D0%B8%D1%8F%20%D0%BD%D0%B0%20Foodatlas%20HR-40%D0%92.pdf;https://entero.ru/manuals/214574/%D0%94%D0%B5%D0%BA%D0%BB%D0%B0%D1%80%D0%B0%D1%86%D0%B8%D1%8F%20%D0%BE%20%D1%81%D0%BE%D0%BE%D1%82%D0%B2%D0%B5%D1%82%D1%81%D1%82%D0%B2%D0%B8%D0%B8.pdf,16929,,9.5 кг,,Китай,20 кг/час,"для специй и орехов, для сухарей"
https://cdn.entero.ru/mp@2x/f7/6e/f76e80498d514d7a63f436fc696ed1f8.jpg;https://cdn.entero.ru/mp@2x/70/8c/708cfbd3b006e8dd046620e017a681a0.jpg;https://cdn.entero.ru/mp@2x/e8/66/e866aa912f9460deac319bf8299f4e64.jpg;https://cdn.entero.ru/mp@2x/44/d3/44d3d14af6ef12562647f192ca3b6f3f.jpg;https://cdn.entero.ru/mp@2x/e4/7f/e47f0cbe6320770e8f78bf4c63d7433a.jpg;https://cdn.entero.ru/mp@2x/25/d8/25d80febf25d78cbb880e232c550da04.jpg;https://cdn.entero.ru/mp@2x/1d/85/1d8517153957223af57cc50fcbb3b32f.jpg,Мельница жерновая Foodatlas HR-2200(A),HR-2200(A) Foodatlas,58272,RUB,Да,Foodatlas,Профоборудование,Электромеханическое,Измельчители,https://entero.ru/item/250137,"<p>Жерновая мельница <a style=""text-decoration:none;cursor:text;"" href=""http://entero.ru/item/250137""><b class=""b"">Foodatlas HR-2200(A) </b></a>предназначена для измельчения сухих пищевых продуктов в муку или пудру на предприятиях общественного питания и торговли. Модель оснащена контрольной панелью управления с цветовой маркировкой кнопок и подписями, системой охлаждения электродвигателя и жерновами вогнутой формы. Корпус и приемочный бункер выполнены из хромированной и окрашенной нержавеющей стали, жернова - из литого чугуна.</p>

<p> В комплект поставки входит дополнительный набор дисков для замены в случае поломки.</p>

<p><b>Особенности:</b></p>

<ul>
<li>Специальный шнек для давки позволяет получать такие продукты, как ореховая паста</li>
<li>Кнопка аварийной остановки</li>
<li>Подходит для установки на столе</li>
<li>Механический ограничитель лимитирует попадание пищевой продукции в измельчительную камеру​</li>
<li>Безопасность и долговечность</li>
</ul>

<p><b>Характеристики:</b></p>

<ul>
<li>Скорость: 1500 об/мин.</li>
<li>Максимальная загрузка чаши: 4 кг</li>
<li>Максимальная влажность продуктов: 35 %</li>
<li>Размер помола: от 50 до 200 мкм</li>
<li>Объем приемной воронки: 4,2 л</li>
</ul>

<p><em><span style=""color:#FF0000;"">Внимание! На фото аналогичная модель другого размера.</span></em></p>",250137,220 В,2.2 кВт,600 мм,320 мм,450 мм,50 кг,1,730x330x340 мм,0,https://entero.ru/manuals/306596/%D0%98%D0%BD%D1%81%D1%82%D1%80%D1%83%D0%BA%D1%86%D0%B8%D1%8F%20%D0%BD%D0%B0%20Foodatlas%20HR-2200%28A%29.pdf;https://entero.ru/manuals/306597/%D0%94%D0%B5%D0%BA%D0%BB%D0%B0%D1%80%D0%B0%D1%86%D0%B8%D1%8F%20%D0%BE%20%D1%81%D0%BE%D0%BE%D1%82%D0%B2%D0%B5%D1%82%D1%81%D1%82%D0%B2%D0%B8%D0%B8.pdf,,,46 кг,,Китай,от 30 до 50 кг/час,для специй и орехов
https://cdn.entero.ru/mp@2x/42/3a/423a339b5edaaa2f391c72659c738f49.jpg,Измельчитель специй Airhot SG-200,D7319,5988,RUB,Да,Airhot,Профоборудование,Электромеханическое,Измельчители,https://entero.ru/item/163187,"<p>Измельчитель <b class=""b""><a style=""text-decoration:none;cursor:text;"" href=""http://entero.ru/item/163187"">Airhot SG-200</a> </b>используется на предприятиях общественного питания и торговли для измельчения сухих трав, сухарей, орехов и специй. </p>

<p><b>Дополнительные характеристики:</b></p>

<ul>
<li>Емкость: 200 г</li>
</ul>

<p><em><span style=""color:#FF0000;"">Внимание! На фото аналогичная модель другого размера.</span></em></p>

<p> </p>",163187,220 В,1.2 кВт,178 мм,162 мм,361 мм,3.7 кг,1,196x196x394 мм,0,https://entero.ru/manuals/410202/%D0%98%D0%BD%D1%81%D1%82%D1%80%D1%83%D0%BA%D1%86%D0%B8%D1%8F%20%D0%BD%D0%B0%20Airhot%20SG-200.pdf,,,3.4 кг,,Китай,,"для специй и орехов, для сухарей"
https://cdn.entero.ru/mp@2x/f8/d6/f8d6f229adb02bcfe8e3b1ab66aa1277.jpg,Измельчитель специй Hurakan HKN-SG200,207298,6079,RUB,Да,Hurakan,Профоборудование,Электромеханическое,Измельчители,https://entero.ru/item/123603,"<p>Измельчитель <b class=""b""><a style=""text-decoration:none;cursor:text;"" href=""http://entero.ru/item/123603"">HURAKAN HKN-SG200</a> </b>используется на предприятиях общественного питания и торговли для измельчения сухих трав, орехов, сухарей и специй.</p>

<p><b>Дополнительные характеристики:</b></p>

<ul>
<li>Скорость: 28000 об/мин.</li>
<li>Емкость: 0,2 кг</li>
</ul>",123603,220 В,1.2 кВт,178 мм,162 мм,360 мм,3 кг,1,200x200x400 мм,60,https://entero.ru/manuals/413208/%D0%A1%D1%85%D0%B5%D0%BC%D0%B0%20Hurakan%20HKN-SG200.pdf;https://entero.ru/manuals/282396/%D0%94%D0%B5%D0%BA%D0%BB%D0%B0%D1%80%D0%B0%D1%86%D0%B8%D1%8F%20%D0%BE%20%D1%81%D0%BE%D0%BE%D1%82%D0%B2%D0%B5%D1%82%D1%81%D1%82%D0%B2%D0%B8%D0%B8.pdf;https://entero.ru/manuals/413209/%D0%9A%D0%B0%D1%82%D0%B0%D0%BB%D0%BE%D0%B3%20%D0%BE%D0%B1%D0%BE%D1%80%D1%83%D0%B4%D0%BE%D0%B2%D0%B0%D0%BD%D0%B8%D1%8F%20Hurakan.pdf;https://entero.ru/manuals/453886/%D0%98%D0%BD%D1%81%D1%82%D1%80%D1%83%D0%BA%D1%86%D0%B8%D1%8F%20%D0%BD%D0%B0%20Hurakan%20HKN-SG200.pdf,,,2.6 кг,,Китай,,для специй и орехов
https://cdn.entero.ru/mp@2x/80/8d/808d74acd3861d298ee4dc3314ad22a1.jpg,Измельчитель специй Hurakan HKN-SG800,Измельчитель специй Hurakan HKN-SG800,12208,RUB,Да,Hurakan,Профоборудование,Электромеханическое,Измельчители,https://entero.ru/item/329859,"<p>Измельчитель <b class=""b""><a style=""text-decoration:none;cursor:text;"" href=""http://entero.ru/item/329859"">Hurakan HKN-SG800</a></b> предназначен для измельчения сухих трав, орехов, сухарей и специй на предприятиях общественного питания и торговли. Модель оснащена таймером. Емкость и крышка изготовлены из нержавеющей стали, корпус - из пластика.</p>

<p><b>Дополнительные характеристики:</b></p>

<ul>
<li>Скорость: 25000 об/мин</li>
<li>Емкость: 1,41 л на 0,8 кг</li>
<li>Габариты в упаковке: 234х234х420 мм</li>
</ul>",329859,220 В,2.4 кВт,300 мм,300 мм,500 мм,10 кг,1,234x234x420 мм,0,https://entero.ru/manuals/415874/%D0%9A%D0%B0%D1%82%D0%B0%D0%BB%D0%BE%D0%B3%20%D0%BE%D0%B1%D0%BE%D1%80%D1%83%D0%B4%D0%BE%D0%B2%D0%B0%D0%BD%D0%B8%D1%8F%20Hurakan.pdf;https://entero.ru/manuals/453881/%D0%98%D0%BD%D1%81%D1%82%D1%80%D1%83%D0%BA%D1%86%D0%B8%D1%8F%20%D0%BD%D0%B0%20Hurakan%20HKN-SG800.pdf;https://entero.ru/manuals/486454/%D0%94%D0%B5%D1%82%D0%B0%D0%BB%D0%B8%D1%80%D0%BE%D0%B2%D0%BA%D0%B0%20%D0%BD%D0%B0%20Hurakan%20HKN-SG800.pdf,13127,,10 кг,,Китай,,для специй и орехов
https://cdn.entero.ru/mp@2x/8b/7e/8b7efe6d7e94d6315d05535cd4a829c7.jpg;https://cdn.entero.ru/mp@2x/6c/6e/6c6e1611ddb4846eac42b0cf4dd09c5c.jpg;https://cdn.entero.ru/mp@2x/70/d8/70d8bfc343a7059be9c30ec5eaaf4e6a.jpg;https://cdn.entero.ru/mp@2x/8e/20/8e2046bf8f0407c9f55b282bb16d0364.jpg;https://cdn.entero.ru/mp@2x/78/de/78debae0edb480d9f9e86b38b9643178.jpg;https://cdn.entero.ru/mp@2x/69/61/6961253ebe9d8f7d451a3270b71a8379.jpg;https://cdn.entero.ru/mp@2x/f4/b2/f4b2442892719f39c847d2e08be99179.jpg,Мельница жерновая Foodatlas HR-2200,Мельница жерновая Foodatlas HR-2200,56859,RUB,Да,Foodatlas,Профоборудование,Электромеханическое,Измельчители,https://entero.ru/item/147270,"<p>Жерновая мельница <a style=""text-decoration:none;cursor:text;"" href=""http://entero.ru/item/147270""><b class=""b"">Foodatlas HR-2200 </b></a>предназначена для измельчения сухих пищевых продуктов в муку или пудру на предприятиях общественного питания и торговли. Модель оснащена системой охлаждения электродвигателя. Корпус и приемочный бункер выполнены из нержавеющей стали, жерновы - из литого чугуна.</p>

<p><b>Характеристики:</b></p>

<ul>
<li>Скорость: 1500 об/мин.</li>
<li>Размер помола: от 50 до 200 мкм</li>
<li>Объем приемной воронки: 4,2 л</li>
<li>Габариты в упаковке: 730х330х340 мм</li>
</ul>",147270,220 В,2.2 кВт,600 мм,320 мм,450 мм,,,,0,https://entero.ru/manuals/173555/%D0%98%D0%BD%D1%81%D1%82%D1%80%D1%83%D0%BA%D1%86%D0%B8%D1%8F%20%D0%BD%D0%B0%20Foodatlas%20HR-2200.pdf;https://entero.ru/manuals/173556/%D0%94%D0%B5%D0%BA%D0%BB%D0%B0%D1%80%D0%B0%D1%86%D0%B8%D1%8F%20%D0%BE%20%D1%81%D0%BE%D0%BE%D1%82%D0%B2%D0%B5%D1%82%D1%81%D1%82%D0%B2%D0%B8%D0%B8%20%D0%BD%D0%B0%20Foodatlas%20HR-2200.pdf,,,46 кг,,Китай,от 30 до 50 кг/час,для специй и орехов
https://cdn.entero.ru/mp@2x/79/bf/79bfaf577acebbcc96f4cd42cd9e836f.jpg,Измельчитель специй Hurakan HKN-SG500,Измельчитель специй Hurakan HKN-SG500,11231,RUB,Да,Hurakan,Профоборудование,Электромеханическое,Измельчители,https://entero.ru/item/329860,"<p>Измельчитель <b class=""b""><a style=""text-decoration:none;cursor:text;"" href=""http://entero.ru/item/329860"">Hurakan HKN-SG500</a></b> предназначен для измельчения сухих трав, орехов, сухарей и специй на предприятиях общественного питания и торговли. Модель оснащена таймером. Емкость и крышка изготовлены из нержавеющей стали, корпус - из пластика.</p>

<p><b>Дополнительные характеристики:</b></p>

<ul>
<li>Скорость: 25000 об/мин</li>
<li>Емкость: 1,41 л на 0,5 кг</li>
</ul>",329860,220 В,2 кВт,198 мм,192 мм,378 мм,5.9 кг,1,220x230x410 мм,7,https://entero.ru/manuals/412361/%D0%9A%D0%B0%D1%82%D0%B0%D0%BB%D0%BE%D0%B3%20%D0%BE%D0%B1%D0%BE%D1%80%D1%83%D0%B4%D0%BE%D0%B2%D0%B0%D0%BD%D0%B8%D1%8F%20Hurakan.pdf;https://entero.ru/manuals/453885/%D0%98%D0%BD%D1%81%D1%82%D1%80%D1%83%D0%BA%D1%86%D0%B8%D1%8F%20%D0%BD%D0%B0%20Hurakan%20HKN-SG500.pdf;https://entero.ru/manuals/486455/%D0%94%D0%B5%D1%82%D0%B0%D0%BB%D0%B8%D1%80%D0%BE%D0%B2%D0%BA%D0%B0%20%D0%BD%D0%B0%20Hurakan%20HKN-SG500.pdf,,,5.2 кг,,Китай,,для специй и орехов
https://cdn.entero.ru/mp@2x/d8/c6/d8c6fef548d54e1035d423bb152e079c.jpg;https://cdn.entero.ru/mp@2x/05/41/0541adb35ac10335b6dc4ae231bc68b9.jpg;https://cdn.entero.ru/mp@2x/0e/66/0e66a702b616db1122230b7b3b273588.jpg;https://cdn.entero.ru/mp@2x/d0/1f/d01fccd590e4d2609b20c6890d8b11dc.jpg,Машина для измельчения хлеба WLBake BM 70,Машина для измельчения хлеба WLBake BM 70,112975,RUB,Да,WLBake,Профоборудование,Электромеханическое,Измельчители,https://entero.ru/item/90451,"<p>Машина для измельчения хлеба <b class=""b""><a style=""text-decoration:none;cursor:text;"" href=""http://entero.ru/item/90451"">WLBake BM 70</a></b> используется на предприятиях общественного питания и торговли, в пекарнях и кондитерских для измельчения сухого и обжаренного хлеба. Модель оснащена высоким загрузочным бункером с ограничителями для безопасности персонала. Бункер и детали, контактирующие с хлебом, выполнены из нержавеющей стали, рамка - из алюминия.</p>

<p>В комплект поставки входят 2 терки с диаметром отверстий 2 и 3 мм.</p>

<p><b>Особенности:</b></p>

<ul>
<li>Встроенная защита двигателя от перегрева</li>
<li>Прорезиненные ножки: устойчивость и отсутствие вибрации</li>
</ul>

<p><b>Дополнительные характеристики:</b></p>

<ul>
<li>Скорость вращения: 2800 об/мин.</li>
</ul>",90451,380 В,0.75 кВт,320 мм,250 мм,1100 мм,30 кг,1,400x200x1000 мм,6,https://entero.ru/manuals/310801/%D0%98%D0%BD%D1%81%D1%82%D1%80%D1%83%D0%BA%D1%86%D0%B8%D1%8F%20%D0%BD%D0%B0%20WLBake%20BM%2070.pdf;https://entero.ru/manuals/513343/%D0%94%D0%B5%D0%BA%D0%BB%D0%B0%D1%80%D0%B0%D1%86%D0%B8%D1%8F%20%D0%BE%20%D1%81%D0%BE%D0%BE%D1%82%D0%B2%D0%B5%D1%82%D1%81%D1%82%D0%B2%D0%B8%D0%B8.pdf,161394,,25 кг,Италия,,70 кг/час,для сухарей
https://cdn.entero.ru/mp@2x/32/b0/32b0e7462205bb09da6a7b51a058a680.jpg,Измельчитель специй Airhot SG-400,Измельчитель специй Airhot SG-400,6553,RUB,Нет,Airhot,Профоборудование,Электромеханическое,Измельчители,https://entero.ru/item/355076,"<p>Настольный электрический измельчитель <b class=""b""><a style=""text-decoration:none;cursor:text;"" href=""http://entero.ru/item/355076"">Airhot SG-400</a></b> используется на предприятиях общественного питания и торговли для измельчения сухих трав, орехов, специй и аналогичных сухих продуктов. Модель оснащена устойчивой базой с нескользящими опорами. Вертикально ориентированный корпус выполнен из нержавеющей стали.</p>

<p><b>Особенности:</b></p>

<ul>
<li>1 скорость</li>
<li>Кнопка аварийной остановки</li>
<li>Компактные габариты для оптимизации пространства</li>
<li>Эргономичный дизайн</li>
</ul>

<p><b>Дополнительные характеристики:</b></p>

<ul>
<li>Частота вращения: 25000 об/мин.</li>
<li>Максимальная загрузка: 0,4 кг</li>
</ul>",355076,220 В,1.8 кВт,200 мм,160 мм,370 мм,5.1 кг,1,220x185x400 мм,0,https://entero.ru/manuals/469584/%D0%98%D0%BD%D1%81%D1%82%D1%80%D1%83%D0%BA%D1%86%D0%B8%D1%8F%20%D0%BD%D0%B0%20Airhot%20SG-400.pdf,,,5 кг,,Китай,,для специй и орехов
https://cdn.entero.ru/mp@2x/b0/49/b0493793333544507f83379be06d22d6.jpg,Мельница коллоидная Hualian JML100,Мельница коллоидная Hualian JML100,196052,RUB,Нет,Hualian,Профоборудование,Электромеханическое,Измельчители,https://entero.ru/item/289973,"<p>Коллоидная мельница <b class=""b""><a style=""text-decoration:none;cursor:text;"" href=""http://entero.ru/item/289973"">Hualian JML100</a> </b>приспользуется на предприятиях промышленности пищевой, фармацевтической и других отраслей, общественного питания и торговли для измельчения продуктов в муку, пудру, пюреобразные или пастообразные продукты путем перетирания между рельефными коническими стенками корпуса и ротора двигателя. Модель оснащена воронкообразной загрузочной емкостью. Загрузочная емкость и прочие соприкасающиеся с продуктом компоненты выполнены из высококачественой нержавеющей стали.</p>

<p><b>Особенности:</b></p>

<ul>
<li>Регулируемая степень помола</li>
<li>Система рециркуляции сырья для эффективной гомогенизации вязких продуктов</li>
<li>Простое управление</li>
<li>Легкость очистки и дезинфекции</li>
<li>Не требующая дополнительных креплений устойчивая конструкция</li>
<li>Компактный габариты для оптимизации рабочего пространства </li>
<li>Эргономичный дизайн</li>
</ul>

<p><b>Дополнительные характеристики:</b>.</p>

<ul>
<li>Частота вращения ротора: 2900 об/мин.</li>
<li>Диапазон степени помола: от 2 до 50 мкм</li>
</ul>

<p><em><span style=""color:#FF0000;"">Внимание! На фото аналогичная модель другого размера.</span></em></p>",289973,380 В,7.5 кВт,460 мм,460 мм,1100 мм,,,,0,,210809,,150 кг,Китай,Китай,от 200 до 2000 кг/час,
https://cdn.entero.ru/mp@2x/b2/8d/b28da03461330747d85e16e7db6fdf26.jpg;https://cdn.entero.ru/mp@2x/f9/ae/f9ae52c06008d337151367b5caeca243.jpg;https://cdn.entero.ru/mp@2x/83/94/8394e6f3b251cc394caa09e4fd2cd9c3.jpg;https://cdn.entero.ru/mp@2x/24/7b/247b79eb3f9ae5524fca3148c6078ba6.jpg;https://cdn.entero.ru/mp@2x/9c/40/9c40aaa7ef012d19247115b030affa70.jpg;https://cdn.entero.ru/mp@2x/bd/a8/bda8c4d87510a007f90b2bddd0f9481a.jpg;https://cdn.entero.ru/mp@2x/1c/d6/1cd6ac0cbad02b455f87c3b5e770036b.jpg;https://cdn.entero.ru/mp@2x/1c/a6/1ca680c166f0fc41be0aa7aa5cf375ae.jpg;https://cdn.entero.ru/mp@2x/cd/24/cd245d7bb5fdd04ca5d06f2b27486cfc.jpg;https://cdn.entero.ru/mp@2x/94/71/94718191eaef01345be9fcfe37303ea3.jpg;https://cdn.entero.ru/mp@2x/db/23/db234801ffcfab0caf24c2bce9fadee8.jpg,Мельница коллоидная Foodatlas HR-100L,Мельница коллоидная Foodatlas HR-100L,45035,RUB,Нет,Foodatlas,Профоборудование,Электромеханическое,Измельчители,https://entero.ru/item/204276,"<p>Коллоидная мельница <a style=""text-decoration:none;cursor:text;"" href=""http://entero.ru/item/204276""><b class=""b"">Foodatlas HR-100L </b></a>предназначена для измельчения пищевых продуктов в муку, пудру или пюреобразные и пастообразные продукты на предприятиях общественного питания и торговли. Корпус и приемочный бункер выполнены из нержавеющей стали.</p>

<p><b>Характеристики:</b>.</p>

<ul>
<li>Скорость вращения: 2850 об/мин.</li>
<li>Количество скоростей: 1</li>
<li>Габариты в упаковке: 410x410x830 мм</li>
</ul>",204276,220 В,1.1 кВт,380 мм,380 мм,800 мм,,,,0,https://entero.ru/manuals/350959/%D0%98%D0%BD%D1%81%D1%82%D1%80%D1%83%D0%BA%D1%86%D0%B8%D1%8F%20%D0%BD%D0%B0%20Foodatlas%20HR-100L.pdf,,,30 кг,,Китай,15 кг/час,
https://cdn.entero.ru/mp@2x/83/fe/83fe4927264678bec31281a0edabd637.jpg;https://cdn.entero.ru/mp@2x/5f/54/5f54f24b6396ce5328b1920d144f5a03.jpg;https://cdn.entero.ru/mp@2x/ad/44/ad440471b59023f213ecd17d1ffd445b.jpg;https://cdn.entero.ru/mp@2x/5f/63/5f63e9bdd5dfc747a04d8a4e78d3981a.jpg;https://cdn.entero.ru/mp@2x/91/f1/91f15701fb01670a99a2a811e7cf00c9.jpg;https://cdn.entero.ru/mp@2x/5f/85/5f8558269939b286e9f5ad040740c07c.jpg;https://cdn.entero.ru/mp@2x/98/fb/98fbb491053efc699de4178951b1573c.jpg;https://cdn.entero.ru/mp@2x/10/e8/10e8fae9f9f46516e1e2c10c53684ac1.jpg;https://cdn.entero.ru/mp@2x/61/0c/610c4ac187fdcbc945bc44e9669e9779.jpg;https://cdn.entero.ru/mp@2x/4d/a7/4da7fc0159cd9fe225241aad5e74a256.jpg;https://cdn.entero.ru/mp@2x/0f/13/0f13f9562e4125686d1cc3b772b1792b.jpg,Мельница коллоидная Foodatlas HR-160L,Мельница коллоидная Foodatlas HR-160L,60618,RUB,Нет,Foodatlas,Профоборудование,Электромеханическое,Измельчители,https://entero.ru/item/204282,"<p>Коллоидная мельница <a style=""text-decoration:none;cursor:text;"" href=""http://entero.ru/item/204282""><b class=""b"">Foodatlas HR-160L </b></a>предназначена для измельчения пищевых продуктов в муку, пудру или пюреобразные и пастообразные продукты на предприятиях общественного питания и торговли. Корпус и приемочный бункер выполнены из нержавеющей стали.</p>

<p><b>Характеристики:</b>.</p>

<ul>
<li>Скорость вращения: 2850 об/мин.</li>
<li>Количество скоростей: 1</li>
<li>Габариты в упаковке: 450x450x870 мм</li>
</ul>",204282,220 В,1.5 кВт,420 мм,420 мм,840 мм,,,,0,https://entero.ru/manuals/350958/%D0%98%D0%BD%D1%81%D1%82%D1%80%D1%83%D0%BA%D1%86%D0%B8%D1%8F%20%D0%BD%D0%B0%20Foodatlas%20HR-160L.pdf,63808,https://vk.com/video_ext.php?oid=-177656185&id=456239791&hd=2&autoplay=0,40 кг,,Китай,35 кг/час,
https://cdn.entero.ru/mp@2x/c1/56/c156fe1f804e3edd03e4b80588fc8cdb.jpg,Мельница коллоидная Hualian JML60,Мельница коллоидная Hualian JML60,102488,RUB,Нет,Hualian,Профоборудование,Электромеханическое,Измельчители,https://entero.ru/item/289975,"<p>Коллоидная мельница <b class=""b""><a style=""text-decoration:none;cursor:text;"" href=""http://entero.ru/item/289975"">Hualian JML60</a> </b>приспользуется на предприятиях промышленности пищевой, фармацевтической и других отраслей, общественного питания и торговли для измельчения продуктов в муку, пудру, пюреобразные или пастообразные продукты путем перетирания между рельефными коническими стенками корпуса и ротора двигателя. Модель оснащена воронкообразной загрузочной емкостью. Загрузочная емкость и прочие соприкасающиеся с продуктом компоненты выполнены из высококачественой нержавеющей стали.</p>

<p><b>Особенности:</b></p>

<ul>
<li>Регулируемая степень помола</li>
<li>Система рециркуляции сырья для эффективной гомогенизации вязких продуктов</li>
<li>Простое управление</li>
<li>Легкость очистки и дезинфекции</li>
<li>Не требующая дополнительных креплений устойчивая конструкция</li>
<li>Компактный габариты для оптимизации рабочего пространства </li>
<li>Эргономичный дизайн</li>
</ul>

<p><b>Дополнительные характеристики:</b>.</p>

<ul>
<li>Частота вращения ротора: 2900 об/мин.</li>
<li>Диапазон степени помола: от 10 до 100 мкм</li>
</ul>

<p><em><span style=""color:#FF0000;"">Внимание! На фото аналогичная модель другого размера.</span></em></p>",289975,380 В,2.2 кВт,350 мм,350 мм,700 мм,,,,0,,110202,,80 кг,Китай,Китай,от 100 до 500 кг/час,
https://cdn.entero.ru/mp@2x/9a/0d/9a0dd09b6266826cbdf8688517481bc0.jpg,Микромельница Станкостроитель ММ-10,Микромельница Станкостроитель ММ-10,206325,RUB,Нет,Станкостроитель,Профоборудование,Электромеханическое,Измельчители,https://entero.ru/item/22779,"<p>Микромельница <b class=""b""><a style=""text-decoration:none;cursor:text;"" href=""http://entero.ru/item/22779"">Станкостроитель ММ-10</a> </b>используется на предприятиях общественного питания и торговли для измельчения сахара в пудру, а также для помола зерен кофе и перца.</p>

<p><b>Дополнительные характеристики:</b></p>

<ul>
<li>Потребляемая мощность: 5,5 кВт</li>
<li>Скорость вращения ротора: 4750 об/мин.</li>
<li>Максимальная влажность сахарного песка: 0,2%</li>
<li>Состав пудры:
<ul>
<li>Размер частиц до 100 мкм: 75%</li>
<li>Размер частиц от 100 до 300 мкм: 25%</li>
</ul>
</li>
</ul>",22779,380 В,,820 мм,1270 мм,860 мм,,,,0,https://entero.ru/manuals/310046/%D0%9F%D0%B0%D1%81%D0%BF%D0%BE%D1%80%D1%82%20%D0%BD%D0%B0%20%D0%A1%D1%82%D0%B0%D0%BD%D0%BA%D0%BE%D1%81%D1%82%D1%80%D0%BE%D0%B8%D1%82%D0%B5%D0%BB%D1%8C%20%D0%9C%D0%9C-10.pdf;https://entero.ru/manuals/310047/%D0%94%D0%B5%D0%BA%D0%BB%D0%B0%D1%80%D0%B0%D1%86%D0%B8%D1%8F%20%D0%BE%20%D1%81%D0%BE%D0%BE%D1%82%D0%B2%D0%B5%D1%82%D1%81%D1%82%D0%B2%D0%B8%D0%B8.pdf,214922,,215 кг,,Россия,400 кг/час,для сахара
https://cdn.entero.ru/mp@2x/03/26/0326797959d10ca2f88c632c54377718.jpg,Измельчитель специй Foodatlas HR-04В,Измельчитель специй Foodatlas HR-04В,6245,RUB,Нет,Foodatlas,Профоборудование,Электромеханическое,Измельчители,https://entero.ru/item/345151,"<p>Настольный электрический измельчитель <b class=""b""><a style=""text-decoration:none;cursor:text;"" href=""http://entero.ru/item/345151"">Foodatlas HR-04В</a> </b>используется на предприятиях общественного питания и торговли для измельчения сухих трав, орехов, специй и аналогичных сухих продуктов. Корпус, бункер и ножи выполнены из нержавеющей стали, упаковка – картонная коробка.</p>

<p>В комплект поставки входят 2 длинных и 2 коротких ножа.</p>

<p><b>Особенности:</b></p>

<ul>
<li>1 скорость</li>
<li>Кнопка аварийной остановки</li>
<li>Устойчивые нескользящие опоры</li>
<li>Компактные габариты для оптимизации пространства</li>
<li>Эргономичный дизайн</li>
</ul>

<p><b>Дополнительные характеристики:</b></p>

<ul>
<li>Частота вращения: 28000 об/мин.</li>
<li>Объем бункера: 0,7 л</li>
<li>Максимальная загрузка: 0,25 кг</li>
</ul>",345151,220 В,1.2 кВт,178 мм,162 мм,361 мм,3 кг,1,196x196x394 мм,0,https://entero.ru/manuals/421601/%D0%9A%D0%B0%D1%82%D0%B0%D0%BB%D0%BE%D0%B3%20%D0%BE%D0%B1%D0%BE%D1%80%D1%83%D0%B4%D0%BE%D0%B2%D0%B0%D0%BD%D0%B8%D1%8F%20Foodatlas.pdf,,,2.4 кг,,Китай,3 кг/час,для специй и орехов
https://cdn.entero.ru/mp@2x/f3/0a/f30aa2fa91fc5660d42e6814d29f276a.jpg,Измельчитель для специй и орехов Foodatlas G300,G300 Foodatlas,8870,RUB,Нет,Foodatlas,Профоборудование,Электромеханическое,Измельчители,https://entero.ru/item/120173,"<p>Измельчитель <b class=""b""><a style=""text-decoration:none;cursor:text;"" href=""http://entero.ru/item/120173"">Foodatlas G300</a> </b>используется на предприятиях общественного питания и торговли для измельчения сухих трав, сухарей, орехов и специй. Модель оснащена верхней крышкой с ручкой, таймером, антивибрационной подкладкой, лезвием и угольной щеткой. Механизм выполнен из нержавеющей стали.</p>

<p><b>Дополнительные характеристики:</b></p>

<ul>
<li>Габариты в упаковке: 215x215x380 мм</li>
</ul>",120173,220 В,1.3 кВт,200 мм,200 мм,365 мм,,,,0,https://entero.ru/manuals/123805/%D0%98%D0%BD%D1%81%D1%82%D1%80%D1%83%D0%BA%D1%86%D0%B8%D1%8F%20%D0%BD%D0%B0%20Foodatlas%20G300.pdf,11671,,3.5 кг,,Китай,,"для специй и орехов, для сухарей"
https://cdn.entero.ru/mp@2x/6a/57/6a574847ee4335487f4ac4afb3c57592.jpg,Измельчитель для специй и орехов Foodatlas G1000Y,G1000Y Foodatlas,16112,RUB,Нет,Foodatlas,Профоборудование,Электромеханическое,Измельчители,https://entero.ru/item/120171,"<p>Измельчитель <b class=""b""><a style=""text-decoration:none;cursor:text;"" href=""http://entero.ru/item/120171"">Foodatlas G1000Y</a> </b>используется на предприятиях общественного питания и торговли для измельчения сухих трав, сухарей, орехов и специй. <span style=""font-size: 12px;"">Модель оснащена верхней крышкой с ручкой, таймером, антивибрационной подкладкой, лезвием и угольной щеткой. Механизм выполнен из нержавеющей стали.</span></p>

<p><b>Дополнительные характеристики:</b></p>

<ul>
<li>Габариты в упаковке: 230x230x390 мм</li>
</ul>",120171,220 В,3 кВт,215 мм,215 мм,365 мм,,,,0,https://entero.ru/manuals/123804/%D0%98%D0%BD%D1%81%D1%82%D1%80%D1%83%D0%BA%D1%86%D0%B8%D1%8F%20%D0%BD%D0%B0%20Foodatlas%20G1000Y.pdf,17140,,7.2 кг,,Китай,,"для специй и орехов, для сухарей"
https://entero.ru/i/nofoto-m.jpg,Измельчитель для специй и орехов Foodatlas HR-50A,Измельчитель для специй и орехов Foodatlas HR-50A,17751,RUB,Нет,Foodatlas,Профоборудование,Электромеханическое,Измельчители,https://entero.ru/item/314455,"<p>Измельчитель <b class=""b""><a style=""text-decoration:none;cursor:text;"" href=""http://entero.ru/item/314455"">Foodatlas HR-50A</a></b> используется на предприятиях общественного питания и торговли для измельчения сухих трав, сухарей, орехов и специй. Корпус, чаша и ножи выполнены из нержавеющей стали.</p>

<p>В комплект поставки входят 2 длинных и 2 коротких ножа.</p>

<p><b>Особенности:</b></p>

<ul>
<li>Кнопка экстренной остановки</li>
</ul>

<p><b>Дополнительные характеристики:</b></p>

<ul>
<li>Максимальная загрузка чаши: 2,5 кг</li>
<li>Объем загрузочного бункера: 5,3 л</li>
<li>Количество скоростей: 1</li>
<li>Скорость вращения: 25000 об/мин.</li>
<li>Габариты в упаковке: 340x330x495 мм</li>
</ul>",314455,220 В,2.4 кВт,285 мм,265 мм,390 мм,,,,0,,,,9.5 кг,Китай,Китай,25 кг/час,для специй и орехов
https://cdn.entero.ru/mp@2x/4c/c0/4cc0eae9ff997b1443a31f6b7d641cc0.jpg,Дробилка молотковая Foodatlas LS-20,Дробилка молотковая Foodatlas LS-20,49597,RUB,Нет,Foodatlas,Профоборудование,Электромеханическое,Измельчители,https://entero.ru/item/360102,"<p>Молотковая дробилка Foodatlas LS-20 предназначена для измельчения твердых зерен, включая кофе, кунжут, грецкий орех, рис, черный рис с косточкой, сою, бобы и другие продукты на предприятиях общественного питания и торговли. Изделие выполнено из нержавеющей стали.</p>

<p><b>Особенности:</b></p>

<ul>
<li>Работа по принципу ударного воздействия: равномерный помол без крупных частиц и комков</li>
<li>Возможность регулировки степени помола</li>
<li>Компактный размер</li>
<li>Простота в использовании и обслуживании</li>
</ul>

<p><b>Дополнительные характеристики:</b></p>

<ul>
<li>Размер помола: от 60 до 150 um</li>
<li>Производительность: от до 300 до 500 кг/час</li>
<li>Скорость: 2840 об./мин.</li>
<li>Габариты в упаковке: 630х390х310 мм</li>
</ul>",360102,220 В,1.5 кВт,500 мм,180 мм,580 мм,27 кг,1,630x390x310 мм,0,,52763,,25 кг,,Китай,30 кг/час,для специй и орехов
https://cdn.entero.ru/mp@2x/30/63/30630fa412e3e9a35866d584628e0bd0.jpg,Мельница коллоидная Hualian JMV50-a,Мельница коллоидная Hualian JMV50-a,130640,RUB,Нет,Hualian,Профоборудование,Электромеханическое,Измельчители,https://entero.ru/item/296442,"<p>Коллоидная мельница <b class=""b""><a style=""text-decoration:none;cursor:text;"" href=""http://entero.ru/item/296442"">Hualian JMV50-a</a> </b>используется на предприятиях промышленности пищевой, фармацевтической и других отраслей, общественного питания и торговли для гомогенизирования, превращения в эмульсию, разделения и смешивания жидкостных и полужидких материалов путем резки, размалывания и тряски благодаря эффекту центробежной силы и соразмерно высокой скорости между постоянным и вращающимся механизмом. Оборудование выполнено из нержавеющей стали.</p>

<p><b>Дополнительные характеристики:</b>.</p>

<ul>
<li>Объем бункера: 10 л</li>
<li>Тонкость помола: от 50 до 500 мкм</li>
<li>Скорость вращения главного вала: 6000 об./мин. </li>
</ul>",296442,220 В,2.2 кВт,600 мм,330 мм,650 мм,,,,0,,,,110 кг,,Китай,от 500 до 1000 кг/час,
https://cdn.entero.ru/mp@2x/cc/1e/cc1ec07ac6d1cd33be443a5c64e9dc55.jpg,Мельница коллоидная Hualian JMV50-b,Мельница коллоидная Hualian JMV50-b,144992,RUB,Нет,Hualian,Профоборудование,Электромеханическое,Измельчители,https://entero.ru/item/296443,"<p>Коллоидная мельница <b class=""b""><a style=""text-decoration:none;cursor:text;"" href=""http://entero.ru/item/296443"">Hualian JMV50-b</a> </b>используется на предприятиях промышленности пищевой, фармацевтической и других отраслей, общественного питания и торговли для гомогенизирования, превращения в эмульсию, разделения и смешивания жидкостных и полужидких материалов путем резки, размалывания и тряски благодаря эффекту центробежной силы и соразмерно высокой скорости между постоянным и вращающимся механизмом. Оборудование выполнено из нержавеющей стали.</p>

<p><b>Дополнительные характеристики:</b>.</p>

<ul>
<li>Объем бункера: 10 л</li>
<li>Тонкость помола: от 50 до 500 мкм</li>
<li>Скорость вращения главного вала: 6000 об./мин. </li>
</ul>",296443,220 В,1.1 кВт,900 мм,450 мм,1000 мм,,,,0,,,,110 кг,,Китай,от 500 до 1000 кг/час,
https://cdn.entero.ru/mp@2x/3a/60/3a60380abd3b5aacd614ae353a9605b2.jpg,Мельница коллоидная Hualian JMV100,Мельница коллоидная Hualian JMV100,233864,RUB,Нет,Hualian,Профоборудование,Электромеханическое,Измельчители,https://entero.ru/item/296230,"<p>Коллоидная мельница <b class=""b""><a style=""text-decoration:none;cursor:text;"" href=""http://entero.ru/item/296230"">Hualian JMV100</a> </b>используется на предприятиях промышленности пищевой, фармацевтической и других отраслей, общественного питания и торговли для гомогенизирования, превращения в эмульсию, разделения и смешивания жидкостных и полужидких материалов путем резки, размалывания и тряски благодаря эффекту центробежной силы и соразмерно высокой скорости между постоянным и вращающимся механизмом. Оборудование выполнено из нержавеющей стали.</p>

<p><b>Дополнительные характеристики:</b>.</p>

<ul>
<li>Объем бункера: 15 л</li>
<li>Тонкость помола: от 15 до 500 мкм</li>
<li>Скорость вращения главного вала: 4500 об./мин. </li>
</ul>",296230,380 В,4 кВт,700 мм,350 мм,750 мм,,,,0,,,,180 кг,,Китай,от 250 до 2500 кг/час,
https://cdn.entero.ru/mp@2x/f5/dd/f5dd76508b3326cd6a57445383e8bd85.jpg,Мельница коллоидная Hualian JML130,Мельница коллоидная Hualian JML130,262752,RUB,Нет,Hualian,Профоборудование,Электромеханическое,Измельчители,https://entero.ru/item/289974,"<p>Коллоидная мельница <b class=""b""><a style=""text-decoration:none;cursor:text;"" href=""http://entero.ru/item/289974"">Hualian JML130</a> </b>приспользуется на предприятиях промышленности пищевой, фармацевтической и других отраслей, общественного питания и торговли для измельчения продуктов в муку, пудру, пюреобразные или пастообразные продукты путем перетирания между рельефными коническими стенками корпуса и ротора двигателя. Модель оснащена воронкообразной загрузочной емкостью. Загрузочная емкость и прочие соприкасающиеся с продуктом компоненты выполнены из высококачественой нержавеющей стали.</p>

<p><b>Особенности:</b></p>

<ul>
<li>Регулируемая степень помола</li>
<li>Система рециркуляции сырья для эффективной гомогенизации вязких продуктов</li>
<li>Простое управление</li>
<li>Легкость очистки и дезинфекции</li>
<li>Не требующая дополнительных креплений устойчивая конструкция</li>
<li>Компактный габариты для оптимизации рабочего пространства </li>
<li>Эргономичный дизайн</li>
</ul>

<p><b>Дополнительные характеристики:</b>.</p>

<ul>
<li>Частота вращения ротора: 2900 об/мин.</li>
<li>Диапазон степени помола: от 2 до 50 мкм</li>
</ul>

<p><em><span style=""color:#FF0000;"">Внимание! На фото аналогичная модель другого размера.</span></em></p>",289974,380 В,7.5 кВт,460 мм,460 мм,1100 мм,,,,0,,285600,,205 кг,Китай,Китай,от 1000 до 4000 кг/час,
https://cdn.entero.ru/mp@2x/a8/27/a8279c99731607aa69d44a6ba95bea73.jpg,Мельница коллоидная Hualian JMV130-b,Мельница коллоидная Hualian JMV130-b,304060,RUB,Нет,Hualian,Профоборудование,Электромеханическое,Измельчители,https://entero.ru/item/296445,"<p>Коллоидная мельница <b class=""b""><a style=""text-decoration:none;cursor:text;"" href=""http://entero.ru/item/296445"">Hualian JMV130-b</a> </b>используется на предприятиях промышленности пищевой, фармацевтической и других отраслей, общественного питания и торговли для гомогенизирования, превращения в эмульсию, разделения и смешивания жидкостных и полужидких материалов путем резки, размалывания и тряски благодаря эффекту центробежной силы и соразмерно высокой скорости между постоянным и вращающимся механизмом. Оборудование выполнено из нержавеющей стали.</p>

<p><b>Дополнительные характеристики:</b>.</p>

<ul>
<li>Объем бункера: 20 л</li>
<li>Тонкость помола: от 50 до 500 мкм</li>
<li>Скорость вращения главного вала: 2900 об./мин. </li>
</ul>",296445,220 В,7.5 кВт,850 мм,400 мм,950 мм,,,,0,,316729,,285 кг,,Китай,от 1000 до 1400 кг/час,
https://cdn.entero.ru/mp@2x/7e/a9/7ea9cf4be760ce08aa2c05476683ab5d.jpg,Мельница коллоидная Hualian JMV130-a,Мельница коллоидная Hualian JMV130-a,340768,RUB,Нет,Hualian,Профоборудование,Электромеханическое,Измельчители,https://entero.ru/item/296444,"<p>Коллоидная мельница <b class=""b""><a style=""text-decoration:none;cursor:text;"" href=""http://entero.ru/item/296444"">Hualian JMV130-a</a> </b>используется на предприятиях промышленности пищевой, фармацевтической и других отраслей, общественного питания и торговли для гомогенизирования, превращения в эмульсию, разделения и смешивания жидкостных и полужидких материалов путем резки, размалывания и тряски благодаря эффекту центробежной силы и соразмерно высокой скорости между постоянным и вращающимся механизмом. Оборудование выполнено из нержавеющей стали.</p>

<p><b>Дополнительные характеристики:</b>.</p>

<ul>
<li>Объем бункера: 20 л</li>
<li>Тонкость помола: от 50 до 500 мкм</li>
<li>Скорость вращения главного вала: 2900 об./мин. </li>
</ul>",296444,220 В,1.1 кВт,850 мм,400 мм,950 мм,,,,0,,366417,,305 кг,,Китай,от 1000 до 1400 кг/час,
https://cdn.entero.ru/mp@2x/e4/0c/e40c940b65b8169649e7841495e97b38.jpg,Мельница коллоидная Hualian JMV140,Мельница коллоидная Hualian JMV140,343804,RUB,Нет,Hualian,Профоборудование,Электромеханическое,Измельчители,https://entero.ru/item/296359,"<p>Коллоидная мельница <b class=""b""><a style=""text-decoration:none;cursor:text;"" href=""http://entero.ru/item/296359"">Hualian JMV140</a> </b>используется на предприятиях промышленности пищевой, фармацевтической и других отраслей, общественного питания и торговли для гомогенизирования, превращения в эмульсию, разделения и смешивания жидкостных и полужидких материалов путем резки, размалывания и тряски благодаря эффекту центробежной силы и соразмерно высокой скорости между постоянным и вращающимся механизмом. Оборудование выполнено из нержавеющей стали.</p>

<p><b>Дополнительные характеристики:</b>.</p>

<ul>
<li>Объем бункера: 20 л</li>
<li>Тонкость помола: от 50 до 500 мкм</li>
<li>Скорость вращения главного вала: 2900 об./мин. </li>
</ul>",296359,380 В,11 кВт,900 мм,450 мм,1000 мм,,,,0,,361899,,315 кг,,,от 1000 до 4500 кг/час,
https://cdn.entero.ru/mp@2x/f4/6a/f46a2d1d1aeaa1231d65c8850837b6aa.jpg,Мельница коллоидная Hualian JMV150,Мельница коллоидная Hualian JMV150,368368,RUB,Нет,Hualian,Профоборудование,Электромеханическое,Измельчители,https://entero.ru/item/296358,"<p>Коллоидная мельница <b class=""b""><a style=""text-decoration:none;cursor:text;"" href=""http://entero.ru/item/296358"">Hualian JMV150</a> </b>используется на предприятиях промышленности пищевой, фармацевтической и других отраслей, общественного питания и торговли для гомогенизирования, превращения в эмульсию, разделения и смешивания жидкостных и полужидких материалов путем резки, размалывания и тряски благодаря эффекту центробежной силы и соразмерно высокой скорости между постоянным и вращающимся механизмом. Оборудование выполнено из нержавеющей стали.</p>

<p><b>Дополнительные характеристики:</b>.</p>

<ul>
<li>Объем бункера: 20 л</li>
<li>Тонкость помола: от 50 до 500 мкм</li>
<li>Скорость вращения главного вала: 2900 об./мин. </li>
</ul>",296358,380 В,15 кВт,900 мм,450 мм,1000 мм,,,,0,,,,330 кг,,Китай,от 1000 до 5000 кг/час,
https://cdn.entero.ru/mp@2x/b9/53/b953d9003dd55ae7be7b800a5b33c9d1.jpg,Машина для измельчения сухарей Pavoni TORNADOS,Машина для измельчения сухарей Pavoni TORNADOS,0,RUB,Нет,Pavoni,Профоборудование,Электромеханическое,Измельчители,https://entero.ru/item/32103,"<p>Машина для измельчения сухарей​ <b class=""b""><a style=""text-decoration:none;cursor:text;"" href=""http://entero.ru/item/32103"">Pavoni TORNADOS</a></b> используется в пекарнях и кондитерских, на предприятиях пищевой промышленности и общественного питания. Изделие позволяет измельчить черствую хлебобулочную и кондитерскую продукцию. Детали, контактирующие с продуктами, выполнены из нержавеющей стали.</p>

<p>В комплект поставки входят 3 сита разных степеней помола.</p>",32103,220 В,от 0.75 до 120 кВт,500 мм,500 мм,950 мм,30 кг,1,500x500x950 мм,0,https://entero.ru/manuals/71995/%D0%9A%D0%B0%D1%82%D0%B0%D0%BB%D0%BE%D0%B3%20%D0%BE%D0%B1%D0%BE%D1%80%D1%83%D0%B4%D0%BE%D0%B2%D0%B0%D0%BD%D0%B8%D1%8F%20Pavoni%20%28%D0%B0%D0%BD%D0%B3%D0%BB.%29.pdf,,,25 кг,Италия,,от 100 до 120 кг/час,для сухарей
https://cdn.entero.ru/mp@2x/8c/77/8c77091f9d161863245361096e917dfd.jpg,Машина для измельчения сухарей Pavoni SURERGHIBLI,Машина для измельчения сухарей Pavoni SURERGHIBLI,0,RUB,Нет,Pavoni,Профоборудование,Электромеханическое,Измельчители,https://entero.ru/item/202262,"<p>Машина для измельчения сухарей <a style=""text-decoration:none;cursor:text;"" href=""http://entero.ru/item/202262""><b class=""b"">PAVONI SURERGHIBLI</b></a> используется в пекарнях и кондитерских, на предприятиях пищевой промышленности и общественного питания для измельчения хлебопекарной и кондитерской продукции. Модель оснащена защитным конусом. Загрузочный бункер и камера для измельчения выполнены из нержавеющей стали.</p>

<p>В комплект поставки входят 4 сита различного размера.</p>

<p><b>Дополнительные характеристики:</b></p>

<ul>
<li>Диаметр бункера: 600 мм</li>
<li>Габариты в упаковке: 600х730х1400 мм</li>
</ul>",202262,380 В,2.2 кВт,550 мм,680 мм,1350 мм,95 кг,1,600x730x1400 мм,0,https://entero.ru/manuals/237264/%D0%9A%D0%B0%D1%82%D0%B0%D0%BB%D0%BE%D0%B3%20%D0%BE%D0%B1%D0%BE%D1%80%D1%83%D0%B4%D0%BE%D0%B2%D0%B0%D0%BD%D0%B8%D1%8F%20Pavoni%20%28%D0%B0%D0%BD%D0%B3%D0%BB.%29.pdf,,,80 кг,Италия,,от 250 до 300 кг/час,для сухарей
https://cdn.entero.ru/mp@2x/91/70/9170f701bfa752e1b616ab0d570477ea.jpg;https://cdn.entero.ru/mp@2x/e6/b7/e6b70df517207d287fee9732447874d2.jpg;https://cdn.entero.ru/mp@2x/b8/98/b898e4596a477ff03cf8688bbc7415fe.jpg;https://cdn.entero.ru/mp@2x/b3/42/b3427a1f93c26c8300a5bb834e76c322.jpg,Щетки электродвигателя Foodatlas HR-30B/50B,Щетки электродвигателя Foodatlas HR-30B/50B,411,RUB,Да,Foodatlas,Профоборудование,Электромеханическое,Измельчители,https://entero.ru/item/360273,"<p>Щетки электродвигателя <a style=""text-decoration:none;cursor:text;"" href=""http://entero.ru/item/360273""><b class=""b"">Foodatlas </b></a>предназначены для совместного использования с измельчителем <a href=""https://entero.ru/item/147189"" target=""_blank"">HR-030В</a> на предприятиях общественного питания и торговли.</p>",360273,,,,,,,,,0,,555,,,,,,
