Изображения,Название,Артикул,Цена,Валюта,Наличие,Бренд,Категория,Подкатегория,URL,Описание,Код товара,Ширина,Глубина,Высота,Остаток,Родина бренда,Страна-производитель,Тип полок
https://cdn.entero.ru/mp@2x/6b/e8/6be8a8a3826d542c788c2328c782f6d5.jpg;https://cdn.entero.ru/mp@2x/8e/31/8e31d2c1dde29925a86671ac2ee18925.jpg;https://cdn.entero.ru/mp@2x/e2/bf/e2bfc76ea6be0cd3b0524637d2d2a74b.jpg,Стеллаж производственный КОБОР Expert MR4-80/40,320001,15026,RUB,Нет,КОБОР,Промышленная мебель,Стеллажи,https://entero.ru/item/373775,"<p>Стеллаж <a style=""text-decoration:none;cursor:text;"" href=""http://entero.ru/item/373775""><b class=""b"">Kobor Expert MR4-80/40</b></a> предназначен для хранения инструментов, инвентаря, комплектующих, расходных материалов, штучных изделий или тарированных мелких грузов в производственных, складских и подсобных помещениях предприятий различных отраслей, мастерских и гаражах, а также для хранения документации в офисах и архивах. Модель оснащена 4 сплошными полками. Полки выполнены из стали с покрытием порошковой краской черного цвета (RAL 9005) с текстурой муар и усилены подштамповками, каркасные стойки – из стального профиля с порошковой краской светло-серого оттенка (RAL 7035) с текстурой муар.</p>

<p><b>Особенности:</b></p>

<ul>
<li>Разборная конструкция</li>
<li>Регулировка высоты полок</li>
<li>Регулируемые по высоте подпятники для компенсации неровностей пола</li>
<li>Повышенные жесткость и устойчивость конструкции</li>
<li>Износостойкое антикоррозийное покрытие</li>
<li>Быстрые сборка и демонтаж</li>
<li>Эргономичный минималистичный дизайн</li>
</ul>

<p><b>Дополнительные характеристики:</b></p>

<ul>
<li>Толщина стали:
<ul>
<li>Полки: 1,2 мм</li>
<li>Каркасные стойки: 2 мм</li>
</ul>
</li>
</ul>

<p><em><span style=""color:#FF0000;"">Внимание! На фото аналогичная модель другого размера.</span></em></p>",373775,800 мм,400 мм,1800 мм,0,Россия,Россия,сплошные
https://cdn.entero.ru/mp@2x/7f/56/7f561dacb381cc90382c03f228a0a886.jpg;https://cdn.entero.ru/mp@2x/b6/af/b6afaa6279d59eaba98655f9b2bc0953.jpg;https://cdn.entero.ru/mp@2x/ee/ae/eeae5a214cc2a97b92ce50c69535178a.jpg,Стеллаж производственный КОБОР Expert MRP4-80/40,320019,15440,RUB,Нет,КОБОР,Промышленная мебель,Стеллажи,https://entero.ru/item/373851,"<p>Стеллаж <a style=""text-decoration:none;cursor:text;"" href=""http://entero.ru/item/373851""><b class=""b"">Kobor Expert MRP4-80/40</b></a> предназначен для хранения инструментов, инвентаря, комплектующих, расходных материалов, штучных изделий или тарированных мелких грузов в производственных, складских и подсобных помещениях предприятий различных отраслей, мастерских и гаражах, а также для хранения документации в офисах и архивах. Модель оснащена 4 перфорированными полками. Полки выполнены из стали с продольным усилением и покрытием порошковой краской черного цвета (RAL 9005) с текстурой муар, каркасные стойки – из стального профиля с порошковой краской светло-серого оттенка (RAL 7035) с текстурой муар.</p>

<p><b>Особенности:</b></p>

<ul>
<li>Разборная конструкция</li>
<li>Регулировка высоты полок</li>
<li>Регулируемые по высоте подпятники для компенсации неровностей пола</li>
<li>Оптимальная вентиляция, предотвращение накопления пыли и влаги благодаря перфорированной конструкции полок</li>
<li>Повышенные жесткость и устойчивость конструкции</li>
<li>Износостойкое антикоррозийное покрытие</li>
<li>Быстрые сборка и демонтаж</li>
<li>Эргономичный минималистичный дизайн</li>
</ul>

<p><b>Дополнительные характеристики:</b></p>

<ul>
<li>Толщина стали:
<ul>
<li>Полки: 1,2 мм</li>
<li>Каркасные стойки: 2 мм</li>
</ul>
</li>
</ul>

<p><em><span style=""color:#FF0000;"">Внимание! На фото аналогичная модель другого размера.</span></em></p>",373851,800 мм,400 мм,1800 мм,0,Россия,Россия,перфорированные
https://cdn.entero.ru/mp@2x/a3/59/a359f5ede1029ee6bcd37fd203797910.jpg;https://cdn.entero.ru/mp@2x/80/ea/80ea1acc0d804b0cde208abd71ba6c1c.jpg;https://cdn.entero.ru/mp@2x/41/50/41502b3ffe68d7ae3cac4f0f1ace77e5.jpg,Стеллаж производственный КОБОР Expert MR4-90/40,320002,15731,RUB,Нет,КОБОР,Промышленная мебель,Стеллажи,https://entero.ru/item/373833,"<p>Стеллаж <a style=""text-decoration:none;cursor:text;"" href=""http://entero.ru/item/373833""><b class=""b"">Kobor Expert MR4-90/40</b></a> предназначен для хранения инструментов, инвентаря, комплектующих, расходных материалов, штучных изделий или тарированных мелких грузов в производственных, складских и подсобных помещениях предприятий различных отраслей, мастерских и гаражах, а также для хранения документации в офисах и архивах. Модель оснащена 4 сплошными полками. Полки выполнены из стали с покрытием порошковой краской черного цвета (RAL 9005) с текстурой муар и усилены подштамповками, каркасные стойки – из стального профиля с порошковой краской светло-серого оттенка (RAL 7035) с текстурой муар.</p>

<p><b>Особенности:</b></p>

<ul>
<li>Разборная конструкция</li>
<li>Регулировка высоты полок</li>
<li>Регулируемые по высоте подпятники для компенсации неровностей пола</li>
<li>Повышенные жесткость и устойчивость конструкции</li>
<li>Износостойкое антикоррозийное покрытие</li>
<li>Быстрые сборка и демонтаж</li>
<li>Эргономичный минималистичный дизайн</li>
</ul>

<p><b>Дополнительные характеристики:</b></p>

<ul>
<li>Толщина стали:
<ul>
<li>Полки: 1,2 мм</li>
<li>Каркасные стойки: 2 мм</li>
</ul>
</li>
</ul>

<p><em><span style=""color:#FF0000;"">Внимание! На фото аналогичная модель другого размера.</span></em></p>",373833,900 мм,400 мм,1800 мм,0,Россия,Россия,сплошные
https://cdn.entero.ru/mp@2x/fa/3e/fa3e22f3f7b6dc92892bb6f0fd19457d.jpg;https://cdn.entero.ru/mp@2x/ef/ad/efad7767aab200cea6614be120a08819.jpg;https://cdn.entero.ru/mp@2x/3e/ae/3eae384e5105c5aa7d2c09fbd7502518.jpg,Стеллаж производственный КОБОР Expert MRP4-90/40,320020,16162,RUB,Нет,КОБОР,Промышленная мебель,Стеллажи,https://entero.ru/item/373852,"<p>Стеллаж <a style=""text-decoration:none;cursor:text;"" href=""http://entero.ru/item/373852""><b class=""b"">Kobor Expert MRP4-90/40</b></a> предназначен для хранения инструментов, инвентаря, комплектующих, расходных материалов, штучных изделий или тарированных мелких грузов в производственных, складских и подсобных помещениях предприятий различных отраслей, мастерских и гаражах, а также для хранения документации в офисах и архивах. Модель оснащена 4 перфорированными полками. Полки выполнены из стали с продольным усилением и покрытием порошковой краской черного цвета (RAL 9005) с текстурой муар, каркасные стойки – из стального профиля с порошковой краской светло-серого оттенка (RAL 7035) с текстурой муар.</p>

<p><b>Особенности:</b></p>

<ul>
<li>Разборная конструкция</li>
<li>Регулировка высоты полок</li>
<li>Регулируемые по высоте подпятники для компенсации неровностей пола</li>
<li>Оптимальная вентиляция, предотвращение накопления пыли и влаги благодаря перфорированной конструкции полок</li>
<li>Повышенные жесткость и устойчивость конструкции</li>
<li>Износостойкое антикоррозийное покрытие</li>
<li>Быстрые сборка и демонтаж</li>
<li>Эргономичный минималистичный дизайн</li>
</ul>

<p><b>Дополнительные характеристики:</b></p>

<ul>
<li>Толщина стали:
<ul>
<li>Полки: 1,2 мм</li>
<li>Каркасные стойки: 2 мм</li>
</ul>
</li>
</ul>

<p><em><span style=""color:#FF0000;"">Внимание! На фото аналогичная модель другого размера.</span></em></p>",373852,900 мм,400 мм,1800 мм,0,Россия,Россия,перфорированные
https://cdn.entero.ru/mp@2x/92/ca/92cae53528a48adc81e60c9bd22783a8.jpg;https://cdn.entero.ru/mp@2x/d0/f9/d0f95a0cfce937e655482e8b5a7da52f.jpg;https://cdn.entero.ru/mp@2x/75/01/750194d37fb751f9ef6dbd9bcc27779c.jpg,Стеллаж производственный КОБОР Expert MR4-80/50,320007,16325,RUB,Нет,КОБОР,Промышленная мебель,Стеллажи,https://entero.ru/item/373839,"<p>Стеллаж <a style=""text-decoration:none;cursor:text;"" href=""http://entero.ru/item/373839""><b class=""b"">Kobor Expert MR4-80/50</b></a> предназначен для хранения инструментов, инвентаря, комплектующих, расходных материалов, штучных изделий или тарированных мелких грузов в производственных, складских и подсобных помещениях предприятий различных отраслей, мастерских и гаражах, а также для хранения документации в офисах и архивах. Модель оснащена 4 сплошными полками. Полки выполнены из стали с покрытием порошковой краской черного цвета (RAL 9005) с текстурой муар и усилены подштамповками, каркасные стойки – из стального профиля с порошковой краской светло-серого оттенка (RAL 7035) с текстурой муар.</p>

<p><b>Особенности:</b></p>

<ul>
<li>Разборная конструкция</li>
<li>Регулировка высоты полок</li>
<li>Регулируемые по высоте подпятники для компенсации неровностей пола</li>
<li>Повышенные жесткость и устойчивость конструкции</li>
<li>Износостойкое антикоррозийное покрытие</li>
<li>Быстрые сборка и демонтаж</li>
<li>Эргономичный минималистичный дизайн</li>
</ul>

<p><b>Дополнительные характеристики:</b></p>

<ul>
<li>Толщина стали:
<ul>
<li>Полки: 1,2 мм</li>
<li>Каркасные стойки: 2 мм</li>
</ul>
</li>
</ul>

<p><em><span style=""color:#FF0000;"">Внимание! На фото аналогичная модель другого размера.</span></em></p>",373839,800 мм,500 мм,1800 мм,0,Россия,Россия,сплошные
https://cdn.entero.ru/mp@2x/14/2f/142fd000c4c7079ecc6f5520f2698af1.jpg;https://cdn.entero.ru/mp@2x/6a/9f/6a9fa0047dab55ee0ac76c0f803b3348.jpg;https://cdn.entero.ru/mp@2x/93/e8/93e83ace528f56e31ca7acc737965eb2.jpg,Стеллаж производственный КОБОР Expert MR4-100/40,320003,16444,RUB,Нет,КОБОР,Промышленная мебель,Стеллажи,https://entero.ru/item/373834,"<p>Стеллаж <a style=""text-decoration:none;cursor:text;"" href=""http://entero.ru/item/373834""><b class=""b"">Kobor Expert MR4-100/40</b></a> предназначен для хранения инструментов, инвентаря, комплектующих, расходных материалов, штучных изделий или тарированных мелких грузов в производственных, складских и подсобных помещениях предприятий различных отраслей, мастерских и гаражах, а также для хранения документации в офисах и архивах. Модель оснащена 4 сплошными полками. Полки выполнены из стали с покрытием порошковой краской черного цвета (RAL 9005) с текстурой муар и усилены подштамповками, каркасные стойки – из стального профиля с порошковой краской светло-серого оттенка (RAL 7035) с текстурой муар.</p>

<p><b>Особенности:</b></p>

<ul>
<li>Разборная конструкция</li>
<li>Регулировка высоты полок</li>
<li>Регулируемые по высоте подпятники для компенсации неровностей пола</li>
<li>Повышенные жесткость и устойчивость конструкции</li>
<li>Износостойкое антикоррозийное покрытие</li>
<li>Быстрые сборка и демонтаж</li>
<li>Эргономичный минималистичный дизайн</li>
</ul>

<p><b>Дополнительные характеристики:</b></p>

<ul>
<li>Толщина стали:
<ul>
<li>Полки: 1,2 мм</li>
<li>Каркасные стойки: 2 мм</li>
</ul>
</li>
</ul>

<p><em><span style=""color:#FF0000;"">Внимание! На фото аналогичная модель другого размера.</span></em></p>",373834,1000 мм,400 мм,1800 мм,0,Россия,Россия,сплошные
https://cdn.entero.ru/mp@2x/a2/cf/a2cf8c4174b0500086b375f8a9c1e217.jpg;https://cdn.entero.ru/mp@2x/c1/3f/c13f501c3a01cc4617418345ef3efa45.jpg;https://cdn.entero.ru/mp@2x/d9/c3/d9c30356acf4d78c06e635a9fb327c64.jpg,Стеллаж производственный КОБОР Expert MRP4-80/50,320025,16760,RUB,Нет,КОБОР,Промышленная мебель,Стеллажи,https://entero.ru/item/373857,"<p>Стеллаж <a style=""text-decoration:none;cursor:text;"" href=""http://entero.ru/item/373857""><b class=""b"">Kobor Expert MRP4-80/50</b></a> предназначен для хранения инструментов, инвентаря, комплектующих, расходных материалов, штучных изделий или тарированных мелких грузов в производственных, складских и подсобных помещениях предприятий различных отраслей, мастерских и гаражах, а также для хранения документации в офисах и архивах. Модель оснащена 4 перфорированными полками. Полки выполнены из стали с продольным усилением и покрытием порошковой краской черного цвета (RAL 9005) с текстурой муар, каркасные стойки – из стального профиля с порошковой краской светло-серого оттенка (RAL 7035) с текстурой муар.</p>

<p><b>Особенности:</b></p>

<ul>
<li>Разборная конструкция</li>
<li>Регулировка высоты полок</li>
<li>Регулируемые по высоте подпятники для компенсации неровностей пола</li>
<li>Оптимальная вентиляция, предотвращение накопления пыли и влаги благодаря перфорированной конструкции полок</li>
<li>Повышенные жесткость и устойчивость конструкции</li>
<li>Износостойкое антикоррозийное покрытие</li>
<li>Быстрые сборка и демонтаж</li>
<li>Эргономичный минималистичный дизайн</li>
</ul>

<p><b>Дополнительные характеристики:</b></p>

<ul>
<li>Толщина стали:
<ul>
<li>Полки: 1,2 мм</li>
<li>Каркасные стойки: 2 мм</li>
</ul>
</li>
</ul>

<p><em><span style=""color:#FF0000;"">Внимание! На фото аналогичная модель другого размера.</span></em></p>",373857,800 мм,500 мм,1800 мм,0,Россия,Россия,перфорированные
https://cdn.entero.ru/mp@2x/2f/96/2f96e92acdd9633bc8685059e749a427.jpg;https://cdn.entero.ru/mp@2x/3d/9c/3d9ce88227547f46d104ce331a4eed34.jpg;https://cdn.entero.ru/mp@2x/1f/90/1f90973a4f9ec2fdc7f56f8bed649a82.jpg,Стеллаж производственный КОБОР Expert MRP4-100/40,320021,16893,RUB,Нет,КОБОР,Промышленная мебель,Стеллажи,https://entero.ru/item/373853,"<p>Стеллаж <a style=""text-decoration:none;cursor:text;"" href=""http://entero.ru/item/373853""><b class=""b"">Kobor Expert MRP4-100/40</b></a> предназначен для хранения инструментов, инвентаря, комплектующих, расходных материалов, штучных изделий или тарированных мелких грузов в производственных, складских и подсобных помещениях предприятий различных отраслей, мастерских и гаражах, а также для хранения документации в офисах и архивах. Модель оснащена 4 перфорированными полками. Полки выполнены из стали с продольным усилением и покрытием порошковой краской черного цвета (RAL 9005) с текстурой муар, каркасные стойки – из стального профиля с порошковой краской светло-серого оттенка (RAL 7035) с текстурой муар.</p>

<p><b>Особенности:</b></p>

<ul>
<li>Разборная конструкция</li>
<li>Регулировка высоты полок</li>
<li>Регулируемые по высоте подпятники для компенсации неровностей пола</li>
<li>Оптимальная вентиляция, предотвращение накопления пыли и влаги благодаря перфорированной конструкции полок</li>
<li>Повышенные жесткость и устойчивость конструкции</li>
<li>Износостойкое антикоррозийное покрытие</li>
<li>Быстрые сборка и демонтаж</li>
<li>Эргономичный минималистичный дизайн</li>
</ul>

<p><b>Дополнительные характеристики:</b></p>

<ul>
<li>Толщина стали:
<ul>
<li>Полки: 1,2 мм</li>
<li>Каркасные стойки: 2 мм</li>
</ul>
</li>
</ul>

<p><em><span style=""color:#FF0000;"">Внимание! На фото аналогичная модель другого размера.</span></em></p>",373853,1000 мм,400 мм,1800 мм,0,Россия,Россия,перфорированные
https://cdn.entero.ru/mp@2x/de/67/de67e2be028b34696f2b0f433416a51c.jpg;https://cdn.entero.ru/mp@2x/63/c4/63c47cb0bf0f1195e1c7f506552f31f8.jpg;https://cdn.entero.ru/mp@2x/09/4e/094e14f25ba4a54c08e0ff643246fabb.jpg,Стеллаж производственный КОБОР Expert MR4-90/50,320008,17164,RUB,Нет,КОБОР,Промышленная мебель,Стеллажи,https://entero.ru/item/373840,"<p>Стеллаж <a style=""text-decoration:none;cursor:text;"" href=""http://entero.ru/item/373840""><b class=""b"">Kobor Expert MR4-90/50</b></a> предназначен для хранения инструментов, инвентаря, комплектующих, расходных материалов, штучных изделий или тарированных мелких грузов в производственных, складских и подсобных помещениях предприятий различных отраслей, мастерских и гаражах, а также для хранения документации в офисах и архивах. Модель оснащена 4 сплошными полками. Полки выполнены из стали с покрытием порошковой краской черного цвета (RAL 9005) с текстурой муар и усилены подштамповками, каркасные стойки – из стального профиля с порошковой краской светло-серого оттенка (RAL 7035) с текстурой муар.</p>

<p><b>Особенности:</b></p>

<ul>
<li>Разборная конструкция</li>
<li>Регулировка высоты полок</li>
<li>Регулируемые по высоте подпятники для компенсации неровностей пола</li>
<li>Повышенные жесткость и устойчивость конструкции</li>
<li>Износостойкое антикоррозийное покрытие</li>
<li>Быстрые сборка и демонтаж</li>
<li>Эргономичный минималистичный дизайн</li>
</ul>

<p><b>Дополнительные характеристики:</b></p>

<ul>
<li>Толщина стали:
<ul>
<li>Полки: 1,2 мм</li>
<li>Каркасные стойки: 2 мм</li>
</ul>
</li>
</ul>

<p><em><span style=""color:#FF0000;"">Внимание! На фото аналогичная модель другого размера.</span></em></p>",373840,900 мм,500 мм,1800 мм,0,Россия,Россия,сплошные
https://cdn.entero.ru/mp@2x/f5/f7/f5f75dfee8f69295b1a1d3c5426bbc5e.jpg;https://cdn.entero.ru/mp@2x/cf/01/cf01f72ce3a4199c4a3b18ab333c070a.jpg;https://cdn.entero.ru/mp@2x/2b/2f/2b2fb726cebaa77c69f4661b26479782.jpg,Стеллаж производственный КОБОР Expert MR4-80/60,320013,17594,RUB,Нет,КОБОР,Промышленная мебель,Стеллажи,https://entero.ru/item/373845,"<p>Стеллаж <a style=""text-decoration:none;cursor:text;"" href=""http://entero.ru/item/373845""><b class=""b"">Kobor Expert MR4-80/60</b></a> предназначен для хранения инструментов, инвентаря, комплектующих, расходных материалов, штучных изделий или тарированных мелких грузов в производственных, складских и подсобных помещениях предприятий различных отраслей, мастерских и гаражах, а также для хранения документации в офисах и архивах. Модель оснащена 4 сплошными полками. Полки выполнены из стали с покрытием порошковой краской черного цвета (RAL 9005) с текстурой муар и усилены подштамповками, каркасные стойки – из стального профиля с порошковой краской светло-серого оттенка (RAL 7035) с текстурой муар.</p>

<p><b>Особенности:</b></p>

<ul>
<li>Разборная конструкция</li>
<li>Регулировка высоты полок</li>
<li>Регулируемые по высоте подпятники для компенсации неровностей пола</li>
<li>Повышенные жесткость и устойчивость конструкции</li>
<li>Износостойкое антикоррозийное покрытие</li>
<li>Быстрые сборка и демонтаж</li>
<li>Эргономичный минималистичный дизайн</li>
</ul>

<p><b>Дополнительные характеристики:</b></p>

<ul>
<li>Толщина стали:
<ul>
<li>Полки: 1,2 мм</li>
<li>Каркасные стойки: 2 мм</li>
</ul>
</li>
</ul>

<p><em><span style=""color:#FF0000;"">Внимание! На фото аналогичная модель другого размера.</span></em></p>",373845,800 мм,600 мм,1800 мм,0,Россия,Россия,сплошные
https://cdn.entero.ru/mp@2x/80/dd/80ddfc95be33b26aa89223458b1b34d8.jpg;https://cdn.entero.ru/mp@2x/74/4e/744e0c711b26b2703402deaff12ee6cf.jpg;https://cdn.entero.ru/mp@2x/3d/c0/3dc0dab6cacaf9d08bbe0a4965622a5c.jpg,Стеллаж производственный КОБОР Expert MRP4-90/50,320026,17632,RUB,Нет,КОБОР,Промышленная мебель,Стеллажи,https://entero.ru/item/373858,"<p>Стеллаж <a style=""text-decoration:none;cursor:text;"" href=""http://entero.ru/item/373858""><b class=""b"">Kobor Expert MRP4-90/50</b></a> предназначен для хранения инструментов, инвентаря, комплектующих, расходных материалов, штучных изделий или тарированных мелких грузов в производственных, складских и подсобных помещениях предприятий различных отраслей, мастерских и гаражах, а также для хранения документации в офисах и архивах. Модель оснащена 4 перфорированными полками. Полки выполнены из стали с продольным усилением и покрытием порошковой краской черного цвета (RAL 9005) с текстурой муар, каркасные стойки – из стального профиля с порошковой краской светло-серого оттенка (RAL 7035) с текстурой муар.</p>

<p><b>Особенности:</b></p>

<ul>
<li>Разборная конструкция</li>
<li>Регулировка высоты полок</li>
<li>Регулируемые по высоте подпятники для компенсации неровностей пола</li>
<li>Оптимальная вентиляция, предотвращение накопления пыли и влаги благодаря перфорированной конструкции полок</li>
<li>Повышенные жесткость и устойчивость конструкции</li>
<li>Износостойкое антикоррозийное покрытие</li>
<li>Быстрые сборка и демонтаж</li>
<li>Эргономичный минималистичный дизайн</li>
</ul>

<p><b>Дополнительные характеристики:</b></p>

<ul>
<li>Толщина стали:
<ul>
<li>Полки: 1,2 мм</li>
<li>Каркасные стойки: 2 мм</li>
</ul>
</li>
</ul>

<p><em><span style=""color:#FF0000;"">Внимание! На фото аналогичная модель другого размера.</span></em></p>",373858,900 мм,500 мм,1800 мм,0,Россия,Россия,перфорированные
https://cdn.entero.ru/mp@2x/d9/bd/d9bd7f19a30a28c08d38fa6004e61d32.jpg;https://cdn.entero.ru/mp@2x/0e/a0/0ea00d6330e13dc949e7a2862b15aed5.jpg;https://cdn.entero.ru/mp@2x/c8/84/c884bcf237300ac025661288dff78523.jpg,Стеллаж производственный КОБОР Expert MR4-120/40,320004,17827,RUB,Нет,КОБОР,Промышленная мебель,Стеллажи,https://entero.ru/item/373835,"<p>Стеллаж <a style=""text-decoration:none;cursor:text;"" href=""http://entero.ru/item/373835""><b class=""b"">Kobor Expert MR4-120/40</b></a> предназначен для хранения инструментов, инвентаря, комплектующих, расходных материалов, штучных изделий или тарированных мелких грузов в производственных, складских и подсобных помещениях предприятий различных отраслей, мастерских и гаражах, а также для хранения документации в офисах и архивах. Модель оснащена 4 сплошными полками. Полки выполнены из стали с покрытием порошковой краской черного цвета (RAL 9005) с текстурой муар и усилены подштамповками, каркасные стойки – из стального профиля с порошковой краской светло-серого оттенка (RAL 7035) с текстурой муар.</p>

<p><b>Особенности:</b></p>

<ul>
<li>Разборная конструкция</li>
<li>Регулировка высоты полок</li>
<li>Регулируемые по высоте подпятники для компенсации неровностей пола</li>
<li>Повышенные жесткость и устойчивость конструкции</li>
<li>Износостойкое антикоррозийное покрытие</li>
<li>Быстрые сборка и демонтаж</li>
<li>Эргономичный минималистичный дизайн</li>
</ul>

<p><b>Дополнительные характеристики:</b></p>

<ul>
<li>Толщина стали:
<ul>
<li>Полки: 1,2 мм</li>
<li>Каркасные стойки: 2 мм</li>
</ul>
</li>
</ul>

<p><em><span style=""color:#FF0000;"">Внимание! На фото аналогичная модель другого размера.</span></em></p>",373835,1200 мм,400 мм,1800 мм,0,Россия,Россия,сплошные
https://cdn.entero.ru/mp@2x/c7/4e/c74e723a92b6cd80621ec92543764feb.jpg;https://cdn.entero.ru/mp@2x/f6/1f/f61fdb0eee2e57cf489aa5edc7aafb52.jpg;https://cdn.entero.ru/mp@2x/72/8d/728d16d484a5ccdb2729849f0d05ff08.jpg,Стеллаж производственный КОБОР Expert MR4-100/50,320009,18000,RUB,Нет,КОБОР,Промышленная мебель,Стеллажи,https://entero.ru/item/373841,"<p>Стеллаж <a style=""text-decoration:none;cursor:text;"" href=""http://entero.ru/item/373841""><b class=""b"">Kobor Expert MR4-100/50</b></a> предназначен для хранения инструментов, инвентаря, комплектующих, расходных материалов, штучных изделий или тарированных мелких грузов в производственных, складских и подсобных помещениях предприятий различных отраслей, мастерских и гаражах, а также для хранения документации в офисах и архивах. Модель оснащена 4 сплошными полками. Полки выполнены из стали с покрытием порошковой краской черного цвета (RAL 9005) с текстурой муар и усилены подштамповками, каркасные стойки – из стального профиля с порошковой краской светло-серого оттенка (RAL 7035) с текстурой муар.</p>

<p><b>Особенности:</b></p>

<ul>
<li>Разборная конструкция</li>
<li>Регулировка высоты полок</li>
<li>Регулируемые по высоте подпятники для компенсации неровностей пола</li>
<li>Повышенные жесткость и устойчивость конструкции</li>
<li>Износостойкое антикоррозийное покрытие</li>
<li>Быстрые сборка и демонтаж</li>
<li>Эргономичный минималистичный дизайн</li>
</ul>

<p><b>Дополнительные характеристики:</b></p>

<ul>
<li>Толщина стали:
<ul>
<li>Полки: 1,2 мм</li>
<li>Каркасные стойки: 2 мм</li>
</ul>
</li>
</ul>

<p><em><span style=""color:#FF0000;"">Внимание! На фото аналогичная модель другого размера.</span></em></p>",373841,1000 мм,500 мм,1800 мм,0,Россия,Россия,сплошные
https://cdn.entero.ru/mp@2x/40/10/4010734dfd791cff7c75f9f93cef2f4a.jpg;https://cdn.entero.ru/mp@2x/63/cf/63cf6ef663efa674163c00493ae44b62.jpg;https://cdn.entero.ru/mp@2x/ac/db/acdb2073d42fb3f3a2a2713b17687854.jpg,Стеллаж производственный КОБОР Expert MRP4-80/60,320031,18068,RUB,Нет,КОБОР,Промышленная мебель,Стеллажи,https://entero.ru/item/373863,"<p>Стеллаж <a style=""text-decoration:none;cursor:text;"" href=""http://entero.ru/item/373863""><b class=""b"">Kobor Expert MRP4-80/60</b></a> предназначен для хранения инструментов, инвентаря, комплектующих, расходных материалов, штучных изделий или тарированных мелких грузов в производственных, складских и подсобных помещениях предприятий различных отраслей, мастерских и гаражах, а также для хранения документации в офисах и архивах. Модель оснащена 4 перфорированными полками. Полки выполнены из стали с продольным усилением и покрытием порошковой краской черного цвета (RAL 9005) с текстурой муар, каркасные стойки – из стального профиля с порошковой краской светло-серого оттенка (RAL 7035) с текстурой муар.</p>

<p><b>Особенности:</b></p>

<ul>
<li>Разборная конструкция</li>
<li>Регулировка высоты полок</li>
<li>Регулируемые по высоте подпятники для компенсации неровностей пола</li>
<li>Оптимальная вентиляция, предотвращение накопления пыли и влаги благодаря перфорированной конструкции полок</li>
<li>Повышенные жесткость и устойчивость конструкции</li>
<li>Износостойкое антикоррозийное покрытие</li>
<li>Быстрые сборка и демонтаж</li>
<li>Эргономичный минималистичный дизайн</li>
</ul>

<p><b>Дополнительные характеристики:</b></p>

<ul>
<li>Толщина стали:
<ul>
<li>Полки: 1,2 мм</li>
<li>Каркасные стойки: 2 мм</li>
</ul>
</li>
</ul>

<p><em><span style=""color:#FF0000;"">Внимание! На фото аналогичная модель другого размера.</span></em></p>",373863,800 мм,600 мм,1800 мм,0,Россия,Россия,перфорированные
https://cdn.entero.ru/mp@2x/2f/f1/2ff1b854687dead9f283c8675e75c948.jpg;https://cdn.entero.ru/mp@2x/e4/70/e47014a280825592508fb97069c1d699.jpg;https://cdn.entero.ru/mp@2x/b2/00/b200f7ba7f106b160b04a3da7cc0941e.jpg,Стеллаж производственный КОБОР Expert MRP4-120/40,320022,18316,RUB,Нет,КОБОР,Промышленная мебель,Стеллажи,https://entero.ru/item/373854,"<p>Стеллаж <a style=""text-decoration:none;cursor:text;"" href=""http://entero.ru/item/373854""><b class=""b"">Kobor Expert MRP4-120/40</b></a> предназначен для хранения инструментов, инвентаря, комплектующих, расходных материалов, штучных изделий или тарированных мелких грузов в производственных, складских и подсобных помещениях предприятий различных отраслей, мастерских и гаражах, а также для хранения документации в офисах и архивах. Модель оснащена 4 перфорированными полками. Полки выполнены из стали с продольным усилением и покрытием порошковой краской черного цвета (RAL 9005) с текстурой муар, каркасные стойки – из стального профиля с порошковой краской светло-серого оттенка (RAL 7035) с текстурой муар.</p>

<p><b>Особенности:</b></p>

<ul>
<li>Разборная конструкция</li>
<li>Регулировка высоты полок</li>
<li>Регулируемые по высоте подпятники для компенсации неровностей пола</li>
<li>Оптимальная вентиляция, предотвращение накопления пыли и влаги благодаря перфорированной конструкции полок</li>
<li>Повышенные жесткость и устойчивость конструкции</li>
<li>Износостойкое антикоррозийное покрытие</li>
<li>Быстрые сборка и демонтаж</li>
<li>Эргономичный минималистичный дизайн</li>
</ul>

<p><b>Дополнительные характеристики:</b></p>

<ul>
<li>Толщина стали:
<ul>
<li>Полки: 1,2 мм</li>
<li>Каркасные стойки: 2 мм</li>
</ul>
</li>
</ul>

<p><em><span style=""color:#FF0000;"">Внимание! На фото аналогичная модель другого размера.</span></em></p>",373854,1200 мм,400 мм,1800 мм,0,Россия,Россия,перфорированные
https://cdn.entero.ru/mp@2x/61/4d/614de7d041374b3dc33d4715c9c283c6.jpg;https://cdn.entero.ru/mp@2x/02/a8/02a850e27ed0b2226ccae35b5ae20d16.jpg;https://cdn.entero.ru/mp@2x/70/65/7065f59ad888c6555b90a71b59154b6e.jpg,Стеллаж производственный КОБОР Expert MRP4-100/50,320027,18498,RUB,Нет,КОБОР,Промышленная мебель,Стеллажи,https://entero.ru/item/373859,"<p>Стеллаж <a style=""text-decoration:none;cursor:text;"" href=""http://entero.ru/item/373859""><b class=""b"">Kobor Expert MRP4-100/50</b></a> предназначен для хранения инструментов, инвентаря, комплектующих, расходных материалов, штучных изделий или тарированных мелких грузов в производственных, складских и подсобных помещениях предприятий различных отраслей, мастерских и гаражах, а также для хранения документации в офисах и архивах. Модель оснащена 4 перфорированными полками. Полки выполнены из стали с продольным усилением и покрытием порошковой краской черного цвета (RAL 9005) с текстурой муар, каркасные стойки – из стального профиля с порошковой краской светло-серого оттенка (RAL 7035) с текстурой муар.</p>

<p><b>Особенности:</b></p>

<ul>
<li>Разборная конструкция</li>
<li>Регулировка высоты полок</li>
<li>Регулируемые по высоте подпятники для компенсации неровностей пола</li>
<li>Оптимальная вентиляция, предотвращение накопления пыли и влаги благодаря перфорированной конструкции полок</li>
<li>Повышенные жесткость и устойчивость конструкции</li>
<li>Износостойкое антикоррозийное покрытие</li>
<li>Быстрые сборка и демонтаж</li>
<li>Эргономичный минималистичный дизайн</li>
</ul>

<p><b>Дополнительные характеристики:</b></p>

<ul>
<li>Толщина стали:
<ul>
<li>Полки: 1,2 мм</li>
<li>Каркасные стойки: 2 мм</li>
</ul>
</li>
</ul>

<p><em><span style=""color:#FF0000;"">Внимание! На фото аналогичная модель другого размера.</span></em></p>",373859,,,,0,Россия,Россия,перфорированные
https://cdn.entero.ru/mp@2x/71/57/715799d2f04ae714b64e27c2082107fc.jpg;https://cdn.entero.ru/mp@2x/d5/d6/d5d64aff56cd072956b3b21acd74a17e.jpg;https://cdn.entero.ru/mp@2x/85/6e/856e3e3fe942bd75c9d14a52e20f5e9a.jpg,Стеллаж производственный КОБОР Expert MR4-90/60,320014,18588,RUB,Нет,КОБОР,Промышленная мебель,Стеллажи,https://entero.ru/item/373846,"<p>Стеллаж <a style=""text-decoration:none;cursor:text;"" href=""http://entero.ru/item/373846""><b class=""b"">Kobor Expert MR4-90/60</b></a> предназначен для хранения инструментов, инвентаря, комплектующих, расходных материалов, штучных изделий или тарированных мелких грузов в производственных, складских и подсобных помещениях предприятий различных отраслей, мастерских и гаражах, а также для хранения документации в офисах и архивах. Модель оснащена 4 сплошными полками. Полки выполнены из стали с покрытием порошковой краской черного цвета (RAL 9005) с текстурой муар и усилены подштамповками, каркасные стойки – из стального профиля с порошковой краской светло-серого оттенка (RAL 7035) с текстурой муар.</p>

<p><b>Особенности:</b></p>

<ul>
<li>Разборная конструкция</li>
<li>Регулировка высоты полок</li>
<li>Регулируемые по высоте подпятники для компенсации неровностей пола</li>
<li>Повышенные жесткость и устойчивость конструкции</li>
<li>Износостойкое антикоррозийное покрытие</li>
<li>Быстрые сборка и демонтаж</li>
<li>Эргономичный минималистичный дизайн</li>
</ul>

<p><b>Дополнительные характеристики:</b></p>

<ul>
<li>Толщина стали:
<ul>
<li>Полки: 1,2 мм</li>
<li>Каркасные стойки: 2 мм</li>
</ul>
</li>
</ul>

<p><em><span style=""color:#FF0000;"">Внимание! На фото аналогичная модель другого размера.</span></em></p>",373846,900 мм,600 мм,1800 мм,0,Россия,Россия,сплошные
https://cdn.entero.ru/mp@2x/45/9c/459ca7e361d55f9560e97d029cb72276.jpg;https://cdn.entero.ru/mp@2x/b4/d6/b4d6235fc256c543d785b4f386281240.jpg;https://cdn.entero.ru/mp@2x/58/04/5804966adbd078fe03eef74077595883.jpg,Стеллаж производственный КОБОР Expert MRP4-90/60,320032,19096,RUB,Нет,КОБОР,Промышленная мебель,Стеллажи,https://entero.ru/item/373864,"<p>Стеллаж <a style=""text-decoration:none;cursor:text;"" href=""http://entero.ru/item/373864""><b class=""b"">Kobor Expert MRP4-90/60</b></a> предназначен для хранения инструментов, инвентаря, комплектующих, расходных материалов, штучных изделий или тарированных мелких грузов в производственных, складских и подсобных помещениях предприятий различных отраслей, мастерских и гаражах, а также для хранения документации в офисах и архивах. Модель оснащена 4 перфорированными полками. Полки выполнены из стали с продольным усилением и покрытием порошковой краской черного цвета (RAL 9005) с текстурой муар, каркасные стойки – из стального профиля с порошковой краской светло-серого оттенка (RAL 7035) с текстурой муар.</p>

<p><b>Особенности:</b></p>

<ul>
<li>Разборная конструкция</li>
<li>Регулировка высоты полок</li>
<li>Регулируемые по высоте подпятники для компенсации неровностей пола</li>
<li>Оптимальная вентиляция, предотвращение накопления пыли и влаги благодаря перфорированной конструкции полок</li>
<li>Повышенные жесткость и устойчивость конструкции</li>
<li>Износостойкое антикоррозийное покрытие</li>
<li>Быстрые сборка и демонтаж</li>
<li>Эргономичный минималистичный дизайн</li>
</ul>

<p><b>Дополнительные характеристики:</b></p>

<ul>
<li>Толщина стали:
<ul>
<li>Полки: 1,2 мм</li>
<li>Каркасные стойки: 2 мм</li>
</ul>
</li>
</ul>

<p><em><span style=""color:#FF0000;"">Внимание! На фото аналогичная модель другого размера.</span></em></p>",373864,900 мм,600 мм,1800 мм,0,Россия,Россия,перфорированные
https://cdn.entero.ru/mp@2x/d8/d6/d8d60df0787b34d4f77b4834995a20b7.jpg;https://cdn.entero.ru/mp@2x/82/b7/82b7bcdc550cb1345ae49cd3895256b9.jpg;https://cdn.entero.ru/mp@2x/c6/9f/c69fbc51bdd1b0b917a101b20d3b278b.jpg,Стеллаж производственный КОБОР Expert MR4-100/60,320015,19572,RUB,Нет,КОБОР,Промышленная мебель,Стеллажи,https://entero.ru/item/373847,"<p>Стеллаж <a style=""text-decoration:none;cursor:text;"" href=""http://entero.ru/item/373847""><b class=""b"">Kobor Expert MR4-100/60</b></a> предназначен для хранения инструментов, инвентаря, комплектующих, расходных материалов, штучных изделий или тарированных мелких грузов в производственных, складских и подсобных помещениях предприятий различных отраслей, мастерских и гаражах, а также для хранения документации в офисах и архивах. Модель оснащена 4 сплошными полками. Полки выполнены из стали с покрытием порошковой краской черного цвета (RAL 9005) с текстурой муар и усилены подштамповками, каркасные стойки – из стального профиля с порошковой краской светло-серого оттенка (RAL 7035) с текстурой муар.</p>

<p><b>Особенности:</b></p>

<ul>
<li>Разборная конструкция</li>
<li>Регулировка высоты полок</li>
<li>Регулируемые по высоте подпятники для компенсации неровностей пола</li>
<li>Повышенные жесткость и устойчивость конструкции</li>
<li>Износостойкое антикоррозийное покрытие</li>
<li>Быстрые сборка и демонтаж</li>
<li>Эргономичный минималистичный дизайн</li>
</ul>

<p><b>Дополнительные характеристики:</b></p>

<ul>
<li>Толщина стали:
<ul>
<li>Полки: 1,2 мм</li>
<li>Каркасные стойки: 2 мм</li>
</ul>
</li>
</ul>

<p><em><span style=""color:#FF0000;"">Внимание! На фото аналогичная модель другого размера.</span></em></p>",373847,1000 мм,600 мм,1800 мм,0,Россия,Россия,сплошные
https://cdn.entero.ru/mp@2x/bd/e9/bde9ef4e25e81d7817d2f1c7d2649629.jpg;https://cdn.entero.ru/mp@2x/02/24/02247a1541f290ef00d1489ae6801469.jpg;https://cdn.entero.ru/mp@2x/64/eb/64eb16a7ad9b6e829bebcac3a05f12c5.jpg,Стеллаж производственный КОБОР Expert MR4-120/50,320010,19689,RUB,Нет,КОБОР,Промышленная мебель,Стеллажи,https://entero.ru/item/373842,"<p>Стеллаж <a style=""text-decoration:none;cursor:text;"" href=""http://entero.ru/item/373842""><b class=""b"">Kobor Expert MR4-120/50</b></a> предназначен для хранения инструментов, инвентаря, комплектующих, расходных материалов, штучных изделий или тарированных мелких грузов в производственных, складских и подсобных помещениях предприятий различных отраслей, мастерских и гаражах, а также для хранения документации в офисах и архивах. Модель оснащена 4 сплошными полками. Полки выполнены из стали с покрытием порошковой краской черного цвета (RAL 9005) с текстурой муар и усилены подштамповками, каркасные стойки – из стального профиля с порошковой краской светло-серого оттенка (RAL 7035) с текстурой муар.</p>

<p><b>Особенности:</b></p>

<ul>
<li>Разборная конструкция</li>
<li>Регулировка высоты полок</li>
<li>Регулируемые по высоте подпятники для компенсации неровностей пола</li>
<li>Повышенные жесткость и устойчивость конструкции</li>
<li>Износостойкое антикоррозийное покрытие</li>
<li>Быстрые сборка и демонтаж</li>
<li>Эргономичный минималистичный дизайн</li>
</ul>

<p><b>Дополнительные характеристики:</b></p>

<ul>
<li>Толщина стали:
<ul>
<li>Полки: 1,2 мм</li>
<li>Каркасные стойки: 2 мм</li>
</ul>
</li>
</ul>

<p><em><span style=""color:#FF0000;"">Внимание! На фото аналогичная модель другого размера.</span></em></p>",373842,1200 мм,500 мм,1800 мм,0,Россия,Россия,сплошные
https://cdn.entero.ru/mp@2x/95/b4/95b49be87a5b39a15d5e68afe04702c0.jpg;https://cdn.entero.ru/mp@2x/5f/ad/5fad24ce246061fc476fb59d0b67b5ee.jpg;https://cdn.entero.ru/mp@2x/ba/df/badfe7c5c3e0ec5a323a02ab9d685f05.jpg,Стеллаж производственный КОБОР Expert MR4-150/40,320005,19916,RUB,Нет,КОБОР,Промышленная мебель,Стеллажи,https://entero.ru/item/373836,"<p>Стеллаж <a style=""text-decoration:none;cursor:text;"" href=""http://entero.ru/item/373836""><b class=""b"">Kobor Expert MR4-150/40</b></a> предназначен для хранения инструментов, инвентаря, комплектующих, расходных материалов, штучных изделий или тарированных мелких грузов в производственных, складских и подсобных помещениях предприятий различных отраслей, мастерских и гаражах, а также для хранения документации в офисах и архивах. Модель оснащена 4 сплошными полками. Полки выполнены из стали с покрытием порошковой краской черного цвета (RAL 9005) с текстурой муар и усилены подштамповками, каркасные стойки – из стального профиля с порошковой краской светло-серого оттенка (RAL 7035) с текстурой муар.</p>

<p><b>Особенности:</b></p>

<ul>
<li>Разборная конструкция</li>
<li>Регулировка высоты полок</li>
<li>Регулируемые по высоте подпятники для компенсации неровностей пола</li>
<li>Повышенные жесткость и устойчивость конструкции</li>
<li>Износостойкое антикоррозийное покрытие</li>
<li>Быстрые сборка и демонтаж</li>
<li>Эргономичный минималистичный дизайн</li>
</ul>

<p><b>Дополнительные характеристики:</b></p>

<ul>
<li>Толщина стали:
<ul>
<li>Полки: 1,2 мм</li>
<li>Каркасные стойки: 2 мм</li>
</ul>
</li>
</ul>

<p><em><span style=""color:#FF0000;"">Внимание! На фото аналогичная модель другого размера.</span></em></p>",373836,1500 мм,400 мм,1800 мм,0,Россия,Россия,сплошные
https://cdn.entero.ru/mp@2x/02/22/02225a8af37ec3477744a20ad8a08b3d.jpg;https://cdn.entero.ru/mp@2x/ec/eb/eceba7339ce9930c24de955a7d8e476b.jpg;https://cdn.entero.ru/mp@2x/45/99/4599a46e75f0ae83dddedffe36f3ddb8.jpg,Стеллаж производственный КОБОР Expert MRP4-100/60,320033,20105,RUB,Нет,КОБОР,Промышленная мебель,Стеллажи,https://entero.ru/item/373865,"<p>Стеллаж <a style=""text-decoration:none;cursor:text;"" href=""http://entero.ru/item/373865""><b class=""b"">Kobor Expert MRP4-100/60</b></a> предназначен для хранения инструментов, инвентаря, комплектующих, расходных материалов, штучных изделий или тарированных мелких грузов в производственных, складских и подсобных помещениях предприятий различных отраслей, мастерских и гаражах, а также для хранения документации в офисах и архивах. Модель оснащена 4 перфорированными полками. Полки выполнены из стали с продольным усилением и покрытием порошковой краской черного цвета (RAL 9005) с текстурой муар, каркасные стойки – из стального профиля с порошковой краской светло-серого оттенка (RAL 7035) с текстурой муар.</p>

<p><b>Особенности:</b></p>

<ul>
<li>Разборная конструкция</li>
<li>Регулировка высоты полок</li>
<li>Регулируемые по высоте подпятники для компенсации неровностей пола</li>
<li>Оптимальная вентиляция, предотвращение накопления пыли и влаги благодаря перфорированной конструкции полок</li>
<li>Повышенные жесткость и устойчивость конструкции</li>
<li>Износостойкое антикоррозийное покрытие</li>
<li>Быстрые сборка и демонтаж</li>
<li>Эргономичный минималистичный дизайн</li>
</ul>

<p><b>Дополнительные характеристики:</b></p>

<ul>
<li>Толщина стали:
<ul>
<li>Полки: 1,2 мм</li>
<li>Каркасные стойки: 2 мм</li>
</ul>
</li>
</ul>

<p><em><span style=""color:#FF0000;"">Внимание! На фото аналогичная модель другого размера.</span></em></p>",373865,1000 мм,600 мм,1800 мм,0,Россия,Россия,перфорированные
https://cdn.entero.ru/mp@2x/5f/c4/5fc470e0fa1b87d7f80b83b93488e359.jpg;https://cdn.entero.ru/mp@2x/b1/0a/b10a70d1461e4448881ead5532ccb35d.jpg;https://cdn.entero.ru/mp@2x/63/de/63de3ea3bdcbd5b64f339e0ac1466fb8.jpg,Стеллаж производственный КОБОР Expert MRP4-120/50,320028,20229,RUB,Нет,КОБОР,Промышленная мебель,Стеллажи,https://entero.ru/item/373860,"<p>Стеллаж <a style=""text-decoration:none;cursor:text;"" href=""http://entero.ru/item/373860""><b class=""b"">Kobor Expert MRP4-120/50</b></a> предназначен для хранения инструментов, инвентаря, комплектующих, расходных материалов, штучных изделий или тарированных мелких грузов в производственных, складских и подсобных помещениях предприятий различных отраслей, мастерских и гаражах, а также для хранения документации в офисах и архивах. Модель оснащена 4 перфорированными полками. Полки выполнены из стали с продольным усилением и покрытием порошковой краской черного цвета (RAL 9005) с текстурой муар, каркасные стойки – из стального профиля с порошковой краской светло-серого оттенка (RAL 7035) с текстурой муар.</p>

<p><b>Особенности:</b></p>

<ul>
<li>Разборная конструкция</li>
<li>Регулировка высоты полок</li>
<li>Регулируемые по высоте подпятники для компенсации неровностей пола</li>
<li>Оптимальная вентиляция, предотвращение накопления пыли и влаги благодаря перфорированной конструкции полок</li>
<li>Повышенные жесткость и устойчивость конструкции</li>
<li>Износостойкое антикоррозийное покрытие</li>
<li>Быстрые сборка и демонтаж</li>
<li>Эргономичный минималистичный дизайн</li>
</ul>

<p><b>Дополнительные характеристики:</b></p>

<ul>
<li>Толщина стали:
<ul>
<li>Полки: 1,2 мм</li>
<li>Каркасные стойки: 2 мм</li>
</ul>
</li>
</ul>

<p><em><span style=""color:#FF0000;"">Внимание! На фото аналогичная модель другого размера.</span></em></p>",373860,1200 мм,500 мм,1800 мм,0,Россия,Россия,перфорированные
https://cdn.entero.ru/mp@2x/86/b3/86b3b3f57ef3ba7b89797038882a1030.jpg;https://cdn.entero.ru/mp@2x/b2/ac/b2ac3002050a819103e2cc6389e64a90.jpg;https://cdn.entero.ru/mp@2x/d5/27/d527c5e1eeded28e64c399facc9cc4ff.jpg,Стеллаж производственный КОБОР Expert MRP4-150/40,320023,20462,RUB,Нет,КОБОР,Промышленная мебель,Стеллажи,https://entero.ru/item/373855,"<p>Стеллаж <a style=""text-decoration:none;cursor:text;"" href=""http://entero.ru/item/373855""><b class=""b"">Kobor Expert MRP4-150/40</b></a> предназначен для хранения инструментов, инвентаря, комплектующих, расходных материалов, штучных изделий или тарированных мелких грузов в производственных, складских и подсобных помещениях предприятий различных отраслей, мастерских и гаражах, а также для хранения документации в офисах и архивах. Модель оснащена 4 перфорированными полками. Полки выполнены из стали с продольным усилением и покрытием порошковой краской черного цвета (RAL 9005) с текстурой муар, каркасные стойки – из стального профиля с порошковой краской светло-серого оттенка (RAL 7035) с текстурой муар.</p>

<p><b>Особенности:</b></p>

<ul>
<li>Разборная конструкция</li>
<li>Регулировка высоты полок</li>
<li>Регулируемые по высоте подпятники для компенсации неровностей пола</li>
<li>Оптимальная вентиляция, предотвращение накопления пыли и влаги благодаря перфорированной конструкции полок</li>
<li>Повышенные жесткость и устойчивость конструкции</li>
<li>Износостойкое антикоррозийное покрытие</li>
<li>Быстрые сборка и демонтаж</li>
<li>Эргономичный минималистичный дизайн</li>
</ul>

<p><b>Дополнительные характеристики:</b></p>

<ul>
<li>Толщина стали:
<ul>
<li>Полки: 1,2 мм</li>
<li>Каркасные стойки: 2 мм</li>
</ul>
</li>
</ul>

<p><em><span style=""color:#FF0000;"">Внимание! На фото аналогичная модель другого размера.</span></em></p>",373855,1500 мм,400 мм,1800 мм,0,Россия,Россия,перфорированные
https://cdn.entero.ru/mp@2x/ef/43/ef43eee059c85edc7e73f74f6c754c51.jpg;https://cdn.entero.ru/mp@2x/ab/25/ab25c2e28d59b57dfa04f9d294e2ee1e.jpg;https://cdn.entero.ru/mp@2x/fa/d9/fad9c3439c5d7c544f6f7cab819b2235.jpg,Стеллаж производственный КОБОР Expert MR4-120/60,320016,21515,RUB,Нет,КОБОР,Промышленная мебель,Стеллажи,https://entero.ru/item/373848,"<p>Стеллаж <a style=""text-decoration:none;cursor:text;"" href=""http://entero.ru/item/373848""><b class=""b"">Kobor Expert MR4-120/60</b></a> предназначен для хранения инструментов, инвентаря, комплектующих, расходных материалов, штучных изделий или тарированных мелких грузов в производственных, складских и подсобных помещениях предприятий различных отраслей, мастерских и гаражах, а также для хранения документации в офисах и архивах. Модель оснащена 4 сплошными полками. Полки выполнены из стали с покрытием порошковой краской черного цвета (RAL 9005) с текстурой муар и усилены подштамповками, каркасные стойки – из стального профиля с порошковой краской светло-серого оттенка (RAL 7035) с текстурой муар.</p>

<p><b>Особенности:</b></p>

<ul>
<li>Разборная конструкция</li>
<li>Регулировка высоты полок</li>
<li>Регулируемые по высоте подпятники для компенсации неровностей пола</li>
<li>Повышенные жесткость и устойчивость конструкции</li>
<li>Износостойкое антикоррозийное покрытие</li>
<li>Быстрые сборка и демонтаж</li>
<li>Эргономичный минималистичный дизайн</li>
</ul>

<p><b>Дополнительные характеристики:</b></p>

<ul>
<li>Толщина стали:
<ul>
<li>Полки: 1,2 мм</li>
<li>Каркасные стойки: 2 мм</li>
</ul>
</li>
</ul>

<p><em><span style=""color:#FF0000;"">Внимание! На фото аналогичная модель другого размера.</span></em></p>",373848,1200 мм,600 мм,1800 мм,0,Россия,Россия,сплошные
https://cdn.entero.ru/mp@2x/51/f1/51f18461f2f20cf3c6040f87c58f5bf6.jpg;https://cdn.entero.ru/mp@2x/25/9d/259dc1ea1f14cca74ce0fa5c86047940.jpg;https://cdn.entero.ru/mp@2x/09/80/098067717d8da7f21d8ddd56473a1fea.jpg,Стеллаж производственный КОБОР Expert MR4-180/40,320006,21967,RUB,Нет,КОБОР,Промышленная мебель,Стеллажи,https://entero.ru/item/373837,"<p>Стеллаж <a style=""text-decoration:none;cursor:text;"" href=""http://entero.ru/item/373837""><b class=""b"">Kobor Expert MR4-180/40</b></a> предназначен для хранения инструментов, инвентаря, комплектующих, расходных материалов, штучных изделий или тарированных мелких грузов в производственных, складских и подсобных помещениях предприятий различных отраслей, мастерских и гаражах, а также для хранения документации в офисах и архивах. Модель оснащена 4 сплошными полками. Полки выполнены из стали с покрытием порошковой краской черного цвета (RAL 9005) с текстурой муар и усилены подштамповками, каркасные стойки – из стального профиля с порошковой краской светло-серого оттенка (RAL 7035) с текстурой муар.</p>

<p><b>Особенности:</b></p>

<ul>
<li>Разборная конструкция</li>
<li>Регулировка высоты полок</li>
<li>Регулируемые по высоте подпятники для компенсации неровностей пола</li>
<li>Повышенные жесткость и устойчивость конструкции</li>
<li>Износостойкое антикоррозийное покрытие</li>
<li>Быстрые сборка и демонтаж</li>
<li>Эргономичный минималистичный дизайн</li>
</ul>

<p><b>Дополнительные характеристики:</b></p>

<ul>
<li>Толщина стали:
<ul>
<li>Полки: 1,2 мм</li>
<li>Каркасные стойки: 2 мм</li>
</ul>
</li>
</ul>

<p><em><span style=""color:#FF0000;"">Внимание! На фото аналогичная модель другого размера.</span></em></p>",373837,1800 мм,400 мм,1800 мм,0,Россия,Россия,сплошные
https://cdn.entero.ru/mp@2x/71/6f/716ff4b5df0c933a6f312fe28cbcde19.jpg;https://cdn.entero.ru/mp@2x/ab/6f/ab6fc2637aa05f7c2c3dd2903f8540c6.jpg;https://cdn.entero.ru/mp@2x/42/9b/429b9cf7ae3d9a4aa0275ab1ec64e39f.jpg,Стеллаж производственный КОБОР Expert MRP4-120/60,320034,22094,RUB,Нет,КОБОР,Промышленная мебель,Стеллажи,https://entero.ru/item/373866,"<p>Стеллаж <a style=""text-decoration:none;cursor:text;"" href=""http://entero.ru/item/373866""><b class=""b"">Kobor Expert MRP4-120/60</b></a> предназначен для хранения инструментов, инвентаря, комплектующих, расходных материалов, штучных изделий или тарированных мелких грузов в производственных, складских и подсобных помещениях предприятий различных отраслей, мастерских и гаражах, а также для хранения документации в офисах и архивах. Модель оснащена 4 перфорированными полками. Полки выполнены из стали с продольным усилением и покрытием порошковой краской черного цвета (RAL 9005) с текстурой муар, каркасные стойки – из стального профиля с порошковой краской светло-серого оттенка (RAL 7035) с текстурой муар.</p>

<p><b>Особенности:</b></p>

<ul>
<li>Разборная конструкция</li>
<li>Регулировка высоты полок</li>
<li>Регулируемые по высоте подпятники для компенсации неровностей пола</li>
<li>Оптимальная вентиляция, предотвращение накопления пыли и влаги благодаря перфорированной конструкции полок</li>
<li>Повышенные жесткость и устойчивость конструкции</li>
<li>Износостойкое антикоррозийное покрытие</li>
<li>Быстрые сборка и демонтаж</li>
<li>Эргономичный минималистичный дизайн</li>
</ul>

<p><b>Дополнительные характеристики:</b></p>

<ul>
<li>Толщина стали:
<ul>
<li>Полки: 1,2 мм</li>
<li>Каркасные стойки: 2 мм</li>
</ul>
</li>
</ul>

<p><em><span style=""color:#FF0000;"">Внимание! На фото аналогичная модель другого размера.</span></em></p>",373866,1200 мм,600 мм,1800 мм,0,Россия,Россия,перфорированные
https://cdn.entero.ru/mp@2x/28/cc/28cce64740959b1a91b19a3f55944393.jpg;https://cdn.entero.ru/mp@2x/fa/83/fa830f479d7f4a9c3a927a13c29505d4.jpg;https://cdn.entero.ru/mp@2x/68/53/68536d85ee7efbff3ed355101d245b4e.jpg,Стеллаж производственный КОБОР Expert MR4-150/50,320011,22166,RUB,Нет,КОБОР,Промышленная мебель,Стеллажи,https://entero.ru/item/373843,"<p>Стеллаж <a style=""text-decoration:none;cursor:text;"" href=""http://entero.ru/item/373843""><b class=""b"">Kobor Expert MR4-150/50</b></a> предназначен для хранения инструментов, инвентаря, комплектующих, расходных материалов, штучных изделий или тарированных мелких грузов в производственных, складских и подсобных помещениях предприятий различных отраслей, мастерских и гаражах, а также для хранения документации в офисах и архивах. Модель оснащена 4 сплошными полками. Полки выполнены из стали с покрытием порошковой краской черного цвета (RAL 9005) с текстурой муар и усилены подштамповками, каркасные стойки – из стального профиля с порошковой краской светло-серого оттенка (RAL 7035) с текстурой муар.</p>

<p><b>Особенности:</b></p>

<ul>
<li>Разборная конструкция</li>
<li>Регулировка высоты полок</li>
<li>Регулируемые по высоте подпятники для компенсации неровностей пола</li>
<li>Повышенные жесткость и устойчивость конструкции</li>
<li>Износостойкое антикоррозийное покрытие</li>
<li>Быстрые сборка и демонтаж</li>
<li>Эргономичный минималистичный дизайн</li>
</ul>

<p><b>Дополнительные характеристики:</b></p>

<ul>
<li>Толщина стали:
<ul>
<li>Полки: 1,2 мм</li>
<li>Каркасные стойки: 2 мм</li>
</ul>
</li>
</ul>

<p><em><span style=""color:#FF0000;"">Внимание! На фото аналогичная модель другого размера.</span></em></p>",373843,1500 мм,500 мм,1800 мм,0,Россия,Россия,сплошные
https://cdn.entero.ru/mp@2x/bf/2d/bf2d1a7512014934a6cf829b56454dd7.jpg;https://cdn.entero.ru/mp@2x/80/0d/800d66afc50e1eb4711cf9ea581c40e6.jpg;https://cdn.entero.ru/mp@2x/0b/96/0b967d2a1d460f28b6d040c95f3c6195.jpg,Стеллаж производственный КОБОР Expert MRP4-180/40,320024,22558,RUB,Нет,КОБОР,Промышленная мебель,Стеллажи,https://entero.ru/item/373856,"<p>Стеллаж <a style=""text-decoration:none;cursor:text;"" href=""http://entero.ru/item/373856""><b class=""b"">Kobor Expert MRP4-180/40</b></a> предназначен для хранения инструментов, инвентаря, комплектующих, расходных материалов, штучных изделий или тарированных мелких грузов в производственных, складских и подсобных помещениях предприятий различных отраслей, мастерских и гаражах, а также для хранения документации в офисах и архивах. Модель оснащена 4 перфорированными полками. Полки выполнены из стали с продольным усилением и покрытием порошковой краской черного цвета (RAL 9005) с текстурой муар, каркасные стойки – из стального профиля с порошковой краской светло-серого оттенка (RAL 7035) с текстурой муар.</p>

<p><b>Особенности:</b></p>

<ul>
<li>Разборная конструкция</li>
<li>Регулировка высоты полок</li>
<li>Регулируемые по высоте подпятники для компенсации неровностей пола</li>
<li>Оптимальная вентиляция, предотвращение накопления пыли и влаги благодаря перфорированной конструкции полок</li>
<li>Повышенные жесткость и устойчивость конструкции</li>
<li>Износостойкое антикоррозийное покрытие</li>
<li>Быстрые сборка и демонтаж</li>
<li>Эргономичный минималистичный дизайн</li>
</ul>

<p><b>Дополнительные характеристики:</b></p>

<ul>
<li>Толщина стали:
<ul>
<li>Полки: 1,2 мм</li>
<li>Каркасные стойки: 2 мм</li>
</ul>
</li>
</ul>

<p><em><span style=""color:#FF0000;"">Внимание! На фото аналогичная модель другого размера.</span></em></p>",373856,1800 мм,400 мм,1800 мм,0,Россия,Россия,перфорированные
https://cdn.entero.ru/mp@2x/0b/19/0b1982c837466cb5453d751a6bd73bef.jpg;https://cdn.entero.ru/mp@2x/0c/f2/0cf254ff6bca598f7286568bd541427c.jpg;https://cdn.entero.ru/mp@2x/42/05/4205aae46073b658aa98f91e4900752c.jpg,Стеллаж производственный КОБОР Expert MRP4-150/50,320029,22764,RUB,Нет,КОБОР,Промышленная мебель,Стеллажи,https://entero.ru/item/373861,"<p>Стеллаж <a style=""text-decoration:none;cursor:text;"" href=""http://entero.ru/item/373861""><b class=""b"">Kobor Expert MRP4-150/50</b></a> предназначен для хранения инструментов, инвентаря, комплектующих, расходных материалов, штучных изделий или тарированных мелких грузов в производственных, складских и подсобных помещениях предприятий различных отраслей, мастерских и гаражах, а также для хранения документации в офисах и архивах. Модель оснащена 4 перфорированными полками. Полки выполнены из стали с продольным усилением и покрытием порошковой краской черного цвета (RAL 9005) с текстурой муар, каркасные стойки – из стального профиля с порошковой краской светло-серого оттенка (RAL 7035) с текстурой муар.</p>

<p><b>Особенности:</b></p>

<ul>
<li>Разборная конструкция</li>
<li>Регулировка высоты полок</li>
<li>Регулируемые по высоте подпятники для компенсации неровностей пола</li>
<li>Оптимальная вентиляция, предотвращение накопления пыли и влаги благодаря перфорированной конструкции полок</li>
<li>Повышенные жесткость и устойчивость конструкции</li>
<li>Износостойкое антикоррозийное покрытие</li>
<li>Быстрые сборка и демонтаж</li>
<li>Эргономичный минималистичный дизайн</li>
</ul>

<p><b>Дополнительные характеристики:</b></p>

<ul>
<li>Толщина стали:
<ul>
<li>Полки: 1,2 мм</li>
<li>Каркасные стойки: 2 мм</li>
</ul>
</li>
</ul>

<p><em><span style=""color:#FF0000;"">Внимание! На фото аналогичная модель другого размера.</span></em></p>",373861,1500 мм,500 мм,1800 мм,0,Россия,Россия,перфорированные
https://cdn.entero.ru/mp@2x/e5/cd/e5cde19f60e3b227c520a228ef897138.jpg;https://cdn.entero.ru/mp@2x/d5/dd/d5dde208535000f2ea1ae9691a21726d.jpg;https://cdn.entero.ru/mp@2x/44/ea/44ea1232acbb21e3d5063e4626ada840.jpg,Стеллаж производственный КОБОР Expert MR4-150/60,320017,24364,RUB,Нет,КОБОР,Промышленная мебель,Стеллажи,https://entero.ru/item/373849,"<p>Стеллаж <a style=""text-decoration:none;cursor:text;"" href=""http://entero.ru/item/373849""><b class=""b"">Kobor Expert MR4-150/60</b></a> предназначен для хранения инструментов, инвентаря, комплектующих, расходных материалов, штучных изделий или тарированных мелких грузов в производственных, складских и подсобных помещениях предприятий различных отраслей, мастерских и гаражах, а также для хранения документации в офисах и архивах. Модель оснащена 4 сплошными полками. Полки выполнены из стали с покрытием порошковой краской черного цвета (RAL 9005) с текстурой муар и усилены подштамповками, каркасные стойки – из стального профиля с порошковой краской светло-серого оттенка (RAL 7035) с текстурой муар.</p>

<p><b>Особенности:</b></p>

<ul>
<li>Разборная конструкция</li>
<li>Регулировка высоты полок</li>
<li>Регулируемые по высоте подпятники для компенсации неровностей пола</li>
<li>Повышенные жесткость и устойчивость конструкции</li>
<li>Износостойкое антикоррозийное покрытие</li>
<li>Быстрые сборка и демонтаж</li>
<li>Эргономичный минималистичный дизайн</li>
</ul>

<p><b>Дополнительные характеристики:</b></p>

<ul>
<li>Толщина стали:
<ul>
<li>Полки: 1,2 мм</li>
<li>Каркасные стойки: 2 мм</li>
</ul>
</li>
</ul>

<p><em><span style=""color:#FF0000;"">Внимание! На фото аналогичная модель другого размера.</span></em></p>",373849,1500 мм,600 мм,1800 мм,0,Россия,Россия,сплошные
https://cdn.entero.ru/mp@2x/14/b1/14b171c664a856c9e912cf41c79489e2.jpg;https://cdn.entero.ru/mp@2x/20/79/20792eaa3d33cb99f978e83ce5c1143b.jpg;https://cdn.entero.ru/mp@2x/c1/1e/c11e77ad389934f6bf72b79ae5d4045d.jpg,Стеллаж производственный КОБОР Expert MR4-180/50,320012,24581,RUB,Нет,КОБОР,Промышленная мебель,Стеллажи,https://entero.ru/item/373844,"<p>Стеллаж <a style=""text-decoration:none;cursor:text;"" href=""http://entero.ru/item/373844""><b class=""b"">Kobor Expert MR4-180/50</b></a> предназначен для хранения инструментов, инвентаря, комплектующих, расходных материалов, штучных изделий или тарированных мелких грузов в производственных, складских и подсобных помещениях предприятий различных отраслей, мастерских и гаражах, а также для хранения документации в офисах и архивах. Модель оснащена 4 сплошными полками. Полки выполнены из стали с покрытием порошковой краской черного цвета (RAL 9005) с текстурой муар и усилены подштамповками, каркасные стойки – из стального профиля с порошковой краской светло-серого оттенка (RAL 7035) с текстурой муар.</p>

<p><b>Особенности:</b></p>

<ul>
<li>Разборная конструкция</li>
<li>Регулировка высоты полок</li>
<li>Регулируемые по высоте подпятники для компенсации неровностей пола</li>
<li>Повышенные жесткость и устойчивость конструкции</li>
<li>Износостойкое антикоррозийное покрытие</li>
<li>Быстрые сборка и демонтаж</li>
<li>Эргономичный минималистичный дизайн</li>
</ul>

<p><b>Дополнительные характеристики:</b></p>

<ul>
<li>Толщина стали:
<ul>
<li>Полки: 1,2 мм</li>
<li>Каркасные стойки: 2 мм</li>
</ul>
</li>
</ul>

<p><em><span style=""color:#FF0000;"">Внимание! На фото аналогичная модель другого размера.</span></em></p>",373844,1800 мм,500 мм,1800 мм,0,Россия,Россия,сплошные
https://cdn.entero.ru/mp@2x/bc/19/bc19538fd8f763b96e54b57384dcb346.jpg;https://cdn.entero.ru/mp@2x/d9/15/d9153200c2d3f8588de5f778aadde911.jpg;https://cdn.entero.ru/mp@2x/ab/18/ab18ef1edef44930d6af273de38da2dc.jpg,Стеллаж производственный КОБОР Expert MRP4-150/60,320035,25010,RUB,Нет,КОБОР,Промышленная мебель,Стеллажи,https://entero.ru/item/373867,"<p>Стеллаж <a style=""text-decoration:none;cursor:text;"" href=""http://entero.ru/item/373867""><b class=""b"">Kobor Expert MRP4-150/60</b></a> предназначен для хранения инструментов, инвентаря, комплектующих, расходных материалов, штучных изделий или тарированных мелких грузов в производственных, складских и подсобных помещениях предприятий различных отраслей, мастерских и гаражах, а также для хранения документации в офисах и архивах. Модель оснащена 4 перфорированными полками. Полки выполнены из стали с продольным усилением и покрытием порошковой краской черного цвета (RAL 9005) с текстурой муар, каркасные стойки – из стального профиля с порошковой краской светло-серого оттенка (RAL 7035) с текстурой муар.</p>

<p><b>Особенности:</b></p>

<ul>
<li>Разборная конструкция</li>
<li>Регулировка высоты полок</li>
<li>Регулируемые по высоте подпятники для компенсации неровностей пола</li>
<li>Оптимальная вентиляция, предотвращение накопления пыли и влаги благодаря перфорированной конструкции полок</li>
<li>Повышенные жесткость и устойчивость конструкции</li>
<li>Износостойкое антикоррозийное покрытие</li>
<li>Быстрые сборка и демонтаж</li>
<li>Эргономичный минималистичный дизайн</li>
</ul>

<p><b>Дополнительные характеристики:</b></p>

<ul>
<li>Толщина стали:
<ul>
<li>Полки: 1,2 мм</li>
<li>Каркасные стойки: 2 мм</li>
</ul>
</li>
</ul>

<p><em><span style=""color:#FF0000;"">Внимание! На фото аналогичная модель другого размера.</span></em></p>",373867,1500 мм,600 мм,1800 мм,0,Россия,Россия,перфорированные
https://cdn.entero.ru/mp@2x/2c/c0/2cc0eb230e81555857352b70b1eb0309.jpg;https://cdn.entero.ru/mp@2x/e9/33/e933ae18f80135ba4e6c9fbd95a2dbf5.jpg;https://cdn.entero.ru/mp@2x/a1/79/a17980c1a498e370f4795fa5b8fc275f.jpg,Стеллаж производственный КОБОР Expert MRP4-180/50,320030,25236,RUB,Нет,КОБОР,Промышленная мебель,Стеллажи,https://entero.ru/item/373862,"<p>Стеллаж <a style=""text-decoration:none;cursor:text;"" href=""http://entero.ru/item/373862""><b class=""b"">Kobor Expert MRP4-180/50</b></a> предназначен для хранения инструментов, инвентаря, комплектующих, расходных материалов, штучных изделий или тарированных мелких грузов в производственных, складских и подсобных помещениях предприятий различных отраслей, мастерских и гаражах, а также для хранения документации в офисах и архивах. Модель оснащена 4 перфорированными полками. Полки выполнены из стали с продольным усилением и покрытием порошковой краской черного цвета (RAL 9005) с текстурой муар, каркасные стойки – из стального профиля с порошковой краской светло-серого оттенка (RAL 7035) с текстурой муар.</p>

<p><b>Особенности:</b></p>

<ul>
<li>Разборная конструкция</li>
<li>Регулировка высоты полок</li>
<li>Регулируемые по высоте подпятники для компенсации неровностей пола</li>
<li>Оптимальная вентиляция, предотвращение накопления пыли и влаги благодаря перфорированной конструкции полок</li>
<li>Повышенные жесткость и устойчивость конструкции</li>
<li>Износостойкое антикоррозийное покрытие</li>
<li>Быстрые сборка и демонтаж</li>
<li>Эргономичный минималистичный дизайн</li>
</ul>

<p><b>Дополнительные характеристики:</b></p>

<ul>
<li>Толщина стали:
<ul>
<li>Полки: 1,2 мм</li>
<li>Каркасные стойки: 2 мм</li>
</ul>
</li>
</ul>

<p><em><span style=""color:#FF0000;"">Внимание! На фото аналогичная модель другого размера.</span></em></p>",373862,1800 мм,500 мм,1800 мм,0,Россия,Россия,перфорированные
https://cdn.entero.ru/mp@2x/1b/e9/1be9dacfe9bb73b60d1bd6151a7cc49a.jpg;https://cdn.entero.ru/mp@2x/99/f3/99f35e21419c56d4429b8b54adbd5b8b.jpg;https://cdn.entero.ru/mp@2x/68/f2/68f2aef4f13944d36e5e5e91cea37701.jpg,Стеллаж производственный КОБОР Expert MR4-180/60,320018,27118,RUB,Нет,КОБОР,Промышленная мебель,Стеллажи,https://entero.ru/item/373850,"<p>Стеллаж <a style=""text-decoration:none;cursor:text;"" href=""http://entero.ru/item/373850""><b class=""b"">Kobor Expert MR4-180/60</b></a> предназначен для хранения инструментов, инвентаря, комплектующих, расходных материалов, штучных изделий или тарированных мелких грузов в производственных, складских и подсобных помещениях предприятий различных отраслей, мастерских и гаражах, а также для хранения документации в офисах и архивах. Модель оснащена 4 сплошными полками. Полки выполнены из стали с покрытием порошковой краской черного цвета (RAL 9005) с текстурой муар и усилены подштамповками, каркасные стойки – из стального профиля с порошковой краской светло-серого оттенка (RAL 7035) с текстурой муар.</p>

<p><b>Особенности:</b></p>

<ul>
<li>Разборная конструкция</li>
<li>Регулировка высоты полок</li>
<li>Регулируемые по высоте подпятники для компенсации неровностей пола</li>
<li>Повышенные жесткость и устойчивость конструкции</li>
<li>Износостойкое антикоррозийное покрытие</li>
<li>Быстрые сборка и демонтаж</li>
<li>Эргономичный минималистичный дизайн</li>
</ul>

<p><b>Дополнительные характеристики:</b></p>

<ul>
<li>Толщина стали:
<ul>
<li>Полки: 1,2 мм</li>
<li>Каркасные стойки: 2 мм</li>
</ul>
</li>
</ul>

<p><em><span style=""color:#FF0000;"">Внимание! На фото аналогичная модель другого размера.</span></em></p>",373850,1800 мм,600 мм,1800 мм,0,Россия,Россия,сплошные
https://cdn.entero.ru/mp@2x/7e/b0/7eb0083c3e5cb3b72b1674cd545ca929.jpg;https://cdn.entero.ru/mp@2x/ee/20/ee20d2b95b2e2112c400eabac2fa89c4.jpg;https://cdn.entero.ru/mp@2x/0d/cc/0dcc8a558d0d31fcbbf84471ae9d14a7.jpg,Стеллаж производственный КОБОР Expert MRP4-180/60,320036,27823,RUB,Нет,КОБОР,Промышленная мебель,Стеллажи,https://entero.ru/item/373868,"<p>Стеллаж <a style=""text-decoration:none;cursor:text;"" href=""http://entero.ru/item/373868""><b class=""b"">Kobor Expert MRP4-180/60</b></a> предназначен для хранения инструментов, инвентаря, комплектующих, расходных материалов, штучных изделий или тарированных мелких грузов в производственных, складских и подсобных помещениях предприятий различных отраслей, мастерских и гаражах, а также для хранения документации в офисах и архивах. Модель оснащена 4 перфорированными полками. Полки выполнены из стали с продольным усилением и покрытием порошковой краской черного цвета (RAL 9005) с текстурой муар, каркасные стойки – из стального профиля с порошковой краской светло-серого оттенка (RAL 7035) с текстурой муар.</p>

<p><b>Особенности:</b></p>

<ul>
<li>Разборная конструкция</li>
<li>Регулировка высоты полок</li>
<li>Регулируемые по высоте подпятники для компенсации неровностей пола</li>
<li>Оптимальная вентиляция, предотвращение накопления пыли и влаги благодаря перфорированной конструкции полок</li>
<li>Повышенные жесткость и устойчивость конструкции</li>
<li>Износостойкое антикоррозийное покрытие</li>
<li>Быстрые сборка и демонтаж</li>
<li>Эргономичный минималистичный дизайн</li>
</ul>

<p><b>Дополнительные характеристики:</b></p>

<ul>
<li>Толщина стали:
<ul>
<li>Полки: 1,2 мм</li>
<li>Каркасные стойки: 2 мм</li>
</ul>
</li>
</ul>

<p><em><span style=""color:#FF0000;"">Внимание! На фото аналогичная модель другого размера.</span></em></p>",373868,1800 мм,600 мм,1800 мм,0,Россия,Россия,перфорированные
